"../../../Engine/Content/Tutorial/ContentIntroCurve.uasset" 0
"../../../Engine/Content/Tutorial/ContentIntroCurve.uexp" 1
"../../../Engine/Content/MobileResources/HUD/VirtualJoystick_Background.uasset" 2
"../../../Engine/Content/MobileResources/HUD/VirtualJoystick_Background.uexp" 3
"../../../Engine/Content/MobileResources/HUD/VirtualJoystick_Thumb.uasset" 4
"../../../Engine/Content/MobileResources/HUD/VirtualJoystick_Thumb.uexp" 5
"../../../Engine/Content/MobileResources/HUD/DefaultVirtualJoysticks.uasset" 6
"../../../Engine/Content/MobileResources/HUD/DefaultVirtualJoysticks.uexp" 7
"../../../Engine/Content/VREditor/TransformGizmo/Main.uasset" 8
"../../../Engine/Content/VREditor/TransformGizmo/Main.uexp" 9
"../../../Engine/Content/VREditor/TransformGizmo/Xray.uasset" 10
"../../../Engine/Content/VREditor/TransformGizmo/Xray.uexp" 11
"../../../Engine/Content/VREditor/TransformGizmo/SM_Sequencer_Node.ubulk" 12
"../../../Engine/Content/VREditor/TransformGizmo/SM_Sequencer_Node.uasset" 13
"../../../Engine/Content/VREditor/TransformGizmo/SM_Sequencer_Node.uexp" 14
"../../../Engine/Content/VREditor/LaserPointer/VR_LaserPower_01.ubulk" 15
"../../../Engine/Content/VREditor/LaserPointer/VR_LaserPower_01.uasset" 16
"../../../Engine/Content/VREditor/LaserPointer/VR_LaserPower_01.uexp" 17
"../../../Engine/Content/VREditor/TransformGizmo/TransformGizmoMaterial.uasset" 18
"../../../Engine/Content/VREditor/TransformGizmo/TransformGizmoMaterial.uexp" 19
"../../../Engine/Content/VREditor/TransformGizmo/TranslucentTransformGizmoMaterial.uasset" 20
"../../../Engine/Content/VREditor/TransformGizmo/TranslucentTransformGizmoMaterial.uexp" 21
"../../../Engine/Content/VREditor/TransformGizmo/PlaneTranslationHandle.ubulk" 22
"../../../Engine/Content/VREditor/TransformGizmo/PlaneTranslationHandle.uasset" 23
"../../../Engine/Content/VREditor/TransformGizmo/PlaneTranslationHandle.uexp" 24
"../../../Engine/Content/VREditor/TransformGizmo/BoundingBoxEdge.ubulk" 25
"../../../Engine/Content/VREditor/TransformGizmo/BoundingBoxEdge.uasset" 26
"../../../Engine/Content/VREditor/TransformGizmo/BoundingBoxEdge.uexp" 27
"../../../Engine/Content/VREditor/TransformGizmo/BoundingBoxCorner.ubulk" 28
"../../../Engine/Content/VREditor/TransformGizmo/BoundingBoxCorner.uasset" 29
"../../../Engine/Content/VREditor/TransformGizmo/BoundingBoxCorner.uexp" 30
"../../../Engine/Content/Functions/Engine_MaterialFunctions01/Shading/PowerToRoughness.uasset" 31
"../../../Engine/Content/Functions/Engine_MaterialFunctions01/Shading/PowerToRoughness.uexp" 32
"../../../Engine/Content/Functions/Engine_MaterialFunctions01/Shading/ConvertFromDiffSpec.uasset" 33
"../../../Engine/Content/Functions/Engine_MaterialFunctions01/Shading/ConvertFromDiffSpec.uexp" 34
"../../../Engine/Content/EngineSounds/Master.uasset" 35
"../../../Engine/Content/EngineSounds/Master.uexp" 36
"../../../Engine/Content/EngineSky/VolumetricClouds/CloudWeatherTexture.uasset" 37
"../../../Engine/Content/EngineSky/VolumetricClouds/CloudWeatherTexture.uexp" 38
"../../../Engine/Content/Functions/Engine_MaterialFunctions02/Utility/MakeFloat2.uasset" 39
"../../../Engine/Content/Functions/Engine_MaterialFunctions02/Utility/MakeFloat2.uexp" 40
"../../../Engine/Content/EngineSky/VolumetricClouds/CloudGradientTexture.uasset" 41
"../../../Engine/Content/EngineSky/VolumetricClouds/CloudGradientTexture.uexp" 42
"../../../Engine/Content/EngineSky/VolumetricClouds/T_NoiseShape64.ubulk" 43
"../../../Engine/Content/EngineSky/VolumetricClouds/T_NoiseShape64.uasset" 44
"../../../Engine/Content/EngineSky/VolumetricClouds/T_NoiseShape64.uexp" 45
"../../../Engine/Content/EngineSky/VolumetricClouds/T_VolumeNoiseShape64.uasset" 46
"../../../Engine/Content/EngineSky/VolumetricClouds/T_VolumeNoiseShape64.uexp" 47
"../../../Engine/Content/EngineSky/VolumetricClouds/T_NoiseErosion.ubulk" 48
"../../../Engine/Content/EngineSky/VolumetricClouds/T_NoiseErosion.uasset" 49
"../../../Engine/Content/EngineSky/VolumetricClouds/T_NoiseErosion.uexp" 50
"../../../Engine/Content/EngineSky/VolumetricClouds/T_VolumeNoiseErosion32.uasset" 51
"../../../Engine/Content/EngineSky/VolumetricClouds/T_VolumeNoiseErosion32.uexp" 52
"../../../Engine/Content/EngineSky/VolumetricClouds/m_SimpleVolumetricCloud.uasset" 53
"../../../Engine/Content/EngineSky/VolumetricClouds/m_SimpleVolumetricCloud.uexp" 54
"../../../Engine/Content/EngineSky/VolumetricClouds/m_SimpleVolumetricCloud_Inst.uasset" 55
"../../../Engine/Content/EngineSky/VolumetricClouds/m_SimpleVolumetricCloud_Inst.uexp" 56
"../../../Engine/Content/EngineResources/GradientTexture0.uasset" 57
"../../../Engine/Content/EngineResources/GradientTexture0.uexp" 58
"../../../Engine/Content/EngineResources/DefaultVolumeTexture2D.uasset" 59
"../../../Engine/Content/EngineResources/DefaultVolumeTexture2D.uexp" 60
"../../../Engine/Content/EngineResources/DefaultVolumeTexture.uasset" 61
"../../../Engine/Content/EngineResources/DefaultVolumeTexture.uexp" 62
"../../../Engine/Content/EngineResources/DefaultTextureCube.uasset" 63
"../../../Engine/Content/EngineResources/DefaultTextureCube.uexp" 64
"../../../Engine/Content/EngineResources/DefaultTexture.ubulk" 65
"../../../Engine/Content/EngineResources/DefaultTexture.uasset" 66
"../../../Engine/Content/EngineResources/DefaultTexture.uexp" 67
"../../../Engine/Content/EngineResources/FilmGrains/Marcie_Grain_v3_128_M2_000.uasset" 68
"../../../Engine/Content/EngineResources/FilmGrains/Marcie_Grain_v3_128_M2_000.uexp" 69
"../../../Engine/Content/EngineMeshes/Sphere.ubulk" 70
"../../../Engine/Content/EngineMeshes/Sphere.uasset" 71
"../../../Engine/Content/EngineMeshes/Sphere.uexp" 72
"../../../Engine/Content/EngineResources/WhiteSquareTexture.uasset" 73
"../../../Engine/Content/EngineResources/WhiteSquareTexture.uexp" 74
"../../../Engine/Content/EngineMaterials/Widget3DPassThrough.uasset" 75
"../../../Engine/Content/EngineMaterials/Widget3DPassThrough.uexp" 76
"../../../Engine/Content/EngineMaterials/Widget3DPassThrough_Translucent.uasset" 77
"../../../Engine/Content/EngineMaterials/Widget3DPassThrough_Translucent.uexp" 78
"../../../Engine/Content/EngineMaterials/Widget3DPassThrough_Translucent_OneSided.uasset" 79
"../../../Engine/Content/EngineMaterials/Widget3DPassThrough_Translucent_OneSided.uexp" 80
"../../../Engine/Content/EngineMaterials/Widget3DPassThrough_Opaque.uasset" 81
"../../../Engine/Content/EngineMaterials/Widget3DPassThrough_Opaque.uexp" 82
"../../../Engine/Content/EngineMaterials/Widget3DPassThrough_Opaque_OneSided.uasset" 83
"../../../Engine/Content/EngineMaterials/Widget3DPassThrough_Opaque_OneSided.uexp" 84
"../../../Engine/Content/EngineMaterials/Widget3DPassThrough_Masked_OneSided.uasset" 85
"../../../Engine/Content/EngineMaterials/Widget3DPassThrough_Masked_OneSided.uexp" 86
"../../../Engine/Content/EngineMaterials/Widget3DPassThrough_Masked.uasset" 87
"../../../Engine/Content/EngineMaterials/Widget3DPassThrough_Masked.uexp" 88
"../../../Engine/Content/EngineMaterials/WeightMapPlaceholderTexture.uasset" 89
"../../../Engine/Content/EngineMaterials/WeightMapPlaceholderTexture.uexp" 90
"../../../Engine/Content/EngineMaterials/RemoveSurfaceMaterial.uasset" 91
"../../../Engine/Content/EngineMaterials/RemoveSurfaceMaterial.uexp" 92
"../../../Engine/Content/EngineMaterials/PreintegratedSkinBRDF.uasset" 93
"../../../Engine/Content/EngineMaterials/PreintegratedSkinBRDF.uexp" 94
"../../../Engine/Content/EngineMaterials/DefaultCalibrationGrayscale.uasset" 95
"../../../Engine/Content/EngineMaterials/DefaultCalibrationGrayscale.uexp" 96
"../../../Engine/Content/EngineMaterials/PPM_DefaultCalibrationGrayscale.uasset" 97
"../../../Engine/Content/EngineMaterials/PPM_DefaultCalibrationGrayscale.uexp" 98
"../../../Engine/Content/EngineMaterials/DefaultCalibrationColor.uasset" 99
"../../../Engine/Content/EngineMaterials/DefaultCalibrationColor.uexp" 100
"../../../Engine/Content/EngineMaterials/PPM_DefaultCalibrationColor.uasset" 101
"../../../Engine/Content/EngineMaterials/PPM_DefaultCalibrationColor.uexp" 102
"../../../Engine/Content/Functions/Engine_MaterialFunctions02/WorldPositionOffset/CameraOffset.uasset" 103
"../../../Engine/Content/Functions/Engine_MaterialFunctions02/WorldPositionOffset/CameraOffset.uexp" 104
"../../../Engine/Content/EngineMaterials/PhAT_JointLimitMaterial.uasset" 105
"../../../Engine/Content/EngineMaterials/PhAT_JointLimitMaterial.uexp" 106
"../../../Engine/Content/EngineMaterials/InvalidLightmapSettings.ubulk" 107
"../../../Engine/Content/EngineMaterials/InvalidLightmapSettings.uasset" 108
"../../../Engine/Content/EngineMaterials/InvalidLightmapSettings.uexp" 109
"../../../Engine/Content/EngineMaterials/M_InvalidLightmapSettings.uasset" 110
"../../../Engine/Content/EngineMaterials/M_InvalidLightmapSettings.uexp" 111
"../../../Engine/Content/EngineMaterials/MiniFont.uasset" 112
"../../../Engine/Content/EngineMaterials/MiniFont.uexp" 113
"../../../Engine/Content/EngineMaterials/Good64x64TilingNoiseHighFreq.uasset" 114
"../../../Engine/Content/EngineMaterials/Good64x64TilingNoiseHighFreq.uexp" 115
"../../../Engine/Content/EngineMaterials/GizmoMaterial.uasset" 116
"../../../Engine/Content/EngineMaterials/GizmoMaterial.uexp" 117
"../../../Engine/Content/EngineMaterials/BaseFlattenEmissiveMap_VT.uasset" 118
"../../../Engine/Content/EngineMaterials/BaseFlattenEmissiveMap_VT.uexp" 119
"../../../Engine/Content/EngineMaterials/BaseFlattenGrayscaleMap_VT.uasset" 120
"../../../Engine/Content/EngineMaterials/BaseFlattenGrayscaleMap_VT.uexp" 121
"../../../Engine/Content/EngineMaterials/BaseFlattenLinearColor_VT.uasset" 122
"../../../Engine/Content/EngineMaterials/BaseFlattenLinearColor_VT.uexp" 123
"../../../Engine/Content/EngineMaterials/Black_1x1_EXR_Texture_VT.uasset" 124
"../../../Engine/Content/EngineMaterials/Black_1x1_EXR_Texture_VT.uexp" 125
"../../../Engine/Content/EngineMaterials/BaseFlattenDiffuseMap_VT.uasset" 126
"../../../Engine/Content/EngineMaterials/BaseFlattenDiffuseMap_VT.uexp" 127
"../../../Engine/Content/EngineMaterials/BaseFlattenNormalMap_VT.uasset" 128
"../../../Engine/Content/EngineMaterials/BaseFlattenNormalMap_VT.uexp" 129
"../../../Engine/Content/EngineMaterials/FlattenMaterial_WS_Normal_VT.uasset" 130
"../../../Engine/Content/EngineMaterials/FlattenMaterial_WS_Normal_VT.uexp" 131
"../../../Engine/Content/EngineMaterials/FlattenMaterial_VT.uasset" 132
"../../../Engine/Content/EngineMaterials/FlattenMaterial_VT.uexp" 133
"../../../Engine/Content/EngineMaterials/BaseFlattenNormalMap.uasset" 134
"../../../Engine/Content/EngineMaterials/BaseFlattenNormalMap.uexp" 135
"../../../Engine/Content/EngineMaterials/BaseFlattenGrayscaleMap.uasset" 136
"../../../Engine/Content/EngineMaterials/BaseFlattenGrayscaleMap.uexp" 137
"../../../Engine/Content/EngineMaterials/BaseFlattenDiffuseMap.uasset" 138
"../../../Engine/Content/EngineMaterials/BaseFlattenDiffuseMap.uexp" 139
"../../../Engine/Content/Functions/Engine_MaterialFunctions02/PivotPainter2/Black_1x1_EXR_Texture.uasset" 140
"../../../Engine/Content/Functions/Engine_MaterialFunctions02/PivotPainter2/Black_1x1_EXR_Texture.uexp" 141
"../../../Engine/Content/EngineMaterials/BaseFlattenEmissiveMap.uasset" 142
"../../../Engine/Content/EngineMaterials/BaseFlattenEmissiveMap.uexp" 143
"../../../Engine/Content/EngineMaterials/BaseFlattenLinearColor.uasset" 144
"../../../Engine/Content/EngineMaterials/BaseFlattenLinearColor.uexp" 145
"../../../Engine/Content/EngineMaterials/FlattenMaterial.uasset" 146
"../../../Engine/Content/EngineMaterials/FlattenMaterial.uexp" 147
"../../../Engine/Content/EngineMaterials/DefaultWhiteGrid_Low.uasset" 148
"../../../Engine/Content/EngineMaterials/DefaultWhiteGrid_Low.uexp" 149
"../../../Engine/Content/EngineMaterials/EmissiveMeshMaterial.uasset" 150
"../../../Engine/Content/EngineMaterials/EmissiveMeshMaterial.uexp" 151
"../../../Engine/Content/EngineMaterials/DefaultWhiteGrid.ubulk" 152
"../../../Engine/Content/EngineMaterials/DefaultWhiteGrid.uasset" 153
"../../../Engine/Content/EngineMaterials/DefaultWhiteGrid.uexp" 154
"../../../Engine/Content/EngineFonts/RobotoDistanceField.uasset" 155
"../../../Engine/Content/EngineFonts/RobotoDistanceField.uexp" 156
"../../../Engine/Content/EngineMaterials/DefaultTextMaterialOpaque.uasset" 157
"../../../Engine/Content/EngineMaterials/DefaultTextMaterialOpaque.uexp" 158
"../../../Engine/Content/EngineMaterials/DefaultDiffuse.ubulk" 159
"../../../Engine/Content/EngineMaterials/DefaultDiffuse.uasset" 160
"../../../Engine/Content/EngineMaterials/DefaultDiffuse.uexp" 161
"../../../Engine/Content/Functions/Engine_MaterialFunctions02/Utility/BreakOutFloat2Components.uasset" 162
"../../../Engine/Content/Functions/Engine_MaterialFunctions02/Utility/BreakOutFloat2Components.uexp" 163
"../../../Engine/Content/EngineMaterials/DefaultPostProcessMaterial.uasset" 164
"../../../Engine/Content/EngineMaterials/DefaultPostProcessMaterial.uexp" 165
"../../../Engine/Content/EngineMaterials/DefaultLightFunctionMaterial.uasset" 166
"../../../Engine/Content/EngineMaterials/DefaultLightFunctionMaterial.uexp" 167
"../../../Engine/Content/EngineMaterials/DefaultDestructiblePhysicalMaterial.uasset" 168
"../../../Engine/Content/EngineMaterials/DefaultDestructiblePhysicalMaterial.uexp" 169
"../../../Engine/Content/EngineMaterials/DefaultDeferredDecalMaterial.uasset" 170
"../../../Engine/Content/EngineMaterials/DefaultDeferredDecalMaterial.uexp" 171
"../../../Engine/Content/EngineMaterials/DefaultBokeh.uasset" 172
"../../../Engine/Content/EngineMaterials/DefaultBokeh.uexp" 173
"../../../Engine/Content/EngineMaterials/DefaultBloomKernel.uasset" 174
"../../../Engine/Content/EngineMaterials/DefaultBloomKernel.uexp" 175
"../../../Engine/Content/EngineMaterials/BlueNoise.uasset" 176
"../../../Engine/Content/EngineMaterials/BlueNoise.uexp" 177
"../../../Engine/Content/EngineFonts/Faces/RobotoLight.uexp" 178
"../../../Engine/Content/EngineFonts/Faces/RobotoLight.uasset" 179
"../../../Engine/Content/EngineFonts/Faces/RobotoLight.ufont" 180
"../../../Engine/Content/EngineFonts/Faces/RobotoBold.uexp" 181
"../../../Engine/Content/EngineFonts/Faces/RobotoBold.uasset" 182
"../../../Engine/Content/EngineFonts/Faces/RobotoBold.ufont" 183
"../../../Engine/Content/EngineFonts/Faces/RobotoRegular.uexp" 184
"../../../Engine/Content/EngineFonts/Faces/RobotoRegular.uasset" 185
"../../../Engine/Content/EngineFonts/Faces/RobotoRegular.ufont" 186
"../../../Engine/Content/EngineFonts/Faces/DroidSansFallback.uexp" 187
"../../../Engine/Content/EngineFonts/Faces/DroidSansFallback.uasset" 188
"../../../Engine/Content/EngineFonts/Faces/DroidSansFallback.ufont" 189
"../../../Engine/Content/EngineFonts/Faces/RobotoItalic.uexp" 190
"../../../Engine/Content/EngineFonts/Faces/RobotoItalic.uasset" 191
"../../../Engine/Content/EngineFonts/Faces/RobotoItalic.ufont" 192
"../../../Engine/Content/EngineFonts/Faces/RobotoBoldItalic.uexp" 193
"../../../Engine/Content/EngineFonts/Faces/RobotoBoldItalic.uasset" 194
"../../../Engine/Content/EngineFonts/Faces/RobotoBoldItalic.ufont" 195
"../../../Engine/Content/EngineFonts/Roboto.uasset" 196
"../../../Engine/Content/EngineFonts/Roboto.uexp" 197
"../../../Engine/Content/Functions/Engine_MaterialFunctions02/Utility/CameraDirectionVector.uasset" 198
"../../../Engine/Content/Functions/Engine_MaterialFunctions02/Utility/CameraDirectionVector.uexp" 199
"../../../Engine/Content/EngineDebugMaterials/VolumeToRender.uasset" 200
"../../../Engine/Content/EngineDebugMaterials/VolumeToRender.uexp" 201
"../../../Engine/Content/EngineDebugMaterials/M_VolumeRenderSphereTracePP.uasset" 202
"../../../Engine/Content/EngineDebugMaterials/M_VolumeRenderSphereTracePP.uexp" 203
"../../../Engine/Content/EngineDebugMaterials/M_SimpleUnlitTranslucent.uasset" 204
"../../../Engine/Content/EngineDebugMaterials/M_SimpleUnlitTranslucent.uexp" 205
"../../../Engine/Content/EngineDebugMaterials/DebugMeshMaterial.uasset" 206
"../../../Engine/Content/EngineDebugMaterials/DebugMeshMaterial.uexp" 207
"../../../Engine/Content/EngineDebugMaterials/DebugEditorMaterial.uasset" 208
"../../../Engine/Content/EngineDebugMaterials/DebugEditorMaterial.uexp" 209
"../../../Engine/Content/EngineDamageTypes/DmgTypeBP_Environmental.uasset" 210
"../../../Engine/Content/EngineDamageTypes/DmgTypeBP_Environmental.uexp" 211
"../../../Engine/Content/EditorResources/S_TriggerSphere.uasset" 212
"../../../Engine/Content/EditorResources/S_TriggerSphere.uexp" 213
"../../../Engine/Content/EditorResources/S_TriggerCapsule.uasset" 214
"../../../Engine/Content/EditorResources/S_TriggerCapsule.uexp" 215
"../../../Engine/Content/EditorResources/S_TriggerBox.uasset" 216
"../../../Engine/Content/EditorResources/S_TriggerBox.uexp" 217
"../../../Engine/Content/EditorResources/S_Trigger.ubulk" 218
"../../../Engine/Content/EditorResources/S_Trigger.uasset" 219
"../../../Engine/Content/EditorResources/S_Trigger.uexp" 220
"../../../Engine/Content/EditorResources/S_Terrain.ubulk" 221
"../../../Engine/Content/EditorResources/S_Terrain.uasset" 222
"../../../Engine/Content/EditorResources/S_Terrain.uexp" 223
"../../../Engine/Content/EditorResources/S_Solver.ubulk" 224
"../../../Engine/Content/EditorResources/S_Solver.uasset" 225
"../../../Engine/Content/EditorResources/S_Solver.uexp" 226
"../../../Engine/Content/EditorResources/S_BoxReflectionCapture.uasset" 227
"../../../Engine/Content/EditorResources/S_BoxReflectionCapture.uexp" 228
"../../../Engine/Content/EditorResources/S_Actor.ubulk" 229
"../../../Engine/Content/EditorResources/S_Actor.uasset" 230
"../../../Engine/Content/EditorResources/S_Actor.uexp" 231
"../../../Engine/Content/EditorResources/EmptyActor.uasset" 232
"../../../Engine/Content/EditorResources/EmptyActor.uexp" 233
"../../../Engine/Content/EditorResources/BSPVertex.uasset" 234
"../../../Engine/Content/EditorResources/BSPVertex.uexp" 235
"../../../Engine/Content/EditorResources/SequenceRecorder/RecordingIndicator.uasset" 236
"../../../Engine/Content/EditorResources/SequenceRecorder/RecordingIndicator.uexp" 237
"../../../Engine/Content/EditorResources/SequenceRecorder/Countdown.uasset" 238
"../../../Engine/Content/EditorResources/SequenceRecorder/Countdown.uexp" 239
"../../../Engine/Content/EditorResources/LightIcons/S_LightError.uasset" 240
"../../../Engine/Content/EditorResources/LightIcons/S_LightError.uexp" 241
"../../../Engine/Content/EditorResources/AudioIcons/S_AudioComponent_AutoActivate.uasset" 242
"../../../Engine/Content/EditorResources/AudioIcons/S_AudioComponent_AutoActivate.uexp" 243
"../../../Engine/Content/EditorMaterials/Camera/CineMat.uasset" 244
"../../../Engine/Content/EditorMaterials/Camera/CineMat.uexp" 245
"../../../Engine/Content/EditorMaterials/Camera/MI_CineMat_Rig.uasset" 246
"../../../Engine/Content/EditorMaterials/Camera/MI_CineMat_Rig.uexp" 247
"../../../Engine/Content/EditorMeshes/Camera/SM_RailRig_Track.ubulk" 248
"../../../Engine/Content/EditorMeshes/Camera/SM_RailRig_Track.uasset" 249
"../../../Engine/Content/EditorMeshes/Camera/SM_RailRig_Track.uexp" 250
"../../../Engine/Content/EditorMeshes/Camera/SM_RailRig_Mount.ubulk" 251
"../../../Engine/Content/EditorMeshes/Camera/SM_RailRig_Mount.uasset" 252
"../../../Engine/Content/EditorMeshes/Camera/SM_RailRig_Mount.uexp" 253
"../../../Engine/Content/EditorMeshes/Camera/SM_CraneRig_Mount.ubulk" 254
"../../../Engine/Content/EditorMeshes/Camera/SM_CraneRig_Mount.uasset" 255
"../../../Engine/Content/EditorMeshes/Camera/SM_CraneRig_Mount.uexp" 256
"../../../Engine/Content/EditorMeshes/Camera/SM_CraneRig_Body.ubulk" 257
"../../../Engine/Content/EditorMeshes/Camera/SM_CraneRig_Body.uasset" 258
"../../../Engine/Content/EditorMeshes/Camera/SM_CraneRig_Body.uexp" 259
"../../../Engine/Content/EditorMeshes/Camera/SM_CraneRig_Base.ubulk" 260
"../../../Engine/Content/EditorMeshes/Camera/SM_CraneRig_Base.uasset" 261
"../../../Engine/Content/EditorMeshes/Camera/SM_CraneRig_Base.uexp" 262
"../../../Engine/Content/EditorMeshes/Camera/SM_CraneRig_Arm.ubulk" 263
"../../../Engine/Content/EditorMeshes/Camera/SM_CraneRig_Arm.uasset" 264
"../../../Engine/Content/EditorMeshes/Camera/SM_CraneRig_Arm.uexp" 265
"../../../Engine/Content/EditorMaterials/PreviewShadowIndicator.ubulk" 266
"../../../Engine/Content/EditorMaterials/PreviewShadowIndicator.uasset" 267
"../../../Engine/Content/EditorMaterials/PreviewShadowIndicator.uexp" 268
"../../../Engine/Content/EditorMaterials/PreviewShadowIndicatorMaterial.uasset" 269
"../../../Engine/Content/EditorMaterials/PreviewShadowIndicatorMaterial.uexp" 270
"../../../Engine/Content/EditorMaterials/MAT_Groups_Visibility.uasset" 271
"../../../Engine/Content/EditorMaterials/MAT_Groups_Visibility.uexp" 272
"../../../Engine/Content/EditorMaterials/MAT_Groups_Toggle.uasset" 273
"../../../Engine/Content/EditorMaterials/MAT_Groups_Toggle.uexp" 274
"../../../Engine/Content/Functions/Engine_MaterialFunctions02/Utility/MakeFloat4.uasset" 275
"../../../Engine/Content/Functions/Engine_MaterialFunctions02/Utility/MakeFloat4.uexp" 276
"../../../Engine/Content/Functions/Engine_MaterialFunctions02/Utility/MakeFloat3.uasset" 277
"../../../Engine/Content/Functions/Engine_MaterialFunctions02/Utility/MakeFloat3.uexp" 278
"../../../Engine/Content/Functions/Engine_MaterialFunctions02/Utility/BreakOutFloat3Components.uasset" 279
"../../../Engine/Content/Functions/Engine_MaterialFunctions02/Utility/BreakOutFloat3Components.uexp" 280
"../../../Engine/Content/EditorMaterials/WorldPartition/WorldPartitionSpatialHashGridPreviewMaterial.uasset" 281
"../../../Engine/Content/EditorMaterials/WorldPartition/WorldPartitionSpatialHashGridPreviewMaterial.uexp" 282
"../../../Engine/Content/EditorMaterials/ParticleSystems/PSysThumbnail_OOD.ubulk" 283
"../../../Engine/Content/EditorMaterials/ParticleSystems/PSysThumbnail_OOD.uasset" 284
"../../../Engine/Content/EditorMaterials/ParticleSystems/PSysThumbnail_OOD.uexp" 285
"../../../Engine/Content/EditorMaterials/ParticleSystems/PSysThumbnail_NoImage.ubulk" 286
"../../../Engine/Content/EditorMaterials/ParticleSystems/PSysThumbnail_NoImage.uasset" 287
"../../../Engine/Content/EditorMaterials/ParticleSystems/PSysThumbnail_NoImage.uexp" 288
"../../../Engine/Content/EditorMaterials/MatineeGroups/MAT_Groups_Vector.uasset" 289
"../../../Engine/Content/EditorMaterials/MatineeGroups/MAT_Groups_Vector.uexp" 290
"../../../Engine/Content/EditorMaterials/MatineeGroups/MAT_Groups_Sound.uasset" 291
"../../../Engine/Content/EditorMaterials/MatineeGroups/MAT_Groups_Sound.uexp" 292
"../../../Engine/Content/EditorMaterials/MatineeGroups/MAT_Groups_Slomo.uasset" 293
"../../../Engine/Content/EditorMaterials/MatineeGroups/MAT_Groups_Slomo.uexp" 294
"../../../Engine/Content/EditorMaterials/MatineeGroups/MAT_Groups_Move.uasset" 295
"../../../Engine/Content/EditorMaterials/MatineeGroups/MAT_Groups_Move.uexp" 296
"../../../Engine/Content/EditorMaterials/MatineeGroups/MAT_Groups_Float.uasset" 297
"../../../Engine/Content/EditorMaterials/MatineeGroups/MAT_Groups_Float.uexp" 298
"../../../Engine/Content/EditorMaterials/MatineeGroups/MAT_Groups_Fade.uasset" 299
"../../../Engine/Content/EditorMaterials/MatineeGroups/MAT_Groups_Fade.uexp" 300
"../../../Engine/Content/EditorMaterials/MatineeGroups/MAT_Groups_Event.uasset" 301
"../../../Engine/Content/EditorMaterials/MatineeGroups/MAT_Groups_Event.uexp" 302
"../../../Engine/Content/EditorMaterials/MatineeGroups/MAT_Groups_Director.uasset" 303
"../../../Engine/Content/EditorMaterials/MatineeGroups/MAT_Groups_Director.uexp" 304
"../../../Engine/Content/EditorMaterials/MatineeGroups/MAT_Groups_AudioMaster.uasset" 305
"../../../Engine/Content/EditorMaterials/MatineeGroups/MAT_Groups_AudioMaster.uexp" 306
"../../../Engine/Content/EditorMaterials/MatineeGroups/MAT_Groups_Anim.uasset" 307
"../../../Engine/Content/EditorMaterials/MatineeGroups/MAT_Groups_Anim.uexp" 308
"../../../Engine/Content/EditorMaterials/MatineeGroups/MAT_ColorTrack.uasset" 309
"../../../Engine/Content/EditorMaterials/MatineeGroups/MAT_ColorTrack.uexp" 310
"../../../Engine/Content/EditorLandscapeResources/DefaultAlphaTexture.uasset" 311
"../../../Engine/Content/EditorLandscapeResources/DefaultAlphaTexture.uexp" 312
"../../../Engine/Content/EditorLandscapeResources/DataLayer.uasset" 313
"../../../Engine/Content/EditorLandscapeResources/DataLayer.uexp" 314
"../../../Engine/Content/EngineMaterials/T_Default_Material_Grid_M.ubulk" 315
"../../../Engine/Content/EngineMaterials/T_Default_Material_Grid_M.uasset" 316
"../../../Engine/Content/EngineMaterials/T_Default_Material_Grid_M.uexp" 317
"../../../Engine/Content/EngineMaterials/T_Default_Material_Grid_N.ubulk" 318
"../../../Engine/Content/EngineMaterials/T_Default_Material_Grid_N.uasset" 319
"../../../Engine/Content/EngineMaterials/T_Default_Material_Grid_N.uexp" 320
"../../../Engine/Content/Functions/Engine_MaterialFunctions01/Opacity/CameraDepthFade.uasset" 321
"../../../Engine/Content/Functions/Engine_MaterialFunctions01/Opacity/CameraDepthFade.uexp" 322
"../../../Engine/Content/EngineMaterials/DefaultMaterial.uasset" 323
"../../../Engine/Content/EngineMaterials/DefaultMaterial.uexp" 324
"../../../Engine/Content/BasicShapes/Cylinder.ubulk" 325
"../../../Engine/Content/BasicShapes/Cylinder.uasset" 326
"../../../Engine/Content/BasicShapes/Cylinder.uexp" 327
"../../../Engine/Content/EngineMaterials/WorldGridMaterial.uasset" 328
"../../../Engine/Content/EngineMaterials/WorldGridMaterial.uexp" 329
"../../../Engine/Content/ArtTools/RenderToTexture/Meshes/S_1_Unit_Plane.ubulk" 330
"../../../Engine/Content/ArtTools/RenderToTexture/Meshes/S_1_Unit_Plane.uasset" 331
"../../../Engine/Content/ArtTools/RenderToTexture/Meshes/S_1_Unit_Plane.uexp" 332
"../../../Engine/Plugins/2D/Paper2D/Content/PlaceholderTextures/DummySpriteTexture.ubulk" 333
"../../../Engine/Plugins/2D/Paper2D/Content/PlaceholderTextures/DummySpriteTexture.uasset" 334
"../../../Engine/Plugins/2D/Paper2D/Content/PlaceholderTextures/DummySpriteTexture.uexp" 335
"../../../Engine/Plugins/2D/Paper2D/Content/DefaultSpriteMaterial.uasset" 336
"../../../Engine/Plugins/2D/Paper2D/Content/DefaultSpriteMaterial.uexp" 337
"../../../Engine/Plugins/2D/Paper2D/Content/OpaqueUnlitSpriteMaterial.uasset" 338
"../../../Engine/Plugins/2D/Paper2D/Content/OpaqueUnlitSpriteMaterial.uexp" 339
"../../../Engine/Plugins/2D/Paper2D/Content/MaskedUnlitSpriteMaterial.uasset" 340
"../../../Engine/Plugins/2D/Paper2D/Content/MaskedUnlitSpriteMaterial.uexp" 341
"../../../Engine/Plugins/2D/Paper2D/Content/DummySprite.uasset" 342
"../../../Engine/Plugins/2D/Paper2D/Content/DummySprite.uexp" 343
"../../../Engine/Plugins/2D/Paper2D/Content/DefaultPaperTerrainMaterial.uasset" 344
"../../../Engine/Plugins/2D/Paper2D/Content/DefaultPaperTerrainMaterial.uexp" 345
"../../../Engine/Plugins/Animation/ControlRig/Content/M_Manip.uasset" 346
"../../../Engine/Plugins/Animation/ControlRig/Content/M_Manip.uexp" 347
"../../../Engine/Plugins/Animation/ControlRig/Content/Controls/ControlRig_Wedge_solid.ubulk" 348
"../../../Engine/Plugins/Animation/ControlRig/Content/Controls/ControlRig_Wedge_solid.uasset" 349
"../../../Engine/Plugins/Animation/ControlRig/Content/Controls/ControlRig_Wedge_solid.uexp" 350
"../../../Engine/Plugins/Animation/ControlRig/Content/Controls/ControlRig_Wedge_3mm.ubulk" 351
"../../../Engine/Plugins/Animation/ControlRig/Content/Controls/ControlRig_Wedge_3mm.uasset" 352
"../../../Engine/Plugins/Animation/ControlRig/Content/Controls/ControlRig_Wedge_3mm.uexp" 353
"../../../Engine/Plugins/Animation/ControlRig/Content/Controls/ControlRig_Wedge_1mm.ubulk" 354
"../../../Engine/Plugins/Animation/ControlRig/Content/Controls/ControlRig_Wedge_1mm.uasset" 355
"../../../Engine/Plugins/Animation/ControlRig/Content/Controls/ControlRig_Wedge_1mm.uexp" 356
"../../../Engine/Plugins/Animation/ControlRig/Content/Controls/ControlRig_Triangle_solid.ubulk" 357
"../../../Engine/Plugins/Animation/ControlRig/Content/Controls/ControlRig_Triangle_solid.uasset" 358
"../../../Engine/Plugins/Animation/ControlRig/Content/Controls/ControlRig_Triangle_solid.uexp" 359
"../../../Engine/Plugins/Animation/ControlRig/Content/Controls/ControlRig_Triangle_3mm.ubulk" 360
"../../../Engine/Plugins/Animation/ControlRig/Content/Controls/ControlRig_Triangle_3mm.uasset" 361
"../../../Engine/Plugins/Animation/ControlRig/Content/Controls/ControlRig_Triangle_3mm.uexp" 362
"../../../Engine/Plugins/Animation/ControlRig/Content/Controls/ControlRig_Triangle_1mm.ubulk" 363
"../../../Engine/Plugins/Animation/ControlRig/Content/Controls/ControlRig_Triangle_1mm.uasset" 364
"../../../Engine/Plugins/Animation/ControlRig/Content/Controls/ControlRig_Triangle_1mm.uexp" 365
"../../../Engine/Plugins/Animation/ControlRig/Content/Controls/ControlRig_Star4_solid.ubulk" 366
"../../../Engine/Plugins/Animation/ControlRig/Content/Controls/ControlRig_Star4_solid.uasset" 367
"../../../Engine/Plugins/Animation/ControlRig/Content/Controls/ControlRig_Star4_solid.uexp" 368
"../../../Engine/Plugins/Animation/ControlRig/Content/Controls/ControlRig_Star4_3mm.ubulk" 369
"../../../Engine/Plugins/Animation/ControlRig/Content/Controls/ControlRig_Star4_3mm.uasset" 370
"../../../Engine/Plugins/Animation/ControlRig/Content/Controls/ControlRig_Star4_3mm.uexp" 371
"../../../Engine/Plugins/Animation/ControlRig/Content/Controls/ControlRig_Star4_1mm.ubulk" 372
"../../../Engine/Plugins/Animation/ControlRig/Content/Controls/ControlRig_Star4_1mm.uasset" 373
"../../../Engine/Plugins/Animation/ControlRig/Content/Controls/ControlRig_Star4_1mm.uexp" 374
"../../../Engine/Plugins/Animation/ControlRig/Content/Controls/ControlRig_Square_solid.ubulk" 375
"../../../Engine/Plugins/Animation/ControlRig/Content/Controls/ControlRig_Square_solid.uasset" 376
"../../../Engine/Plugins/Animation/ControlRig/Content/Controls/ControlRig_Square_solid.uexp" 377
"../../../Engine/Plugins/Animation/ControlRig/Content/Controls/ControlRig_Square_3mm.ubulk" 378
"../../../Engine/Plugins/Animation/ControlRig/Content/Controls/ControlRig_Square_3mm.uasset" 379
"../../../Engine/Plugins/Animation/ControlRig/Content/Controls/ControlRig_Square_3mm.uexp" 380
"../../../Engine/Plugins/Animation/ControlRig/Content/Controls/ControlRig_Square_1mm.ubulk" 381
"../../../Engine/Plugins/Animation/ControlRig/Content/Controls/ControlRig_Square_1mm.uasset" 382
"../../../Engine/Plugins/Animation/ControlRig/Content/Controls/ControlRig_Square_1mm.uexp" 383
"../../../Engine/Plugins/Animation/ControlRig/Content/Controls/ControlRig_Sphere_solid.ubulk" 384
"../../../Engine/Plugins/Animation/ControlRig/Content/Controls/ControlRig_Sphere_solid.uasset" 385
"../../../Engine/Plugins/Animation/ControlRig/Content/Controls/ControlRig_Sphere_solid.uexp" 386
"../../../Engine/Plugins/Animation/ControlRig/Content/Controls/ControlRig_Sphere_3mm.ubulk" 387
"../../../Engine/Plugins/Animation/ControlRig/Content/Controls/ControlRig_Sphere_3mm.uasset" 388
"../../../Engine/Plugins/Animation/ControlRig/Content/Controls/ControlRig_Sphere_3mm.uexp" 389
"../../../Engine/Plugins/Animation/ControlRig/Content/Controls/ControlRig_Sphere_1mm.ubulk" 390
"../../../Engine/Plugins/Animation/ControlRig/Content/Controls/ControlRig_Sphere_1mm.uasset" 391
"../../../Engine/Plugins/Animation/ControlRig/Content/Controls/ControlRig_Sphere_1mm.uexp" 392
"../../../Engine/Plugins/Animation/ControlRig/Content/Controls/ControlRig_RoundedTriangle_solid.ubulk" 393
"../../../Engine/Plugins/Animation/ControlRig/Content/Controls/ControlRig_RoundedTriangle_solid.uasset" 394
"../../../Engine/Plugins/Animation/ControlRig/Content/Controls/ControlRig_RoundedTriangle_solid.uexp" 395
"../../../Engine/Plugins/Animation/ControlRig/Content/Controls/ControlRig_RoundedTriangle_3mm.ubulk" 396
"../../../Engine/Plugins/Animation/ControlRig/Content/Controls/ControlRig_RoundedTriangle_3mm.uasset" 397
"../../../Engine/Plugins/Animation/ControlRig/Content/Controls/ControlRig_RoundedTriangle_3mm.uexp" 398
"../../../Engine/Plugins/Animation/ControlRig/Content/Controls/ControlRig_RoundedTriangle_1mm.ubulk" 399
"../../../Engine/Plugins/Animation/ControlRig/Content/Controls/ControlRig_RoundedTriangle_1mm.uasset" 400
"../../../Engine/Plugins/Animation/ControlRig/Content/Controls/ControlRig_RoundedTriangle_1mm.uexp" 401
"../../../Engine/Plugins/Animation/ControlRig/Content/Controls/ControlRig_RoundedSquare_solid.ubulk" 402
"../../../Engine/Plugins/Animation/ControlRig/Content/Controls/ControlRig_RoundedSquare_solid.uasset" 403
"../../../Engine/Plugins/Animation/ControlRig/Content/Controls/ControlRig_RoundedSquare_solid.uexp" 404
"../../../Engine/Plugins/Animation/ControlRig/Content/Controls/ControlRig_RoundedSquare_3mm.ubulk" 405
"../../../Engine/Plugins/Animation/ControlRig/Content/Controls/ControlRig_RoundedSquare_3mm.uasset" 406
"../../../Engine/Plugins/Animation/ControlRig/Content/Controls/ControlRig_RoundedSquare_3mm.uexp" 407
"../../../Engine/Plugins/Animation/ControlRig/Content/Controls/ControlRig_RoundedSquare_1mm.ubulk" 408
"../../../Engine/Plugins/Animation/ControlRig/Content/Controls/ControlRig_RoundedSquare_1mm.uasset" 409
"../../../Engine/Plugins/Animation/ControlRig/Content/Controls/ControlRig_RoundedSquare_1mm.uexp" 410
"../../../Engine/Plugins/Animation/ControlRig/Content/Controls/ControlRig_QuarterCircle_solid.ubulk" 411
"../../../Engine/Plugins/Animation/ControlRig/Content/Controls/ControlRig_QuarterCircle_solid.uasset" 412
"../../../Engine/Plugins/Animation/ControlRig/Content/Controls/ControlRig_QuarterCircle_solid.uexp" 413
"../../../Engine/Plugins/Animation/ControlRig/Content/Controls/ControlRig_QuarterCircle_3mm.ubulk" 414
"../../../Engine/Plugins/Animation/ControlRig/Content/Controls/ControlRig_QuarterCircle_3mm.uasset" 415
"../../../Engine/Plugins/Animation/ControlRig/Content/Controls/ControlRig_QuarterCircle_3mm.uexp" 416
"../../../Engine/Plugins/Animation/ControlRig/Content/Controls/ControlRig_QuarterCircle_1mm.ubulk" 417
"../../../Engine/Plugins/Animation/ControlRig/Content/Controls/ControlRig_QuarterCircle_1mm.uasset" 418
"../../../Engine/Plugins/Animation/ControlRig/Content/Controls/ControlRig_QuarterCircle_1mm.uexp" 419
"../../../Engine/Plugins/Animation/ControlRig/Content/Controls/ControlRig_Pyramid_solid.ubulk" 420
"../../../Engine/Plugins/Animation/ControlRig/Content/Controls/ControlRig_Pyramid_solid.uasset" 421
"../../../Engine/Plugins/Animation/ControlRig/Content/Controls/ControlRig_Pyramid_solid.uexp" 422
"../../../Engine/Plugins/Animation/ControlRig/Content/Controls/ControlRig_Pyramid_3mm.ubulk" 423
"../../../Engine/Plugins/Animation/ControlRig/Content/Controls/ControlRig_Pyramid_3mm.uasset" 424
"../../../Engine/Plugins/Animation/ControlRig/Content/Controls/ControlRig_Pyramid_3mm.uexp" 425
"../../../Engine/Plugins/Animation/ControlRig/Content/Controls/ControlRig_Pyramid_1mm.ubulk" 426
"../../../Engine/Plugins/Animation/ControlRig/Content/Controls/ControlRig_Pyramid_1mm.uasset" 427
"../../../Engine/Plugins/Animation/ControlRig/Content/Controls/ControlRig_Pyramid_1mm.uexp" 428
"../../../Engine/Plugins/Animation/ControlRig/Content/Controls/ControlRig_Octagon_solid.ubulk" 429
"../../../Engine/Plugins/Animation/ControlRig/Content/Controls/ControlRig_Octagon_solid.uasset" 430
"../../../Engine/Plugins/Animation/ControlRig/Content/Controls/ControlRig_Octagon_solid.uexp" 431
"../../../Engine/Plugins/Animation/ControlRig/Content/Controls/ControlRig_Octagon_3mm.ubulk" 432
"../../../Engine/Plugins/Animation/ControlRig/Content/Controls/ControlRig_Octagon_3mm.uasset" 433
"../../../Engine/Plugins/Animation/ControlRig/Content/Controls/ControlRig_Octagon_3mm.uexp" 434
"../../../Engine/Plugins/Animation/ControlRig/Content/Controls/ControlRig_Octagon_1mm.ubulk" 435
"../../../Engine/Plugins/Animation/ControlRig/Content/Controls/ControlRig_Octagon_1mm.uasset" 436
"../../../Engine/Plugins/Animation/ControlRig/Content/Controls/ControlRig_Octagon_1mm.uexp" 437
"../../../Engine/Plugins/Animation/ControlRig/Content/Controls/ControlRig_Hexagon_solid.ubulk" 438
"../../../Engine/Plugins/Animation/ControlRig/Content/Controls/ControlRig_Hexagon_solid.uasset" 439
"../../../Engine/Plugins/Animation/ControlRig/Content/Controls/ControlRig_Hexagon_solid.uexp" 440
"../../../Engine/Plugins/Animation/ControlRig/Content/Controls/ControlRig_Hexagon_3mm.ubulk" 441
"../../../Engine/Plugins/Animation/ControlRig/Content/Controls/ControlRig_Hexagon_3mm.uasset" 442
"../../../Engine/Plugins/Animation/ControlRig/Content/Controls/ControlRig_Hexagon_3mm.uexp" 443
"../../../Engine/Plugins/Animation/ControlRig/Content/Controls/ControlRig_Hexagon_1mm.ubulk" 444
"../../../Engine/Plugins/Animation/ControlRig/Content/Controls/ControlRig_Hexagon_1mm.uasset" 445
"../../../Engine/Plugins/Animation/ControlRig/Content/Controls/ControlRig_Hexagon_1mm.uexp" 446
"../../../Engine/Plugins/Animation/ControlRig/Content/Controls/ControlRig_HalfCircle_solid.ubulk" 447
"../../../Engine/Plugins/Animation/ControlRig/Content/Controls/ControlRig_HalfCircle_solid.uasset" 448
"../../../Engine/Plugins/Animation/ControlRig/Content/Controls/ControlRig_HalfCircle_solid.uexp" 449
"../../../Engine/Plugins/Animation/ControlRig/Content/Controls/ControlRig_HalfCircle_3mm.ubulk" 450
"../../../Engine/Plugins/Animation/ControlRig/Content/Controls/ControlRig_HalfCircle_3mm.uasset" 451
"../../../Engine/Plugins/Animation/ControlRig/Content/Controls/ControlRig_HalfCircle_3mm.uexp" 452
"../../../Engine/Plugins/Animation/ControlRig/Content/Controls/ControlRig_HalfCircle_1mm.ubulk" 453
"../../../Engine/Plugins/Animation/ControlRig/Content/Controls/ControlRig_HalfCircle_1mm.uasset" 454
"../../../Engine/Plugins/Animation/ControlRig/Content/Controls/ControlRig_HalfCircle_1mm.uexp" 455
"../../../Engine/Plugins/Animation/ControlRig/Content/Controls/ControlRig_Diamond_solid.ubulk" 456
"../../../Engine/Plugins/Animation/ControlRig/Content/Controls/ControlRig_Diamond_solid.uasset" 457
"../../../Engine/Plugins/Animation/ControlRig/Content/Controls/ControlRig_Diamond_solid.uexp" 458
"../../../Engine/Plugins/Animation/ControlRig/Content/Controls/ControlRig_Diamond_3mm.ubulk" 459
"../../../Engine/Plugins/Animation/ControlRig/Content/Controls/ControlRig_Diamond_3mm.uasset" 460
"../../../Engine/Plugins/Animation/ControlRig/Content/Controls/ControlRig_Diamond_3mm.uexp" 461
"../../../Engine/Plugins/Animation/ControlRig/Content/Controls/ControlRig_Diamond_1mm.ubulk" 462
"../../../Engine/Plugins/Animation/ControlRig/Content/Controls/ControlRig_Diamond_1mm.uasset" 463
"../../../Engine/Plugins/Animation/ControlRig/Content/Controls/ControlRig_Diamond_1mm.uexp" 464
"../../../Engine/Plugins/Animation/ControlRig/Content/Controls/ControlRig_Circle_solid.ubulk" 465
"../../../Engine/Plugins/Animation/ControlRig/Content/Controls/ControlRig_Circle_solid.uasset" 466
"../../../Engine/Plugins/Animation/ControlRig/Content/Controls/ControlRig_Circle_solid.uexp" 467
"../../../Engine/Plugins/Animation/ControlRig/Content/Controls/ControlRig_Circle_3mm.ubulk" 468
"../../../Engine/Plugins/Animation/ControlRig/Content/Controls/ControlRig_Circle_3mm.uasset" 469
"../../../Engine/Plugins/Animation/ControlRig/Content/Controls/ControlRig_Circle_3mm.uexp" 470
"../../../Engine/Plugins/Animation/ControlRig/Content/Controls/ControlRig_Circle_1mm.ubulk" 471
"../../../Engine/Plugins/Animation/ControlRig/Content/Controls/ControlRig_Circle_1mm.uasset" 472
"../../../Engine/Plugins/Animation/ControlRig/Content/Controls/ControlRig_Circle_1mm.uexp" 473
"../../../Engine/Plugins/Animation/ControlRig/Content/Controls/ControlRig_Box_solid.ubulk" 474
"../../../Engine/Plugins/Animation/ControlRig/Content/Controls/ControlRig_Box_solid.uasset" 475
"../../../Engine/Plugins/Animation/ControlRig/Content/Controls/ControlRig_Box_solid.uexp" 476
"../../../Engine/Plugins/Animation/ControlRig/Content/Controls/ControlRig_Box_3mm.ubulk" 477
"../../../Engine/Plugins/Animation/ControlRig/Content/Controls/ControlRig_Box_3mm.uasset" 478
"../../../Engine/Plugins/Animation/ControlRig/Content/Controls/ControlRig_Box_3mm.uexp" 479
"../../../Engine/Plugins/Animation/ControlRig/Content/Controls/ControlRig_Box_1mm.ubulk" 480
"../../../Engine/Plugins/Animation/ControlRig/Content/Controls/ControlRig_Box_1mm.uasset" 481
"../../../Engine/Plugins/Animation/ControlRig/Content/Controls/ControlRig_Box_1mm.uexp" 482
"../../../Engine/Plugins/Animation/ControlRig/Content/Controls/ControlRig_Arrow_solid.ubulk" 483
"../../../Engine/Plugins/Animation/ControlRig/Content/Controls/ControlRig_Arrow_solid.uasset" 484
"../../../Engine/Plugins/Animation/ControlRig/Content/Controls/ControlRig_Arrow_solid.uexp" 485
"../../../Engine/Plugins/Animation/ControlRig/Content/Controls/ControlRig_Arrow_3mm.ubulk" 486
"../../../Engine/Plugins/Animation/ControlRig/Content/Controls/ControlRig_Arrow_3mm.uasset" 487
"../../../Engine/Plugins/Animation/ControlRig/Content/Controls/ControlRig_Arrow_3mm.uexp" 488
"../../../Engine/Plugins/Animation/ControlRig/Content/Controls/ControlRig_Arrow_1mm.ubulk" 489
"../../../Engine/Plugins/Animation/ControlRig/Content/Controls/ControlRig_Arrow_1mm.uasset" 490
"../../../Engine/Plugins/Animation/ControlRig/Content/Controls/ControlRig_Arrow_1mm.uexp" 491
"../../../Engine/Plugins/Animation/ControlRig/Content/Controls/ControlRig_Arrow4_solid.ubulk" 492
"../../../Engine/Plugins/Animation/ControlRig/Content/Controls/ControlRig_Arrow4_solid.uasset" 493
"../../../Engine/Plugins/Animation/ControlRig/Content/Controls/ControlRig_Arrow4_solid.uexp" 494
"../../../Engine/Plugins/Animation/ControlRig/Content/Controls/ControlRig_Arrow4_3mm.ubulk" 495
"../../../Engine/Plugins/Animation/ControlRig/Content/Controls/ControlRig_Arrow4_3mm.uasset" 496
"../../../Engine/Plugins/Animation/ControlRig/Content/Controls/ControlRig_Arrow4_3mm.uexp" 497
"../../../Engine/Plugins/Animation/ControlRig/Content/Controls/ControlRig_Arrow4_1mm.ubulk" 498
"../../../Engine/Plugins/Animation/ControlRig/Content/Controls/ControlRig_Arrow4_1mm.uasset" 499
"../../../Engine/Plugins/Animation/ControlRig/Content/Controls/ControlRig_Arrow4_1mm.uexp" 500
"../../../Engine/Plugins/Animation/ControlRig/Content/Controls/ControlRig_Arrow2_solid.ubulk" 501
"../../../Engine/Plugins/Animation/ControlRig/Content/Controls/ControlRig_Arrow2_solid.uasset" 502
"../../../Engine/Plugins/Animation/ControlRig/Content/Controls/ControlRig_Arrow2_solid.uexp" 503
"../../../Engine/Plugins/Animation/ControlRig/Content/Controls/ControlRig_Arrow2_3mm.ubulk" 504
"../../../Engine/Plugins/Animation/ControlRig/Content/Controls/ControlRig_Arrow2_3mm.uasset" 505
"../../../Engine/Plugins/Animation/ControlRig/Content/Controls/ControlRig_Arrow2_3mm.uexp" 506
"../../../Engine/Plugins/Animation/ControlRig/Content/Controls/ControlRig_Arrow2_1mm.ubulk" 507
"../../../Engine/Plugins/Animation/ControlRig/Content/Controls/ControlRig_Arrow2_1mm.uasset" 508
"../../../Engine/Plugins/Animation/ControlRig/Content/Controls/ControlRig_Arrow2_1mm.uexp" 509
"../../../Engine/Plugins/Animation/ControlRig/Content/Controls/ControlRigGizmoMaterial.uasset" 510
"../../../Engine/Plugins/Animation/ControlRig/Content/Controls/ControlRigGizmoMaterial.uexp" 511
"../../../Engine/Plugins/Editor/SpeedTreeImporter/Content/SpeedTree9/game_wind_noise.ubulk" 512
"../../../Engine/Plugins/Editor/SpeedTreeImporter/Content/SpeedTree9/game_wind_noise.uasset" 513
"../../../Engine/Plugins/Editor/SpeedTreeImporter/Content/SpeedTree9/game_wind_noise.uexp" 514
"../../../Engine/Plugins/Editor/SpeedTreeImporter/Content/SpeedTree9/UnpackDirection.uasset" 515
"../../../Engine/Plugins/Editor/SpeedTreeImporter/Content/SpeedTree9/UnpackDirection.uexp" 516
"../../../Engine/Content/Functions/Engine_MaterialFunctions02/ObjectLocalBounds.uasset" 517
"../../../Engine/Content/Functions/Engine_MaterialFunctions02/ObjectLocalBounds.uexp" 518
"../../../Engine/Content/Functions/Engine_MaterialFunctions02/UVs/BoundingBoxBased_0-1_UVW.uasset" 519
"../../../Engine/Content/Functions/Engine_MaterialFunctions02/UVs/BoundingBoxBased_0-1_UVW.uexp" 520
"../../../Engine/Content/Functions/Engine_MaterialFunctions02/Utility/VectorLength.uasset" 521
"../../../Engine/Content/Functions/Engine_MaterialFunctions02/Utility/VectorLength.uexp" 522
"../../../Engine/Plugins/Editor/SpeedTreeImporter/Content/SpeedTree9/UnpackInteger3.uasset" 523
"../../../Engine/Plugins/Editor/SpeedTreeImporter/Content/SpeedTree9/UnpackInteger3.uexp" 524
"../../../Engine/Plugins/Editor/SpeedTreeImporter/Content/SpeedTree9/SpeedTreeCameraFacing.uasset" 525
"../../../Engine/Plugins/Editor/SpeedTreeImporter/Content/SpeedTree9/SpeedTreeCameraFacing.uexp" 526
"../../../Engine/Content/Functions/Engine_MaterialFunctions02/WorldPositionOffset/ObjectScale.uasset" 527
"../../../Engine/Content/Functions/Engine_MaterialFunctions02/WorldPositionOffset/ObjectScale.uexp" 528
"../../../Engine/Content/Functions/Engine_MaterialFunctions02/SafeNormalize.uasset" 529
"../../../Engine/Content/Functions/Engine_MaterialFunctions02/SafeNormalize.uexp" 530
"../../../Engine/Plugins/Editor/SpeedTreeImporter/Content/SpeedTree9/SpeedTreeWindMotion.uasset" 531
"../../../Engine/Plugins/Editor/SpeedTreeImporter/Content/SpeedTree9/SpeedTreeWindMotion.uexp" 532
"../../../Engine/Plugins/Editor/SpeedTreeImporter/Content/SpeedTree9/SpeedTreeBranchMotion.uasset" 533
"../../../Engine/Plugins/Editor/SpeedTreeImporter/Content/SpeedTree9/SpeedTreeBranchMotion.uexp" 534
"../../../Engine/Plugins/Editor/SpeedTreeImporter/Content/SpeedTree9/SpeedTreeWind.uasset" 535
"../../../Engine/Plugins/Editor/SpeedTreeImporter/Content/SpeedTree9/SpeedTreeWind.uexp" 536
"../../../Engine/Plugins/Editor/SpeedTreeImporter/Content/SpeedTree9/EmptyNormal.uasset" 537
"../../../Engine/Plugins/Editor/SpeedTreeImporter/Content/SpeedTree9/EmptyNormal.uexp" 538
"../../../Engine/Plugins/Editor/SpeedTreeImporter/Content/SpeedTree9/Empty.uasset" 539
"../../../Engine/Plugins/Editor/SpeedTreeImporter/Content/SpeedTree9/Empty.uexp" 540
"../../../Engine/Plugins/Editor/SpeedTreeImporter/Content/SpeedTree9/SpeedTreeMaster.uasset" 541
"../../../Engine/Plugins/Editor/SpeedTreeImporter/Content/SpeedTree9/SpeedTreeMaster.uexp" 542
"../../../Engine/Plugins/Editor/SpeedTreeImporter/Content/SpeedTree9/SpeedTreeBillboard.uasset" 543
"../../../Engine/Plugins/Editor/SpeedTreeImporter/Content/SpeedTree9/SpeedTreeBillboard.uexp" 544
"../../../Engine/Plugins/Editor/SpeedTreeImporter/Content/SpeedTree9/SpeedTreeBillboardMaster.uasset" 545
"../../../Engine/Plugins/Editor/SpeedTreeImporter/Content/SpeedTree9/SpeedTreeBillboardMaster.uexp" 546
"../../../Engine/Plugins/Runtime/HairStrands/Content/Materials/HairMeshesDefaultMaterial.uasset" 547
"../../../Engine/Plugins/Runtime/HairStrands/Content/Materials/HairMeshesDefaultMaterial.uexp" 548
"../../../Engine/Plugins/Runtime/HairStrands/Content/Materials/HairDefaultMaterial.uasset" 549
"../../../Engine/Plugins/Runtime/HairStrands/Content/Materials/HairDefaultMaterial.uexp" 550
"../../../Engine/Plugins/Runtime/HairStrands/Content/Materials/HairGroupColors.uasset" 551
"../../../Engine/Plugins/Runtime/HairStrands/Content/Materials/HairGroupColors.uexp" 552
"../../../Engine/Content/EngineMaterials/HairColorMap.uasset" 553
"../../../Engine/Content/EngineMaterials/HairColorMap.uexp" 554
"../../../Engine/Content/EngineMaterials/HairDebugColor.uasset" 555
"../../../Engine/Content/EngineMaterials/HairDebugColor.uexp" 556
"../../../Engine/Plugins/Runtime/HairStrands/Content/Materials/HairDebugMaterial.uasset" 557
"../../../Engine/Plugins/Runtime/HairStrands/Content/Materials/HairDebugMaterial.uexp" 558
"../../../Engine/Plugins/Runtime/HairStrands/Content/Materials/HairCardsDefaultMaterial.uasset" 559
"../../../Engine/Plugins/Runtime/HairStrands/Content/Materials/HairCardsDefaultMaterial.uexp" 560
"C:/Users/r022260k/Documents/GitHub/ConCat/Content/Characters/Mannequins/Meshes/SK_Mannequin.uasset" 561
"C:/Users/r022260k/Documents/GitHub/ConCat/Content/Characters/Mannequins/Meshes/SK_Mannequin.uexp" 562
"../../../Engine/Content/Animation/DefaultAnimCurveCompressionSettings.uasset" 563
"../../../Engine/Content/Animation/DefaultAnimCurveCompressionSettings.uexp" 564
"../../../Engine/Content/Animation/DefaultAnimBoneCompressionSettings.uasset" 565
"../../../Engine/Content/Animation/DefaultAnimBoneCompressionSettings.uexp" 566
"C:/Users/r022260k/Documents/GitHub/ConCat/Content/Characters/Mannequins/Rigs/Poses/Quinn/Quinn_foot_l_anim.uasset" 567
"C:/Users/r022260k/Documents/GitHub/ConCat/Content/Characters/Mannequins/Rigs/Poses/Quinn/Quinn_foot_l_anim.uexp" 568
"C:/Users/r022260k/Documents/GitHub/ConCat/Content/Characters/Mannequins/Rigs/Poses/Quinn/Quinn_foot_l_pose.uasset" 569
"C:/Users/r022260k/Documents/GitHub/ConCat/Content/Characters/Mannequins/Rigs/Poses/Quinn/Quinn_foot_l_pose.uexp" 570
"C:/Users/r022260k/Documents/GitHub/ConCat/Content/Characters/Mannequins/Rigs/Poses/Quinn/Quinn_clavicle_l_anim.uasset" 571
"C:/Users/r022260k/Documents/GitHub/ConCat/Content/Characters/Mannequins/Rigs/Poses/Quinn/Quinn_clavicle_l_anim.uexp" 572
"C:/Users/r022260k/Documents/GitHub/ConCat/Content/Characters/Mannequins/Rigs/Poses/Quinn/Quinn_clavicle_l_pose.uasset" 573
"C:/Users/r022260k/Documents/GitHub/ConCat/Content/Characters/Mannequins/Rigs/Poses/Quinn/Quinn_clavicle_l_pose.uexp" 574
"C:/Users/r022260k/Documents/GitHub/ConCat/Content/Characters/Mannequins/Rigs/Poses/Quinn/Quinn_clavicle_r_anim.uasset" 575
"C:/Users/r022260k/Documents/GitHub/ConCat/Content/Characters/Mannequins/Rigs/Poses/Quinn/Quinn_clavicle_r_anim.uexp" 576
"C:/Users/r022260k/Documents/GitHub/ConCat/Content/Characters/Mannequins/Rigs/Poses/Quinn/Quinn_clavicle_r_pose.uasset" 577
"C:/Users/r022260k/Documents/GitHub/ConCat/Content/Characters/Mannequins/Rigs/Poses/Quinn/Quinn_clavicle_r_pose.uexp" 578
"C:/Users/r022260k/Documents/GitHub/ConCat/Content/Characters/Mannequins/Rigs/Poses/Quinn/Quinn_upperarm_l_anim.uasset" 579
"C:/Users/r022260k/Documents/GitHub/ConCat/Content/Characters/Mannequins/Rigs/Poses/Quinn/Quinn_upperarm_l_anim.uexp" 580
"C:/Users/r022260k/Documents/GitHub/ConCat/Content/Characters/Mannequins/Rigs/Poses/Quinn/Quinn_upperarm_l_pose.uasset" 581
"C:/Users/r022260k/Documents/GitHub/ConCat/Content/Characters/Mannequins/Rigs/Poses/Quinn/Quinn_upperarm_l_pose.uexp" 582
"C:/Users/r022260k/Documents/GitHub/ConCat/Content/Characters/Mannequins/Rigs/Poses/Quinn/Quinn_lowerarm_l_anim.uasset" 583
"C:/Users/r022260k/Documents/GitHub/ConCat/Content/Characters/Mannequins/Rigs/Poses/Quinn/Quinn_lowerarm_l_anim.uexp" 584
"C:/Users/r022260k/Documents/GitHub/ConCat/Content/Characters/Mannequins/Rigs/Poses/Quinn/Quinn_lowerarm_l_pose.uasset" 585
"C:/Users/r022260k/Documents/GitHub/ConCat/Content/Characters/Mannequins/Rigs/Poses/Quinn/Quinn_lowerarm_l_pose.uexp" 586
"C:/Users/r022260k/Documents/GitHub/ConCat/Content/Characters/Mannequins/Rigs/Poses/Quinn/Quinn_calf_l_anim.uasset" 587
"C:/Users/r022260k/Documents/GitHub/ConCat/Content/Characters/Mannequins/Rigs/Poses/Quinn/Quinn_calf_l_anim.uexp" 588
"C:/Users/r022260k/Documents/GitHub/ConCat/Content/Characters/Mannequins/Rigs/Poses/Quinn/Quinn_calf_l_pose.uasset" 589
"C:/Users/r022260k/Documents/GitHub/ConCat/Content/Characters/Mannequins/Rigs/Poses/Quinn/Quinn_calf_l_pose.uexp" 590
"../../../Engine/Plugins/Animation/ControlRig/Content/Controls/DefaultGizmoLibrary.uasset" 591
"../../../Engine/Plugins/Animation/ControlRig/Content/Controls/DefaultGizmoLibrary.uexp" 592
"C:/Users/r022260k/Documents/GitHub/ConCat/Content/Characters/Mannequins/Rigs/CR_Mannequin_Procedural.uasset" 593
"C:/Users/r022260k/Documents/GitHub/ConCat/Content/Characters/Mannequins/Rigs/CR_Mannequin_Procedural.uexp" 594
"C:/Users/r022260k/Documents/GitHub/ConCat/Content/Characters/Mannequins/Rigs/Poses/Quinn/Quinn_upperarm_r_anim.uasset" 595
"C:/Users/r022260k/Documents/GitHub/ConCat/Content/Characters/Mannequins/Rigs/Poses/Quinn/Quinn_upperarm_r_anim.uexp" 596
"C:/Users/r022260k/Documents/GitHub/ConCat/Content/Characters/Mannequins/Rigs/Poses/Quinn/Quinn_upperarm_r_pose.uasset" 597
"C:/Users/r022260k/Documents/GitHub/ConCat/Content/Characters/Mannequins/Rigs/Poses/Quinn/Quinn_upperarm_r_pose.uexp" 598
"C:/Users/r022260k/Documents/GitHub/ConCat/Content/Characters/Mannequins/Rigs/Poses/Quinn/Quinn_calf_r_anim.uasset" 599
"C:/Users/r022260k/Documents/GitHub/ConCat/Content/Characters/Mannequins/Rigs/Poses/Quinn/Quinn_calf_r_anim.uexp" 600
"C:/Users/r022260k/Documents/GitHub/ConCat/Content/Characters/Mannequins/Rigs/Poses/Quinn/Quinn_calf_r_pose.uasset" 601
"C:/Users/r022260k/Documents/GitHub/ConCat/Content/Characters/Mannequins/Rigs/Poses/Quinn/Quinn_calf_r_pose.uexp" 602
"C:/Users/r022260k/Documents/GitHub/ConCat/Content/Characters/Mannequins/Rigs/Poses/Quinn/Quinn_foot_r_anim.uasset" 603
"C:/Users/r022260k/Documents/GitHub/ConCat/Content/Characters/Mannequins/Rigs/Poses/Quinn/Quinn_foot_r_anim.uexp" 604
"C:/Users/r022260k/Documents/GitHub/ConCat/Content/Characters/Mannequins/Rigs/Poses/Quinn/Quinn_foot_r_pose.uasset" 605
"C:/Users/r022260k/Documents/GitHub/ConCat/Content/Characters/Mannequins/Rigs/Poses/Quinn/Quinn_foot_r_pose.uexp" 606
"C:/Users/r022260k/Documents/GitHub/ConCat/Content/Characters/Mannequins/Rigs/Poses/Quinn/Quinn_lowerarm_r_anim.uasset" 607
"C:/Users/r022260k/Documents/GitHub/ConCat/Content/Characters/Mannequins/Rigs/Poses/Quinn/Quinn_lowerarm_r_anim.uexp" 608
"C:/Users/r022260k/Documents/GitHub/ConCat/Content/Characters/Mannequins/Rigs/Poses/Quinn/Quinn_lowerarm_r_pose.uasset" 609
"C:/Users/r022260k/Documents/GitHub/ConCat/Content/Characters/Mannequins/Rigs/Poses/Quinn/Quinn_lowerarm_r_pose.uexp" 610
"C:/Users/r022260k/Documents/GitHub/ConCat/Content/Characters/Mannequins/Rigs/Poses/Quinn/Quinn_thigh_l_anim.uasset" 611
"C:/Users/r022260k/Documents/GitHub/ConCat/Content/Characters/Mannequins/Rigs/Poses/Quinn/Quinn_thigh_l_anim.uexp" 612
"C:/Users/r022260k/Documents/GitHub/ConCat/Content/Characters/Mannequins/Rigs/Poses/Quinn/Quinn_thigh_l_pose.uasset" 613
"C:/Users/r022260k/Documents/GitHub/ConCat/Content/Characters/Mannequins/Rigs/Poses/Quinn/Quinn_thigh_l_pose.uexp" 614
"C:/Users/r022260k/Documents/GitHub/ConCat/Content/Characters/Mannequins/Rigs/Poses/Quinn/Quinn_thigh_r_anim.uasset" 615
"C:/Users/r022260k/Documents/GitHub/ConCat/Content/Characters/Mannequins/Rigs/Poses/Quinn/Quinn_thigh_r_anim.uexp" 616
"C:/Users/r022260k/Documents/GitHub/ConCat/Content/Characters/Mannequins/Rigs/Poses/Quinn/Quinn_thigh_r_pose.uasset" 617
"C:/Users/r022260k/Documents/GitHub/ConCat/Content/Characters/Mannequins/Rigs/Poses/Quinn/Quinn_thigh_r_pose.uexp" 618
"C:/Users/r022260k/Documents/GitHub/ConCat/Content/Characters/Mannequins/Rigs/Poses/Quinn/Quinn_hand_l_anim.uasset" 619
"C:/Users/r022260k/Documents/GitHub/ConCat/Content/Characters/Mannequins/Rigs/Poses/Quinn/Quinn_hand_l_anim.uexp" 620
"C:/Users/r022260k/Documents/GitHub/ConCat/Content/Characters/Mannequins/Rigs/Poses/Quinn/Quinn_hand_l_pose.uasset" 621
"C:/Users/r022260k/Documents/GitHub/ConCat/Content/Characters/Mannequins/Rigs/Poses/Quinn/Quinn_hand_l_pose.uexp" 622
"C:/Users/r022260k/Documents/GitHub/ConCat/Content/Characters/Mannequins/Rigs/Poses/Quinn/Quinn_hand_r_anim.uasset" 623
"C:/Users/r022260k/Documents/GitHub/ConCat/Content/Characters/Mannequins/Rigs/Poses/Quinn/Quinn_hand_r_anim.uexp" 624
"C:/Users/r022260k/Documents/GitHub/ConCat/Content/Characters/Mannequins/Rigs/Poses/Quinn/Quinn_hand_r_pose.uasset" 625
"C:/Users/r022260k/Documents/GitHub/ConCat/Content/Characters/Mannequins/Rigs/Poses/Quinn/Quinn_hand_r_pose.uexp" 626
"C:/Users/r022260k/Documents/GitHub/ConCat/Content/Characters/Mannequins/Rigs/ABP_Quinn_PostProcess.uasset" 627
"C:/Users/r022260k/Documents/GitHub/ConCat/Content/Characters/Mannequins/Rigs/ABP_Quinn_PostProcess.uexp" 628
"C:/Users/r022260k/Documents/GitHub/ConCat/Content/Characters/Mannequins/Textures/Quinn/T_Quinn_02ID_MSR_MSK.ubulk" 629
"C:/Users/r022260k/Documents/GitHub/ConCat/Content/Characters/Mannequins/Textures/Quinn/T_Quinn_02ID_MSR_MSK.uasset" 630
"C:/Users/r022260k/Documents/GitHub/ConCat/Content/Characters/Mannequins/Textures/Quinn/T_Quinn_02ID_MSR_MSK.uexp" 631
"C:/Users/r022260k/Documents/GitHub/ConCat/Content/Characters/Mannequins/Textures/Quinn/T_Quinn_02ID_BN.ubulk" 632
"C:/Users/r022260k/Documents/GitHub/ConCat/Content/Characters/Mannequins/Textures/Quinn/T_Quinn_02ID_BN.uasset" 633
"C:/Users/r022260k/Documents/GitHub/ConCat/Content/Characters/Mannequins/Textures/Quinn/T_Quinn_02ID_BN.uexp" 634
"C:/Users/r022260k/Documents/GitHub/ConCat/Content/Characters/Mannequins/Textures/Quinn/T_Quinn_02_ASAOMASK_MSK.ubulk" 635
"C:/Users/r022260k/Documents/GitHub/ConCat/Content/Characters/Mannequins/Textures/Quinn/T_Quinn_02_ASAOMASK_MSK.uasset" 636
"C:/Users/r022260k/Documents/GitHub/ConCat/Content/Characters/Mannequins/Textures/Quinn/T_Quinn_02_ASAOMASK_MSK.uexp" 637
"C:/Users/r022260k/Documents/GitHub/ConCat/Content/Characters/Mannequins/Textures/Quinn/T_Quinn_02_CCRCCPlastic_MSK.ubulk" 638
"C:/Users/r022260k/Documents/GitHub/ConCat/Content/Characters/Mannequins/Textures/Quinn/T_Quinn_02_CCRCCPlastic_MSK.uasset" 639
"C:/Users/r022260k/Documents/GitHub/ConCat/Content/Characters/Mannequins/Textures/Quinn/T_Quinn_02_CCRCCPlastic_MSK.uexp" 640
"C:/Users/r022260k/Documents/GitHub/ConCat/Content/Characters/Mannequins/Textures/Quinn/T_Quinn_02ID_Tan.ubulk" 641
"C:/Users/r022260k/Documents/GitHub/ConCat/Content/Characters/Mannequins/Textures/Quinn/T_Quinn_02ID_Tan.uasset" 642
"C:/Users/r022260k/Documents/GitHub/ConCat/Content/Characters/Mannequins/Textures/Quinn/T_Quinn_02ID_Tan.uexp" 643
"C:/Users/r022260k/Documents/GitHub/ConCat/Content/Characters/Mannequins/Textures/Quinn/T_Quinn_02ID_D.ubulk" 644
"C:/Users/r022260k/Documents/GitHub/ConCat/Content/Characters/Mannequins/Textures/Quinn/T_Quinn_02ID_D.uasset" 645
"C:/Users/r022260k/Documents/GitHub/ConCat/Content/Characters/Mannequins/Textures/Quinn/T_Quinn_02ID_D.uexp" 646
"C:/Users/r022260k/Documents/GitHub/ConCat/Content/Characters/Mannequins/Textures/Quinn/T_Quinn_01ID_MSR_MSK.ubulk" 647
"C:/Users/r022260k/Documents/GitHub/ConCat/Content/Characters/Mannequins/Textures/Quinn/T_Quinn_01ID_MSR_MSK.uasset" 648
"C:/Users/r022260k/Documents/GitHub/ConCat/Content/Characters/Mannequins/Textures/Quinn/T_Quinn_01ID_MSR_MSK.uexp" 649
"C:/Users/r022260k/Documents/GitHub/ConCat/Content/Characters/Mannequins/Materials/Functions/ChromaticCurve.uasset" 650
"C:/Users/r022260k/Documents/GitHub/ConCat/Content/Characters/Mannequins/Materials/Functions/ChromaticCurve.uexp" 651
"C:/Users/r022260k/Documents/GitHub/ConCat/Content/Characters/Mannequins/Materials/Functions/CA_Mannequin.uasset" 652
"C:/Users/r022260k/Documents/GitHub/ConCat/Content/Characters/Mannequins/Materials/Functions/CA_Mannequin.uexp" 653
"C:/Users/r022260k/Documents/GitHub/ConCat/Content/Characters/Mannequins/Materials/Functions/MF_Diffraction.uasset" 654
"C:/Users/r022260k/Documents/GitHub/ConCat/Content/Characters/Mannequins/Materials/Functions/MF_Diffraction.uexp" 655
"C:/Users/r022260k/Documents/GitHub/ConCat/Content/Characters/Mannequins/Textures/Manny/T_Manny_01_N.ubulk" 656
"C:/Users/r022260k/Documents/GitHub/ConCat/Content/Characters/Mannequins/Textures/Manny/T_Manny_01_N.uasset" 657
"C:/Users/r022260k/Documents/GitHub/ConCat/Content/Characters/Mannequins/Textures/Manny/T_Manny_01_N.uexp" 658
"C:/Users/r022260k/Documents/GitHub/ConCat/Content/Characters/Mannequins/Materials/Functions/ML_BaseColorFallOff.uasset" 659
"C:/Users/r022260k/Documents/GitHub/ConCat/Content/Characters/Mannequins/Materials/Functions/ML_BaseColorFallOff.uexp" 660
"../../../Engine/Content/Functions/Engine_MaterialFunctions01/Texturing/ScaleUVsByCenter.uasset" 661
"../../../Engine/Content/Functions/Engine_MaterialFunctions01/Texturing/ScaleUVsByCenter.uexp" 662
"C:/Users/r022260k/Documents/GitHub/ConCat/Content/Characters/Mannequins/Textures/Shared/T_UE_Logo_M.uasset" 663
"C:/Users/r022260k/Documents/GitHub/ConCat/Content/Characters/Mannequins/Textures/Shared/T_UE_Logo_M.uexp" 664
"C:/Users/r022260k/Documents/GitHub/ConCat/Content/Characters/Mannequins/Materials/Functions/MF_logo3layers.uasset" 665
"C:/Users/r022260k/Documents/GitHub/ConCat/Content/Characters/Mannequins/Materials/Functions/MF_logo3layers.uexp" 666
"C:/Users/r022260k/Documents/GitHub/ConCat/Content/Characters/Mannequins/Textures/Manny/T_Manny_01_CCRCCPlastic_MSK.ubulk" 667
"C:/Users/r022260k/Documents/GitHub/ConCat/Content/Characters/Mannequins/Textures/Manny/T_Manny_01_CCRCCPlastic_MSK.uasset" 668
"C:/Users/r022260k/Documents/GitHub/ConCat/Content/Characters/Mannequins/Textures/Manny/T_Manny_01_CCRCCPlastic_MSK.uexp" 669
"C:/Users/r022260k/Documents/GitHub/ConCat/Content/Characters/Mannequins/Textures/Manny/T_Manny_01_ASAOPMASK_MSK.ubulk" 670
"C:/Users/r022260k/Documents/GitHub/ConCat/Content/Characters/Mannequins/Textures/Manny/T_Manny_01_ASAOPMASK_MSK.uasset" 671
"C:/Users/r022260k/Documents/GitHub/ConCat/Content/Characters/Mannequins/Textures/Manny/T_Manny_01_ASAOPMASK_MSK.uexp" 672
"C:/Users/r022260k/Documents/GitHub/ConCat/Content/Characters/Mannequins/Textures/Manny/T_Manny_01_MSR_MSK.ubulk" 673
"C:/Users/r022260k/Documents/GitHub/ConCat/Content/Characters/Mannequins/Textures/Manny/T_Manny_01_MSR_MSK.uasset" 674
"C:/Users/r022260k/Documents/GitHub/ConCat/Content/Characters/Mannequins/Textures/Manny/T_Manny_01_MSR_MSK.uexp" 675
"C:/Users/r022260k/Documents/GitHub/ConCat/Content/Characters/Mannequins/Textures/Manny/T_Manny_01_BN.ubulk" 676
"C:/Users/r022260k/Documents/GitHub/ConCat/Content/Characters/Mannequins/Textures/Manny/T_Manny_01_BN.uasset" 677
"C:/Users/r022260k/Documents/GitHub/ConCat/Content/Characters/Mannequins/Textures/Manny/T_Manny_01_BN.uexp" 678
"C:/Users/r022260k/Documents/GitHub/ConCat/Content/Characters/Mannequins/Textures/Manny/T_Manny_01_D.ubulk" 679
"C:/Users/r022260k/Documents/GitHub/ConCat/Content/Characters/Mannequins/Textures/Manny/T_Manny_01_D.uasset" 680
"C:/Users/r022260k/Documents/GitHub/ConCat/Content/Characters/Mannequins/Textures/Manny/T_Manny_01_D.uexp" 681
"C:/Users/r022260k/Documents/GitHub/ConCat/Content/Characters/Mannequins/Textures/Manny/T_Manny_01_Tan.ubulk" 682
"C:/Users/r022260k/Documents/GitHub/ConCat/Content/Characters/Mannequins/Textures/Manny/T_Manny_01_Tan.uasset" 683
"C:/Users/r022260k/Documents/GitHub/ConCat/Content/Characters/Mannequins/Textures/Manny/T_Manny_01_Tan.uexp" 684
"C:/Users/r022260k/Documents/GitHub/ConCat/Content/Characters/Mannequins/Materials/M_Mannequin.uasset" 685
"C:/Users/r022260k/Documents/GitHub/ConCat/Content/Characters/Mannequins/Materials/M_Mannequin.uexp" 686
"C:/Users/r022260k/Documents/GitHub/ConCat/Content/Characters/Mannequins/Textures/Quinn/T_Quinn_01_ASAOMASK_MSK.ubulk" 687
"C:/Users/r022260k/Documents/GitHub/ConCat/Content/Characters/Mannequins/Textures/Quinn/T_Quinn_01_ASAOMASK_MSK.uasset" 688
"C:/Users/r022260k/Documents/GitHub/ConCat/Content/Characters/Mannequins/Textures/Quinn/T_Quinn_01_ASAOMASK_MSK.uexp" 689
"C:/Users/r022260k/Documents/GitHub/ConCat/Content/Characters/Mannequins/Textures/Quinn/T_Quinn_01ID_N.ubulk" 690
"C:/Users/r022260k/Documents/GitHub/ConCat/Content/Characters/Mannequins/Textures/Quinn/T_Quinn_01ID_N.uasset" 691
"C:/Users/r022260k/Documents/GitHub/ConCat/Content/Characters/Mannequins/Textures/Quinn/T_Quinn_01ID_N.uexp" 692
"C:/Users/r022260k/Documents/GitHub/ConCat/Content/Characters/Mannequins/Textures/Quinn/T_Quinn_01ID_BN.ubulk" 693
"C:/Users/r022260k/Documents/GitHub/ConCat/Content/Characters/Mannequins/Textures/Quinn/T_Quinn_01ID_BN.uasset" 694
"C:/Users/r022260k/Documents/GitHub/ConCat/Content/Characters/Mannequins/Textures/Quinn/T_Quinn_01ID_BN.uexp" 695
"C:/Users/r022260k/Documents/GitHub/ConCat/Content/Characters/Mannequins/Textures/Quinn/T_Quinn_01ID_D.ubulk" 696
"C:/Users/r022260k/Documents/GitHub/ConCat/Content/Characters/Mannequins/Textures/Quinn/T_Quinn_01ID_D.uasset" 697
"C:/Users/r022260k/Documents/GitHub/ConCat/Content/Characters/Mannequins/Textures/Quinn/T_Quinn_01ID_D.uexp" 698
"C:/Users/r022260k/Documents/GitHub/ConCat/Content/Characters/Mannequins/Textures/Quinn/T_Quinn_01ID_Tan.ubulk" 699
"C:/Users/r022260k/Documents/GitHub/ConCat/Content/Characters/Mannequins/Textures/Quinn/T_Quinn_01ID_Tan.uasset" 700
"C:/Users/r022260k/Documents/GitHub/ConCat/Content/Characters/Mannequins/Textures/Quinn/T_Quinn_01ID_Tan.uexp" 701
"C:/Users/r022260k/Documents/GitHub/ConCat/Content/Characters/Mannequins/Textures/Quinn/T_Quinn_01_CCRCCPlastic_MSK.ubulk" 702
"C:/Users/r022260k/Documents/GitHub/ConCat/Content/Characters/Mannequins/Textures/Quinn/T_Quinn_01_CCRCCPlastic_MSK.uasset" 703
"C:/Users/r022260k/Documents/GitHub/ConCat/Content/Characters/Mannequins/Textures/Quinn/T_Quinn_01_CCRCCPlastic_MSK.uexp" 704
"C:/Users/r022260k/Documents/GitHub/ConCat/Content/Characters/Mannequins/Materials/Instances/Quinn/MI_Quinn_01.uasset" 705
"C:/Users/r022260k/Documents/GitHub/ConCat/Content/Characters/Mannequins/Materials/Instances/Quinn/MI_Quinn_01.uexp" 706
"C:/Users/r022260k/Documents/GitHub/ConCat/Content/Characters/Mannequins/Textures/Quinn/T_Quinn_02ID_N.ubulk" 707
"C:/Users/r022260k/Documents/GitHub/ConCat/Content/Characters/Mannequins/Textures/Quinn/T_Quinn_02ID_N.uasset" 708
"C:/Users/r022260k/Documents/GitHub/ConCat/Content/Characters/Mannequins/Textures/Quinn/T_Quinn_02ID_N.uexp" 709
"C:/Users/r022260k/Documents/GitHub/ConCat/Content/Characters/Mannequins/Materials/Instances/Quinn/MI_Quinn_02.uasset" 710
"C:/Users/r022260k/Documents/GitHub/ConCat/Content/Characters/Mannequins/Materials/Instances/Quinn/MI_Quinn_02.uexp" 711
"C:/Users/r022260k/Documents/GitHub/ConCat/Content/Characters/Mannequins/Rigs/PA_Mannequin.uasset" 712
"C:/Users/r022260k/Documents/GitHub/ConCat/Content/Characters/Mannequins/Rigs/PA_Mannequin.uexp" 713
"C:/Users/r022260k/Documents/GitHub/ConCat/Content/Characters/Mannequins/Meshes/SKM_Quinn.uasset" 714
"C:/Users/r022260k/Documents/GitHub/ConCat/Content/Characters/Mannequins/Meshes/SKM_Quinn.uexp" 715
"C:/Users/r022260k/Documents/GitHub/ConCat/Content/Characters/Mannequins/Textures/Manny/T_Manny_02_MSR_MSK.ubulk" 716
"C:/Users/r022260k/Documents/GitHub/ConCat/Content/Characters/Mannequins/Textures/Manny/T_Manny_02_MSR_MSK.uasset" 717
"C:/Users/r022260k/Documents/GitHub/ConCat/Content/Characters/Mannequins/Textures/Manny/T_Manny_02_MSR_MSK.uexp" 718
"C:/Users/r022260k/Documents/GitHub/ConCat/Content/Characters/Mannequins/Textures/Manny/T_Manny_02_CCRCCPlastic_MSK.ubulk" 719
"C:/Users/r022260k/Documents/GitHub/ConCat/Content/Characters/Mannequins/Textures/Manny/T_Manny_02_CCRCCPlastic_MSK.uasset" 720
"C:/Users/r022260k/Documents/GitHub/ConCat/Content/Characters/Mannequins/Textures/Manny/T_Manny_02_CCRCCPlastic_MSK.uexp" 721
"C:/Users/r022260k/Documents/GitHub/ConCat/Content/Characters/Mannequins/Textures/Manny/T_Manny_02_Tan.ubulk" 722
"C:/Users/r022260k/Documents/GitHub/ConCat/Content/Characters/Mannequins/Textures/Manny/T_Manny_02_Tan.uasset" 723
"C:/Users/r022260k/Documents/GitHub/ConCat/Content/Characters/Mannequins/Textures/Manny/T_Manny_02_Tan.uexp" 724
"C:/Users/r022260k/Documents/GitHub/ConCat/Content/Characters/Mannequins/Textures/Manny/T_Manny_02_N.ubulk" 725
"C:/Users/r022260k/Documents/GitHub/ConCat/Content/Characters/Mannequins/Textures/Manny/T_Manny_02_N.uasset" 726
"C:/Users/r022260k/Documents/GitHub/ConCat/Content/Characters/Mannequins/Textures/Manny/T_Manny_02_N.uexp" 727
"C:/Users/r022260k/Documents/GitHub/ConCat/Content/Characters/Mannequins/Materials/Instances/Manny/MI_Manny_01.uasset" 728
"C:/Users/r022260k/Documents/GitHub/ConCat/Content/Characters/Mannequins/Materials/Instances/Manny/MI_Manny_01.uexp" 729
"C:/Users/r022260k/Documents/GitHub/ConCat/Content/Characters/Mannequins/Textures/Manny/T_Manny_02_BN.ubulk" 730
"C:/Users/r022260k/Documents/GitHub/ConCat/Content/Characters/Mannequins/Textures/Manny/T_Manny_02_BN.uasset" 731
"C:/Users/r022260k/Documents/GitHub/ConCat/Content/Characters/Mannequins/Textures/Manny/T_Manny_02_BN.uexp" 732
"C:/Users/r022260k/Documents/GitHub/ConCat/Content/Characters/Mannequins/Textures/Manny/T_Manny_02_ASAOPMASK_MSK.ubulk" 733
"C:/Users/r022260k/Documents/GitHub/ConCat/Content/Characters/Mannequins/Textures/Manny/T_Manny_02_ASAOPMASK_MSK.uasset" 734
"C:/Users/r022260k/Documents/GitHub/ConCat/Content/Characters/Mannequins/Textures/Manny/T_Manny_02_ASAOPMASK_MSK.uexp" 735
"C:/Users/r022260k/Documents/GitHub/ConCat/Content/Characters/Mannequins/Textures/Manny/T_Manny_02_D.ubulk" 736
"C:/Users/r022260k/Documents/GitHub/ConCat/Content/Characters/Mannequins/Textures/Manny/T_Manny_02_D.uasset" 737
"C:/Users/r022260k/Documents/GitHub/ConCat/Content/Characters/Mannequins/Textures/Manny/T_Manny_02_D.uexp" 738
"C:/Users/r022260k/Documents/GitHub/ConCat/Content/Characters/Mannequins/Materials/Instances/Manny/MI_Manny_02.uasset" 739
"C:/Users/r022260k/Documents/GitHub/ConCat/Content/Characters/Mannequins/Materials/Instances/Manny/MI_Manny_02.uexp" 740
"C:/Users/r022260k/Documents/GitHub/ConCat/Content/Characters/Mannequins/Meshes/SKM_Manny_Simple.uasset" 741
"C:/Users/r022260k/Documents/GitHub/ConCat/Content/Characters/Mannequins/Meshes/SKM_Manny_Simple.uexp" 742
"C:/Users/r022260k/Documents/GitHub/ConCat/Content/Characters/Mannequins/Meshes/Mannequin_LODSettings.uasset" 743
"C:/Users/r022260k/Documents/GitHub/ConCat/Content/Characters/Mannequins/Meshes/Mannequin_LODSettings.uexp" 744
"C:/Users/r022260k/Documents/GitHub/ConCat/Content/Characters/Mannequins/Rigs/Poses/Manny/Manny_foot_l_anim.uasset" 745
"C:/Users/r022260k/Documents/GitHub/ConCat/Content/Characters/Mannequins/Rigs/Poses/Manny/Manny_foot_l_anim.uexp" 746
"C:/Users/r022260k/Documents/GitHub/ConCat/Content/Characters/Mannequins/Rigs/Poses/Manny/Manny_foot_l_pose.uasset" 747
"C:/Users/r022260k/Documents/GitHub/ConCat/Content/Characters/Mannequins/Rigs/Poses/Manny/Manny_foot_l_pose.uexp" 748
"C:/Users/r022260k/Documents/GitHub/ConCat/Content/Characters/Mannequins/Rigs/Poses/Manny/Manny_thigh_r_anim.uasset" 749
"C:/Users/r022260k/Documents/GitHub/ConCat/Content/Characters/Mannequins/Rigs/Poses/Manny/Manny_thigh_r_anim.uexp" 750
"C:/Users/r022260k/Documents/GitHub/ConCat/Content/Characters/Mannequins/Rigs/Poses/Manny/Manny_thigh_r_pose.uasset" 751
"C:/Users/r022260k/Documents/GitHub/ConCat/Content/Characters/Mannequins/Rigs/Poses/Manny/Manny_thigh_r_pose.uexp" 752
"C:/Users/r022260k/Documents/GitHub/ConCat/Content/Characters/Mannequins/Rigs/Poses/Manny/Manny_hand_r_anim.uasset" 753
"C:/Users/r022260k/Documents/GitHub/ConCat/Content/Characters/Mannequins/Rigs/Poses/Manny/Manny_hand_r_anim.uexp" 754
"C:/Users/r022260k/Documents/GitHub/ConCat/Content/Characters/Mannequins/Rigs/Poses/Manny/Manny_hand_r_pose.uasset" 755
"C:/Users/r022260k/Documents/GitHub/ConCat/Content/Characters/Mannequins/Rigs/Poses/Manny/Manny_hand_r_pose.uexp" 756
"C:/Users/r022260k/Documents/GitHub/ConCat/Content/Characters/Mannequins/Rigs/Poses/Manny/Manny_clavicle_l_anim.uasset" 757
"C:/Users/r022260k/Documents/GitHub/ConCat/Content/Characters/Mannequins/Rigs/Poses/Manny/Manny_clavicle_l_anim.uexp" 758
"C:/Users/r022260k/Documents/GitHub/ConCat/Content/Characters/Mannequins/Rigs/Poses/Manny/Manny_clavicle_l_pose.uasset" 759
"C:/Users/r022260k/Documents/GitHub/ConCat/Content/Characters/Mannequins/Rigs/Poses/Manny/Manny_clavicle_l_pose.uexp" 760
"C:/Users/r022260k/Documents/GitHub/ConCat/Content/Characters/Mannequins/Rigs/Poses/Manny/Manny_calf_l_anim.uasset" 761
"C:/Users/r022260k/Documents/GitHub/ConCat/Content/Characters/Mannequins/Rigs/Poses/Manny/Manny_calf_l_anim.uexp" 762
"C:/Users/r022260k/Documents/GitHub/ConCat/Content/Characters/Mannequins/Rigs/Poses/Manny/Manny_calf_l_pose.uasset" 763
"C:/Users/r022260k/Documents/GitHub/ConCat/Content/Characters/Mannequins/Rigs/Poses/Manny/Manny_calf_l_pose.uexp" 764
"C:/Users/r022260k/Documents/GitHub/ConCat/Content/Characters/Mannequins/Rigs/Poses/Manny/Manny_hand_l_anim.uasset" 765
"C:/Users/r022260k/Documents/GitHub/ConCat/Content/Characters/Mannequins/Rigs/Poses/Manny/Manny_hand_l_anim.uexp" 766
"C:/Users/r022260k/Documents/GitHub/ConCat/Content/Characters/Mannequins/Rigs/Poses/Manny/Manny_hand_l_pose.uasset" 767
"C:/Users/r022260k/Documents/GitHub/ConCat/Content/Characters/Mannequins/Rigs/Poses/Manny/Manny_hand_l_pose.uexp" 768
"C:/Users/r022260k/Documents/GitHub/ConCat/Content/Characters/Mannequins/Rigs/Poses/Manny/Manny_upperarm_r_anim.uasset" 769
"C:/Users/r022260k/Documents/GitHub/ConCat/Content/Characters/Mannequins/Rigs/Poses/Manny/Manny_upperarm_r_anim.uexp" 770
"C:/Users/r022260k/Documents/GitHub/ConCat/Content/Characters/Mannequins/Rigs/Poses/Manny/Manny_upperarm_r_pose.uasset" 771
"C:/Users/r022260k/Documents/GitHub/ConCat/Content/Characters/Mannequins/Rigs/Poses/Manny/Manny_upperarm_r_pose.uexp" 772
"C:/Users/r022260k/Documents/GitHub/ConCat/Content/Characters/Mannequins/Rigs/Poses/Manny/Manny_lowerarm_r_anim.uasset" 773
"C:/Users/r022260k/Documents/GitHub/ConCat/Content/Characters/Mannequins/Rigs/Poses/Manny/Manny_lowerarm_r_anim.uexp" 774
"C:/Users/r022260k/Documents/GitHub/ConCat/Content/Characters/Mannequins/Rigs/Poses/Manny/Manny_lowerarm_r_pose.uasset" 775
"C:/Users/r022260k/Documents/GitHub/ConCat/Content/Characters/Mannequins/Rigs/Poses/Manny/Manny_lowerarm_r_pose.uexp" 776
"C:/Users/r022260k/Documents/GitHub/ConCat/Content/Characters/Mannequins/Rigs/Poses/Manny/Manny_calf_r_anim.uasset" 777
"C:/Users/r022260k/Documents/GitHub/ConCat/Content/Characters/Mannequins/Rigs/Poses/Manny/Manny_calf_r_anim.uexp" 778
"C:/Users/r022260k/Documents/GitHub/ConCat/Content/Characters/Mannequins/Rigs/Poses/Manny/Manny_calf_r_pose.uasset" 779
"C:/Users/r022260k/Documents/GitHub/ConCat/Content/Characters/Mannequins/Rigs/Poses/Manny/Manny_calf_r_pose.uexp" 780
"C:/Users/r022260k/Documents/GitHub/ConCat/Content/Characters/Mannequins/Rigs/Poses/Manny/Manny_foot_r_anim.uasset" 781
"C:/Users/r022260k/Documents/GitHub/ConCat/Content/Characters/Mannequins/Rigs/Poses/Manny/Manny_foot_r_anim.uexp" 782
"C:/Users/r022260k/Documents/GitHub/ConCat/Content/Characters/Mannequins/Rigs/Poses/Manny/Manny_foot_r_pose.uasset" 783
"C:/Users/r022260k/Documents/GitHub/ConCat/Content/Characters/Mannequins/Rigs/Poses/Manny/Manny_foot_r_pose.uexp" 784
"C:/Users/r022260k/Documents/GitHub/ConCat/Content/Characters/Mannequins/Rigs/Poses/Manny/Manny_lowerarm_l_anim.uasset" 785
"C:/Users/r022260k/Documents/GitHub/ConCat/Content/Characters/Mannequins/Rigs/Poses/Manny/Manny_lowerarm_l_anim.uexp" 786
"C:/Users/r022260k/Documents/GitHub/ConCat/Content/Characters/Mannequins/Rigs/Poses/Manny/Manny_lowerarm_l_pose.uasset" 787
"C:/Users/r022260k/Documents/GitHub/ConCat/Content/Characters/Mannequins/Rigs/Poses/Manny/Manny_lowerarm_l_pose.uexp" 788
"C:/Users/r022260k/Documents/GitHub/ConCat/Content/Characters/Mannequins/Rigs/Poses/Manny/Manny_clavicle_r_anim.uasset" 789
"C:/Users/r022260k/Documents/GitHub/ConCat/Content/Characters/Mannequins/Rigs/Poses/Manny/Manny_clavicle_r_anim.uexp" 790
"C:/Users/r022260k/Documents/GitHub/ConCat/Content/Characters/Mannequins/Rigs/Poses/Manny/Manny_clavicle_r_pose.uasset" 791
"C:/Users/r022260k/Documents/GitHub/ConCat/Content/Characters/Mannequins/Rigs/Poses/Manny/Manny_clavicle_r_pose.uexp" 792
"C:/Users/r022260k/Documents/GitHub/ConCat/Content/Characters/Mannequins/Rigs/Poses/Manny/Manny_thigh_l_anim.uasset" 793
"C:/Users/r022260k/Documents/GitHub/ConCat/Content/Characters/Mannequins/Rigs/Poses/Manny/Manny_thigh_l_anim.uexp" 794
"C:/Users/r022260k/Documents/GitHub/ConCat/Content/Characters/Mannequins/Rigs/Poses/Manny/Manny_thigh_l_pose.uasset" 795
"C:/Users/r022260k/Documents/GitHub/ConCat/Content/Characters/Mannequins/Rigs/Poses/Manny/Manny_thigh_l_pose.uexp" 796
"C:/Users/r022260k/Documents/GitHub/ConCat/Content/Characters/Mannequins/Rigs/Poses/Manny/Manny_upperarm_l_anim.uasset" 797
"C:/Users/r022260k/Documents/GitHub/ConCat/Content/Characters/Mannequins/Rigs/Poses/Manny/Manny_upperarm_l_anim.uexp" 798
"C:/Users/r022260k/Documents/GitHub/ConCat/Content/Characters/Mannequins/Rigs/Poses/Manny/Manny_upperarm_l_pose.uasset" 799
"C:/Users/r022260k/Documents/GitHub/ConCat/Content/Characters/Mannequins/Rigs/Poses/Manny/Manny_upperarm_l_pose.uexp" 800
"C:/Users/r022260k/Documents/GitHub/ConCat/Content/Characters/Mannequins/Rigs/ABP_Manny_PostProcess.uasset" 801
"C:/Users/r022260k/Documents/GitHub/ConCat/Content/Characters/Mannequins/Rigs/ABP_Manny_PostProcess.uexp" 802
"C:/Users/r022260k/Documents/GitHub/ConCat/Content/Characters/Mannequins/Meshes/SKM_Manny.uasset" 803
"C:/Users/r022260k/Documents/GitHub/ConCat/Content/Characters/Mannequins/Meshes/SKM_Manny.uexp" 804
"C:/Users/r022260k/Documents/GitHub/ConCat/Content/Characters/Mannequins/Rigs/IK_Mannequin.uasset" 805
"C:/Users/r022260k/Documents/GitHub/ConCat/Content/Characters/Mannequins/Rigs/IK_Mannequin.uexp" 806
"C:/Users/r022260k/Documents/GitHub/ConCat/Content/Characters/Mannequins/Rigs/RTG_Mannequin.uasset" 807
"C:/Users/r022260k/Documents/GitHub/ConCat/Content/Characters/Mannequins/Rigs/RTG_Mannequin.uexp" 808
"C:/Users/r022260k/Documents/GitHub/ConCat/Content/Characters/Mannequin_UE4/Meshes/SK_Mannequin_Skeleton.uasset" 809
"C:/Users/r022260k/Documents/GitHub/ConCat/Content/Characters/Mannequin_UE4/Meshes/SK_Mannequin_Skeleton.uexp" 810
"C:/Users/r022260k/Documents/GitHub/ConCat/Content/Characters/Mannequin_UE4/Animations/Jog_Fwd.uasset" 811
"C:/Users/r022260k/Documents/GitHub/ConCat/Content/Characters/Mannequin_UE4/Animations/Jog_Fwd.uexp" 812
"C:/Users/r022260k/Documents/GitHub/ConCat/Content/Characters/Mannequin_UE4/Textures/T_UELogo_N_TGA.ubulk" 813
"C:/Users/r022260k/Documents/GitHub/ConCat/Content/Characters/Mannequin_UE4/Textures/T_UELogo_N_TGA.uasset" 814
"C:/Users/r022260k/Documents/GitHub/ConCat/Content/Characters/Mannequin_UE4/Textures/T_UELogo_N_TGA.uexp" 815
"C:/Users/r022260k/Documents/GitHub/ConCat/Content/Characters/Mannequin_UE4/Textures/T_UE4_Mannequin__normals.ubulk" 816
"C:/Users/r022260k/Documents/GitHub/ConCat/Content/Characters/Mannequin_UE4/Textures/T_UE4_Mannequin__normals.uasset" 817
"C:/Users/r022260k/Documents/GitHub/ConCat/Content/Characters/Mannequin_UE4/Textures/T_UE4_Mannequin__normals.uexp" 818
"C:/Users/r022260k/Documents/GitHub/ConCat/Content/Characters/Mannequin_UE4/Materials/Layers/ML_ShinyPlastic_Beige.uasset" 819
"C:/Users/r022260k/Documents/GitHub/ConCat/Content/Characters/Mannequin_UE4/Materials/Layers/ML_ShinyPlastic_Beige.uexp" 820
"../../../Engine/Content/Functions/Engine_MaterialFunctions02/Utility/BlendAngleCorrectedNormals.uasset" 821
"../../../Engine/Content/Functions/Engine_MaterialFunctions02/Utility/BlendAngleCorrectedNormals.uexp" 822
"../../../Engine/Content/Functions/MaterialLayerFunctions/MatLayerBlend_NormalBlend.uasset" 823
"../../../Engine/Content/Functions/MaterialLayerFunctions/MatLayerBlend_NormalBlend.uexp" 824
"C:/Users/r022260k/Documents/GitHub/ConCat/Content/Characters/Mannequin_UE4/Textures/T_UELogo_Mask.ubulk" 825
"C:/Users/r022260k/Documents/GitHub/ConCat/Content/Characters/Mannequin_UE4/Textures/T_UELogo_Mask.uasset" 826
"C:/Users/r022260k/Documents/GitHub/ConCat/Content/Characters/Mannequin_UE4/Textures/T_UELogo_Mask.uexp" 827
"C:/Users/r022260k/Documents/GitHub/ConCat/Content/Characters/Mannequin_UE4/Materials/Layers/ML_ShinyPlastic_Beige_Logo.uasset" 828
"C:/Users/r022260k/Documents/GitHub/ConCat/Content/Characters/Mannequin_UE4/Materials/Layers/ML_ShinyPlastic_Beige_Logo.uexp" 829
"C:/Users/r022260k/Documents/GitHub/ConCat/Content/Characters/Mannequin_UE4/Textures/T_UE4_Mannequin_MAT_MASKA.ubulk" 830
"C:/Users/r022260k/Documents/GitHub/ConCat/Content/Characters/Mannequin_UE4/Textures/T_UE4_Mannequin_MAT_MASKA.uasset" 831
"C:/Users/r022260k/Documents/GitHub/ConCat/Content/Characters/Mannequin_UE4/Textures/T_UE4_Mannequin_MAT_MASKA.uexp" 832
"C:/Users/r022260k/Documents/GitHub/ConCat/Content/Characters/Mannequin_UE4/Textures/T_ML_Aluminum01_N.ubulk" 833
"C:/Users/r022260k/Documents/GitHub/ConCat/Content/Characters/Mannequin_UE4/Textures/T_ML_Aluminum01_N.uasset" 834
"C:/Users/r022260k/Documents/GitHub/ConCat/Content/Characters/Mannequin_UE4/Textures/T_ML_Aluminum01_N.uexp" 835
"C:/Users/r022260k/Documents/GitHub/ConCat/Content/Characters/Mannequin_UE4/Textures/T_ML_Aluminum01.ubulk" 836
"C:/Users/r022260k/Documents/GitHub/ConCat/Content/Characters/Mannequin_UE4/Textures/T_ML_Aluminum01.uasset" 837
"C:/Users/r022260k/Documents/GitHub/ConCat/Content/Characters/Mannequin_UE4/Textures/T_ML_Aluminum01.uexp" 838
"C:/Users/r022260k/Documents/GitHub/ConCat/Content/Characters/Mannequin_UE4/Materials/Layers/ML_SoftMetal.uasset" 839
"C:/Users/r022260k/Documents/GitHub/ConCat/Content/Characters/Mannequin_UE4/Materials/Layers/ML_SoftMetal.uexp" 840
"../../../Engine/Content/Functions/MaterialLayerFunctions/MatLayerBlend_Simple.uasset" 841
"../../../Engine/Content/Functions/MaterialLayerFunctions/MatLayerBlend_Simple.uexp" 842
"C:/Users/r022260k/Documents/GitHub/ConCat/Content/Characters/Mannequin_UE4/Textures/T_ML_Rubber_Blue_01_N.ubulk" 843
"C:/Users/r022260k/Documents/GitHub/ConCat/Content/Characters/Mannequin_UE4/Textures/T_ML_Rubber_Blue_01_N.uasset" 844
"C:/Users/r022260k/Documents/GitHub/ConCat/Content/Characters/Mannequin_UE4/Textures/T_ML_Rubber_Blue_01_N.uexp" 845
"C:/Users/r022260k/Documents/GitHub/ConCat/Content/Characters/Mannequin_UE4/Textures/T_ML_Rubber_Blue_01_D.ubulk" 846
"C:/Users/r022260k/Documents/GitHub/ConCat/Content/Characters/Mannequin_UE4/Textures/T_ML_Rubber_Blue_01_D.uasset" 847
"C:/Users/r022260k/Documents/GitHub/ConCat/Content/Characters/Mannequin_UE4/Textures/T_ML_Rubber_Blue_01_D.uexp" 848
"C:/Users/r022260k/Documents/GitHub/ConCat/Content/Characters/Mannequin_UE4/Materials/Layers/ML_Latex_Black.uasset" 849
"C:/Users/r022260k/Documents/GitHub/ConCat/Content/Characters/Mannequin_UE4/Materials/Layers/ML_Latex_Black.uexp" 850
"C:/Users/r022260k/Documents/GitHub/ConCat/Content/Characters/Mannequin_UE4/Materials/M_MannequinUE4_Body.uasset" 851
"C:/Users/r022260k/Documents/GitHub/ConCat/Content/Characters/Mannequin_UE4/Materials/M_MannequinUE4_Body.uexp" 852
"C:/Users/r022260k/Documents/GitHub/ConCat/Content/Characters/Mannequin_UE4/Materials/M_MannequinUE4_ChestLogo.uasset" 853
"C:/Users/r022260k/Documents/GitHub/ConCat/Content/Characters/Mannequin_UE4/Materials/M_MannequinUE4_ChestLogo.uexp" 854
"C:/Users/r022260k/Documents/GitHub/ConCat/Content/Characters/Mannequin_UE4/Meshes/SK_Mannequin_PhysicsAsset.uasset" 855
"C:/Users/r022260k/Documents/GitHub/ConCat/Content/Characters/Mannequin_UE4/Meshes/SK_Mannequin_PhysicsAsset.uexp" 856
"C:/Users/r022260k/Documents/GitHub/ConCat/Content/Characters/Mannequin_UE4/Meshes/SK_Mannequin.uasset" 857
"C:/Users/r022260k/Documents/GitHub/ConCat/Content/Characters/Mannequin_UE4/Meshes/SK_Mannequin.uexp" 858
"C:/Users/r022260k/Documents/GitHub/ConCat/Content/Characters/Mannequin_UE4/Rigs/IK_UE4_Mannequin.uasset" 859
"C:/Users/r022260k/Documents/GitHub/ConCat/Content/Characters/Mannequin_UE4/Rigs/IK_UE4_Mannequin.uexp" 860
"C:/Users/r022260k/Documents/GitHub/ConCat/Content/Characters/Mannequin_UE4/Rigs/RTG_UE5Manny_UE4Manny.uasset" 861
"C:/Users/r022260k/Documents/GitHub/ConCat/Content/Characters/Mannequin_UE4/Rigs/RTG_UE5Manny_UE4Manny.uexp" 862
"C:/Users/r022260k/Documents/GitHub/ConCat/Content/Characters/Mannequin_UE4/Rigs/RTG_UE4Manny_UE5Manny.uasset" 863
"C:/Users/r022260k/Documents/GitHub/ConCat/Content/Characters/Mannequin_UE4/Rigs/RTG_UE4Manny_UE5Manny.uexp" 864
"C:/Users/r022260k/Documents/GitHub/ConCat/Content/Construction/Art/Characters/Male_1/Mesh/Male_1_All_Toghther_Skeleton.uasset" 865
"C:/Users/r022260k/Documents/GitHub/ConCat/Content/Construction/Art/Characters/Male_1/Mesh/Male_1_All_Toghther_Skeleton.uexp" 866
"C:/Users/r022260k/Documents/GitHub/ConCat/Content/Construction/Art/Characters/Animations/One_Hand_pickup__89-1x_.uasset" 867
"C:/Users/r022260k/Documents/GitHub/ConCat/Content/Construction/Art/Characters/Animations/One_Hand_pickup__89-1x_.uexp" 868
"C:/Users/r022260k/Documents/GitHub/ConCat/Content/Construction/Art/Characters/Animations/One_hand_bonk__70-1x_.uasset" 869
"C:/Users/r022260k/Documents/GitHub/ConCat/Content/Construction/Art/Characters/Animations/One_hand_bonk__70-1x_.uexp" 870
"C:/Users/r022260k/Documents/GitHub/ConCat/Content/Construction/Art/Characters/Animations/Loss__302-1x_.uasset" 871
"C:/Users/r022260k/Documents/GitHub/ConCat/Content/Construction/Art/Characters/Animations/Loss__302-1x_.uexp" 872
"C:/Users/r022260k/Documents/GitHub/ConCat/Content/Construction/Art/Characters/Animations/Idle_2__649-1x_.uasset" 873
"C:/Users/r022260k/Documents/GitHub/ConCat/Content/Construction/Art/Characters/Animations/Idle_2__649-1x_.uexp" 874
"C:/Users/r022260k/Documents/GitHub/ConCat/Content/Construction/Art/Characters/Animations/Idle1__748-1x_.uasset" 875
"C:/Users/r022260k/Documents/GitHub/ConCat/Content/Construction/Art/Characters/Animations/Idle1__748-1x_.uexp" 876
"C:/Users/r022260k/Documents/GitHub/ConCat/Content/Construction/Art/Characters/Animations/Hose_me_down__68-1x_.uasset" 877
"C:/Users/r022260k/Documents/GitHub/ConCat/Content/Construction/Art/Characters/Animations/Hose_me_down__68-1x_.uexp" 878
"C:/Users/r022260k/Documents/GitHub/ConCat/Content/Construction/Art/Characters/Animations/Hit_1__200-1x_.uasset" 879
"C:/Users/r022260k/Documents/GitHub/ConCat/Content/Construction/Art/Characters/Animations/Hit_1__200-1x_.uexp" 880
"C:/Users/r022260k/Documents/GitHub/ConCat/Content/Construction/Art/Characters/Animations/Getting_up_front__200-1x_.uasset" 881
"C:/Users/r022260k/Documents/GitHub/ConCat/Content/Construction/Art/Characters/Animations/Getting_up_front__200-1x_.uexp" 882
"C:/Users/r022260k/Documents/GitHub/ConCat/Content/Construction/Art/Characters/Animations/Getting_Up_Back__265-1x_.uasset" 883
"C:/Users/r022260k/Documents/GitHub/ConCat/Content/Construction/Art/Characters/Animations/Getting_Up_Back__265-1x_.uexp" 884
"C:/Users/r022260k/Documents/GitHub/ConCat/Content/Construction/Art/Characters/Animations/2_Hand_pickup__188-1x_.uasset" 885
"C:/Users/r022260k/Documents/GitHub/ConCat/Content/Construction/Art/Characters/Animations/2_Hand_pickup__188-1x_.uexp" 886
"C:/Users/r022260k/Documents/GitHub/ConCat/Content/Construction/Art/Characters/Female_1/Mats/Textures/Female1_Character3_BaseColor.ubulk" 887
"C:/Users/r022260k/Documents/GitHub/ConCat/Content/Construction/Art/Characters/Female_1/Mats/Textures/Female1_Character3_BaseColor.uasset" 888
"C:/Users/r022260k/Documents/GitHub/ConCat/Content/Construction/Art/Characters/Female_1/Mats/Textures/Female1_Character3_BaseColor.uexp" 889
"C:/Users/r022260k/Documents/GitHub/ConCat/Content/Construction/Art/Characters/Female_1/Mats/Textures/Female1_Character3_OcclusionRoughnessMetallic.ubulk" 890
"C:/Users/r022260k/Documents/GitHub/ConCat/Content/Construction/Art/Characters/Female_1/Mats/Textures/Female1_Character3_OcclusionRoughnessMetallic.uasset" 891
"C:/Users/r022260k/Documents/GitHub/ConCat/Content/Construction/Art/Characters/Female_1/Mats/Textures/Female1_Character3_OcclusionRoughnessMetallic.uexp" 892
"C:/Users/r022260k/Documents/GitHub/ConCat/Content/Construction/Art/Characters/Female_1/Mats/Textures/Female1_Character3_Normal.ubulk" 893
"C:/Users/r022260k/Documents/GitHub/ConCat/Content/Construction/Art/Characters/Female_1/Mats/Textures/Female1_Character3_Normal.uasset" 894
"C:/Users/r022260k/Documents/GitHub/ConCat/Content/Construction/Art/Characters/Female_1/Mats/Textures/Female1_Character3_Normal.uexp" 895
"C:/Users/r022260k/Documents/GitHub/ConCat/Content/Construction/Art/Characters/Female_1/Mats/Female_1_Hands_M.uasset" 896
"C:/Users/r022260k/Documents/GitHub/ConCat/Content/Construction/Art/Characters/Female_1/Mats/Female_1_Hands_M.uexp" 897
"C:/Users/r022260k/Documents/GitHub/ConCat/Content/Construction/Art/Characters/Female_1/Mats/Female_1_Hands_M_Inst1.uasset" 898
"C:/Users/r022260k/Documents/GitHub/ConCat/Content/Construction/Art/Characters/Female_1/Mats/Female_1_Hands_M_Inst1.uexp" 899
"C:/Users/r022260k/Documents/GitHub/ConCat/Content/Construction/Art/Characters/Female_1/Mats/Textures/Female1_Character4_Normal.ubulk" 900
"C:/Users/r022260k/Documents/GitHub/ConCat/Content/Construction/Art/Characters/Female_1/Mats/Textures/Female1_Character4_Normal.uasset" 901
"C:/Users/r022260k/Documents/GitHub/ConCat/Content/Construction/Art/Characters/Female_1/Mats/Textures/Female1_Character4_Normal.uexp" 902
"C:/Users/r022260k/Documents/GitHub/ConCat/Content/Construction/Art/Characters/Female_1/Mats/Textures/Female1_Character4_BaseColor.ubulk" 903
"C:/Users/r022260k/Documents/GitHub/ConCat/Content/Construction/Art/Characters/Female_1/Mats/Textures/Female1_Character4_BaseColor.uasset" 904
"C:/Users/r022260k/Documents/GitHub/ConCat/Content/Construction/Art/Characters/Female_1/Mats/Textures/Female1_Character4_BaseColor.uexp" 905
"C:/Users/r022260k/Documents/GitHub/ConCat/Content/Construction/Art/Characters/Female_1/Mats/Textures/Female1_Character4_OcclusionRoughnessMetallic.ubulk" 906
"C:/Users/r022260k/Documents/GitHub/ConCat/Content/Construction/Art/Characters/Female_1/Mats/Textures/Female1_Character4_OcclusionRoughnessMetallic.uasset" 907
"C:/Users/r022260k/Documents/GitHub/ConCat/Content/Construction/Art/Characters/Female_1/Mats/Textures/Female1_Character4_OcclusionRoughnessMetallic.uexp" 908
"C:/Users/r022260k/Documents/GitHub/ConCat/Content/Construction/Art/Characters/Female_1/Mats/Female_1_boots_M.uasset" 909
"C:/Users/r022260k/Documents/GitHub/ConCat/Content/Construction/Art/Characters/Female_1/Mats/Female_1_boots_M.uexp" 910
"C:/Users/r022260k/Documents/GitHub/ConCat/Content/Construction/Art/Characters/Female_1/Mats/Female-Boots-Skin-Insts/Female_1_boots_M_Inst5.uasset" 911
"C:/Users/r022260k/Documents/GitHub/ConCat/Content/Construction/Art/Characters/Female_1/Mats/Female-Boots-Skin-Insts/Female_1_boots_M_Inst5.uexp" 912
"C:/Users/r022260k/Documents/GitHub/ConCat/Content/Construction/Art/Characters/Female_1/Mats/Female-Boots-Skin-Insts/Female_1_boots_M_Inst4.uasset" 913
"C:/Users/r022260k/Documents/GitHub/ConCat/Content/Construction/Art/Characters/Female_1/Mats/Female-Boots-Skin-Insts/Female_1_boots_M_Inst4.uexp" 914
"C:/Users/r022260k/Documents/GitHub/ConCat/Content/Construction/Art/Characters/Female_1/Mats/Female-Boots-Skin-Insts/Female_1_boots_M_Inst3.uasset" 915
"C:/Users/r022260k/Documents/GitHub/ConCat/Content/Construction/Art/Characters/Female_1/Mats/Female-Boots-Skin-Insts/Female_1_boots_M_Inst3.uexp" 916
"C:/Users/r022260k/Documents/GitHub/ConCat/Content/Construction/Art/Characters/Female_1/Mats/Female-Boots-Skin-Insts/Female_1_boots_M_Inst2.uasset" 917
"C:/Users/r022260k/Documents/GitHub/ConCat/Content/Construction/Art/Characters/Female_1/Mats/Female-Boots-Skin-Insts/Female_1_boots_M_Inst2.uexp" 918
"C:/Users/r022260k/Documents/GitHub/ConCat/Content/Construction/Art/Characters/Female_1/Mats/Female-Boots-Skin-Insts/Female_1_boots_M_Inst1.uasset" 919
"C:/Users/r022260k/Documents/GitHub/ConCat/Content/Construction/Art/Characters/Female_1/Mats/Female-Boots-Skin-Insts/Female_1_boots_M_Inst1.uexp" 920
"C:/Users/r022260k/Documents/GitHub/ConCat/Content/Construction/Art/Characters/Female_1/Mats/Textures/Female1_Glasses_Mask_BW.ubulk" 921
"C:/Users/r022260k/Documents/GitHub/ConCat/Content/Construction/Art/Characters/Female_1/Mats/Textures/Female1_Glasses_Mask_BW.uasset" 922
"C:/Users/r022260k/Documents/GitHub/ConCat/Content/Construction/Art/Characters/Female_1/Mats/Textures/Female1_Glasses_Mask_BW.uexp" 923
"C:/Users/r022260k/Documents/GitHub/ConCat/Content/Construction/Art/Characters/Male_1/Mats/texters/Male_1_F_02_-_Default3_OcclusionRoughnessMetallic.ubulk" 924
"C:/Users/r022260k/Documents/GitHub/ConCat/Content/Construction/Art/Characters/Male_1/Mats/texters/Male_1_F_02_-_Default3_OcclusionRoughnessMetallic.uasset" 925
"C:/Users/r022260k/Documents/GitHub/ConCat/Content/Construction/Art/Characters/Male_1/Mats/texters/Male_1_F_02_-_Default3_OcclusionRoughnessMetallic.uexp" 926
"C:/Users/r022260k/Documents/GitHub/ConCat/Content/Construction/Art/Characters/Male_1/Mats/Male_1_Hat.uasset" 927
"C:/Users/r022260k/Documents/GitHub/ConCat/Content/Construction/Art/Characters/Male_1/Mats/Male_1_Hat.uexp" 928
"C:/Users/r022260k/Documents/GitHub/ConCat/Content/Construction/Art/Characters/Male_1/Mats/texters/Male_1_Face_Mask.ubulk" 929
"C:/Users/r022260k/Documents/GitHub/ConCat/Content/Construction/Art/Characters/Male_1/Mats/texters/Male_1_Face_Mask.uasset" 930
"C:/Users/r022260k/Documents/GitHub/ConCat/Content/Construction/Art/Characters/Male_1/Mats/texters/Male_1_Face_Mask.uexp" 931
"C:/Users/r022260k/Documents/GitHub/ConCat/Content/Construction/Art/Characters/Male_1/Mats/texters/Male_1_F_02_-_Default3_Normal.ubulk" 932
"C:/Users/r022260k/Documents/GitHub/ConCat/Content/Construction/Art/Characters/Male_1/Mats/texters/Male_1_F_02_-_Default3_Normal.uasset" 933
"C:/Users/r022260k/Documents/GitHub/ConCat/Content/Construction/Art/Characters/Male_1/Mats/texters/Male_1_F_02_-_Default3_Normal.uexp" 934
"C:/Users/r022260k/Documents/GitHub/ConCat/Content/Construction/Art/Characters/Male_1/Mats/texters/Male_1_F_02_-_Default3_BaseColor.ubulk" 935
"C:/Users/r022260k/Documents/GitHub/ConCat/Content/Construction/Art/Characters/Male_1/Mats/texters/Male_1_F_02_-_Default3_BaseColor.uasset" 936
"C:/Users/r022260k/Documents/GitHub/ConCat/Content/Construction/Art/Characters/Male_1/Mats/texters/Male_1_F_02_-_Default3_BaseColor.uexp" 937
"C:/Users/r022260k/Documents/GitHub/ConCat/Content/Construction/Art/Characters/Male_1/Mats/Male_1_Skin.uasset" 938
"C:/Users/r022260k/Documents/GitHub/ConCat/Content/Construction/Art/Characters/Male_1/Mats/Male_1_Skin.uexp" 939
"C:/Users/r022260k/Documents/GitHub/ConCat/Content/Construction/Art/Characters/Male_1/Mats/texters/Male_1_Helmet_Mask.ubulk" 940
"C:/Users/r022260k/Documents/GitHub/ConCat/Content/Construction/Art/Characters/Male_1/Mats/texters/Male_1_Helmet_Mask.uasset" 941
"C:/Users/r022260k/Documents/GitHub/ConCat/Content/Construction/Art/Characters/Male_1/Mats/texters/Male_1_Helmet_Mask.uexp" 942
"C:/Users/r022260k/Documents/GitHub/ConCat/Content/Construction/Art/Characters/Male_1/Mats/Male_1_Head_M.uasset" 943
"C:/Users/r022260k/Documents/GitHub/ConCat/Content/Construction/Art/Characters/Male_1/Mats/Male_1_Head_M.uexp" 944
"C:/Users/r022260k/Documents/GitHub/ConCat/Content/Construction/Art/Characters/Male_1/Mats/Male-HatMatInstances/Hat1-Vars/Male_1_Head_M_Hat1-SK5.uasset" 945
"C:/Users/r022260k/Documents/GitHub/ConCat/Content/Construction/Art/Characters/Male_1/Mats/Male-HatMatInstances/Hat1-Vars/Male_1_Head_M_Hat1-SK5.uexp" 946
"C:/Users/r022260k/Documents/GitHub/ConCat/Content/Construction/Art/Characters/Male_1/Mats/Male-HatMatInstances/Hat1-Vars/Male_1_Head_M_Hat1-SK4.uasset" 947
"C:/Users/r022260k/Documents/GitHub/ConCat/Content/Construction/Art/Characters/Male_1/Mats/Male-HatMatInstances/Hat1-Vars/Male_1_Head_M_Hat1-SK4.uexp" 948
"C:/Users/r022260k/Documents/GitHub/ConCat/Content/Construction/Art/Characters/Male_1/Mats/Male-HatMatInstances/Hat1-Vars/Male_1_Head_M_Hat1-SK3.uasset" 949
"C:/Users/r022260k/Documents/GitHub/ConCat/Content/Construction/Art/Characters/Male_1/Mats/Male-HatMatInstances/Hat1-Vars/Male_1_Head_M_Hat1-SK3.uexp" 950
"C:/Users/r022260k/Documents/GitHub/ConCat/Content/Construction/Art/Characters/Male_1/Mats/Male-HatMatInstances/Hat1-Vars/Male_1_Head_M_Hat1-SK2.uasset" 951
"C:/Users/r022260k/Documents/GitHub/ConCat/Content/Construction/Art/Characters/Male_1/Mats/Male-HatMatInstances/Hat1-Vars/Male_1_Head_M_Hat1-SK2.uexp" 952
"C:/Users/r022260k/Documents/GitHub/ConCat/Content/Construction/Art/Characters/Male_1/Mats/Male-HatMatInstances/Hat1-Vars/Male_1_Head_M_Hat1-SK1.uasset" 953
"C:/Users/r022260k/Documents/GitHub/ConCat/Content/Construction/Art/Characters/Male_1/Mats/Male-HatMatInstances/Hat1-Vars/Male_1_Head_M_Hat1-SK1.uexp" 954
"C:/Users/r022260k/Documents/GitHub/ConCat/Content/Construction/Art/Characters/Male_1/Mats/texters/Male_1_F_02_-_Default4_Normal.ubulk" 955
"C:/Users/r022260k/Documents/GitHub/ConCat/Content/Construction/Art/Characters/Male_1/Mats/texters/Male_1_F_02_-_Default4_Normal.uasset" 956
"C:/Users/r022260k/Documents/GitHub/ConCat/Content/Construction/Art/Characters/Male_1/Mats/texters/Male_1_F_02_-_Default4_Normal.uexp" 957
"C:/Users/r022260k/Documents/GitHub/ConCat/Content/Construction/Art/Characters/Male_1/Mats/texters/Male_1_F_02_-_Default4_BaseColor.ubulk" 958
"C:/Users/r022260k/Documents/GitHub/ConCat/Content/Construction/Art/Characters/Male_1/Mats/texters/Male_1_F_02_-_Default4_BaseColor.uasset" 959
"C:/Users/r022260k/Documents/GitHub/ConCat/Content/Construction/Art/Characters/Male_1/Mats/texters/Male_1_F_02_-_Default4_BaseColor.uexp" 960
"C:/Users/r022260k/Documents/GitHub/ConCat/Content/Construction/Art/Characters/Male_1/Mats/texters/Male_1_F_02_-_Default4_OcclusionRoughnessMetallic.ubulk" 961
"C:/Users/r022260k/Documents/GitHub/ConCat/Content/Construction/Art/Characters/Male_1/Mats/texters/Male_1_F_02_-_Default4_OcclusionRoughnessMetallic.uasset" 962
"C:/Users/r022260k/Documents/GitHub/ConCat/Content/Construction/Art/Characters/Male_1/Mats/texters/Male_1_F_02_-_Default4_OcclusionRoughnessMetallic.uexp" 963
"C:/Users/r022260k/Documents/GitHub/ConCat/Content/Construction/Art/Characters/Male_1/Mats/Male_1_Legs_M.uasset" 964
"C:/Users/r022260k/Documents/GitHub/ConCat/Content/Construction/Art/Characters/Male_1/Mats/Male_1_Legs_M.uexp" 965
"C:/Users/r022260k/Documents/GitHub/ConCat/Content/Construction/Art/Characters/Male_1/Mesh/Male_1_Legs_PhysicsAsset.uasset" 966
"C:/Users/r022260k/Documents/GitHub/ConCat/Content/Construction/Art/Characters/Male_1/Mesh/Male_1_Legs_PhysicsAsset.uexp" 967
"C:/Users/r022260k/Documents/GitHub/ConCat/Content/Construction/Art/Characters/Male_1/Mesh/Male_1_Legs_Skeleton.uasset" 968
"C:/Users/r022260k/Documents/GitHub/ConCat/Content/Construction/Art/Characters/Male_1/Mesh/Male_1_Legs_Skeleton.uexp" 969
"C:/Users/r022260k/Documents/GitHub/ConCat/Content/Construction/Art/Characters/Male_1/Mesh/Male_1_Legs.uasset" 970
"C:/Users/r022260k/Documents/GitHub/ConCat/Content/Construction/Art/Characters/Male_1/Mesh/Male_1_Legs.uexp" 971
"C:/Users/r022260k/Documents/GitHub/ConCat/Content/Construction/Art/Characters/Male_1/Mesh/Male_1_Head_PhysicsAsset.uasset" 972
"C:/Users/r022260k/Documents/GitHub/ConCat/Content/Construction/Art/Characters/Male_1/Mesh/Male_1_Head_PhysicsAsset.uexp" 973
"C:/Users/r022260k/Documents/GitHub/ConCat/Content/Construction/Art/Characters/Male_1/Mesh/Male_1_Head_Skeleton.uasset" 974
"C:/Users/r022260k/Documents/GitHub/ConCat/Content/Construction/Art/Characters/Male_1/Mesh/Male_1_Head_Skeleton.uexp" 975
"C:/Users/r022260k/Documents/GitHub/ConCat/Content/Construction/Art/Characters/Male_1/Mesh/Male_1_Head.uasset" 976
"C:/Users/r022260k/Documents/GitHub/ConCat/Content/Construction/Art/Characters/Male_1/Mesh/Male_1_Head.uexp" 977
"C:/Users/r022260k/Documents/GitHub/ConCat/Content/Construction/Art/Characters/Male_1/Mesh/Male_1_Hands_Skeleton.uasset" 978
"C:/Users/r022260k/Documents/GitHub/ConCat/Content/Construction/Art/Characters/Male_1/Mesh/Male_1_Hands_Skeleton.uexp" 979
"C:/Users/r022260k/Documents/GitHub/ConCat/Content/Construction/Art/Characters/Male_1/Mesh/Male_1_Hands_PhysicsAsset.uasset" 980
"C:/Users/r022260k/Documents/GitHub/ConCat/Content/Construction/Art/Characters/Male_1/Mesh/Male_1_Hands_PhysicsAsset.uexp" 981
"C:/Users/r022260k/Documents/GitHub/ConCat/Content/Construction/Art/Characters/Male_1/Mats/texters/Male_1_F_02_-_Default2_OcclusionRoughnessMetallic.ubulk" 982
"C:/Users/r022260k/Documents/GitHub/ConCat/Content/Construction/Art/Characters/Male_1/Mats/texters/Male_1_F_02_-_Default2_OcclusionRoughnessMetallic.uasset" 983
"C:/Users/r022260k/Documents/GitHub/ConCat/Content/Construction/Art/Characters/Male_1/Mats/texters/Male_1_F_02_-_Default2_OcclusionRoughnessMetallic.uexp" 984
"C:/Users/r022260k/Documents/GitHub/ConCat/Content/Construction/Art/Characters/Male_1/Mats/texters/Male_1_F_02_-_Default2_BaseColor.ubulk" 985
"C:/Users/r022260k/Documents/GitHub/ConCat/Content/Construction/Art/Characters/Male_1/Mats/texters/Male_1_F_02_-_Default2_BaseColor.uasset" 986
"C:/Users/r022260k/Documents/GitHub/ConCat/Content/Construction/Art/Characters/Male_1/Mats/texters/Male_1_F_02_-_Default2_BaseColor.uexp" 987
"C:/Users/r022260k/Documents/GitHub/ConCat/Content/Construction/Art/Characters/Male_1/Mats/texters/Male_1_F_02_-_Default2_Normal.ubulk" 988
"C:/Users/r022260k/Documents/GitHub/ConCat/Content/Construction/Art/Characters/Male_1/Mats/texters/Male_1_F_02_-_Default2_Normal.uasset" 989
"C:/Users/r022260k/Documents/GitHub/ConCat/Content/Construction/Art/Characters/Male_1/Mats/texters/Male_1_F_02_-_Default2_Normal.uexp" 990
"C:/Users/r022260k/Documents/GitHub/ConCat/Content/Construction/Art/Characters/Male_1/Mats/Male_1_Hands_M.uasset" 991
"C:/Users/r022260k/Documents/GitHub/ConCat/Content/Construction/Art/Characters/Male_1/Mats/Male_1_Hands_M.uexp" 992
"C:/Users/r022260k/Documents/GitHub/ConCat/Content/Construction/Art/Characters/Male_1/Mesh/Male_1_Hands.uasset" 993
"C:/Users/r022260k/Documents/GitHub/ConCat/Content/Construction/Art/Characters/Male_1/Mesh/Male_1_Hands.uexp" 994
"C:/Users/r022260k/Documents/GitHub/ConCat/Content/Construction/Art/Characters/Male_1/Mats/texters/Male_1_F_02_-_Default1_BaseColor.ubulk" 995
"C:/Users/r022260k/Documents/GitHub/ConCat/Content/Construction/Art/Characters/Male_1/Mats/texters/Male_1_F_02_-_Default1_BaseColor.uasset" 996
"C:/Users/r022260k/Documents/GitHub/ConCat/Content/Construction/Art/Characters/Male_1/Mats/texters/Male_1_F_02_-_Default1_BaseColor.uexp" 997
"C:/Users/r022260k/Documents/GitHub/ConCat/Content/Construction/Art/Characters/Male_1/Mats/texters/Male_1_F_02_-_Default1_Normal.ubulk" 998
"C:/Users/r022260k/Documents/GitHub/ConCat/Content/Construction/Art/Characters/Male_1/Mats/texters/Male_1_F_02_-_Default1_Normal.uasset" 999
"C:/Users/r022260k/Documents/GitHub/ConCat/Content/Construction/Art/Characters/Male_1/Mats/texters/Male_1_F_02_-_Default1_Normal.uexp" 1000
"C:/Users/r022260k/Documents/GitHub/ConCat/Content/Construction/Art/Characters/Male_1/Mats/texters/Male_1_F_02_-_Default1_OcclusionRoughnessMetallic.ubulk" 1001
"C:/Users/r022260k/Documents/GitHub/ConCat/Content/Construction/Art/Characters/Male_1/Mats/texters/Male_1_F_02_-_Default1_OcclusionRoughnessMetallic.uasset" 1002
"C:/Users/r022260k/Documents/GitHub/ConCat/Content/Construction/Art/Characters/Male_1/Mats/texters/Male_1_F_02_-_Default1_OcclusionRoughnessMetallic.uexp" 1003
"C:/Users/r022260k/Documents/GitHub/ConCat/Content/Construction/Art/Characters/Male_1/Mats/Male_1_boots_M.uasset" 1004
"C:/Users/r022260k/Documents/GitHub/ConCat/Content/Construction/Art/Characters/Male_1/Mats/Male_1_boots_M.uexp" 1005
"C:/Users/r022260k/Documents/GitHub/ConCat/Content/Construction/Art/Characters/Male_1/Mesh/Male_1_Boots_Skeleton.uasset" 1006
"C:/Users/r022260k/Documents/GitHub/ConCat/Content/Construction/Art/Characters/Male_1/Mesh/Male_1_Boots_Skeleton.uexp" 1007
"C:/Users/r022260k/Documents/GitHub/ConCat/Content/Construction/Art/Characters/Male_1/Mesh/Male_1_Boots_PhysicsAsset.uasset" 1008
"C:/Users/r022260k/Documents/GitHub/ConCat/Content/Construction/Art/Characters/Male_1/Mesh/Male_1_Boots_PhysicsAsset.uexp" 1009
"C:/Users/r022260k/Documents/GitHub/ConCat/Content/Construction/Art/Characters/Male_1/Mesh/Male_1_Boots.uasset" 1010
"C:/Users/r022260k/Documents/GitHub/ConCat/Content/Construction/Art/Characters/Male_1/Mesh/Male_1_Boots.uexp" 1011
"C:/Users/r022260k/Documents/GitHub/ConCat/Content/Construction/Art/Characters/Male_1/Mesh/Male_1_Body_Skeleton.uasset" 1012
"C:/Users/r022260k/Documents/GitHub/ConCat/Content/Construction/Art/Characters/Male_1/Mesh/Male_1_Body_Skeleton.uexp" 1013
"C:/Users/r022260k/Documents/GitHub/ConCat/Content/Construction/Art/Characters/Male_1/Mesh/Male_1_Body_PhysicsAsset.uasset" 1014
"C:/Users/r022260k/Documents/GitHub/ConCat/Content/Construction/Art/Characters/Male_1/Mesh/Male_1_Body_PhysicsAsset.uexp" 1015
"C:/Users/r022260k/Documents/GitHub/ConCat/Content/Construction/Art/Characters/Male_1/Mats/texters/Male_1_Body_Mask.ubulk" 1016
"C:/Users/r022260k/Documents/GitHub/ConCat/Content/Construction/Art/Characters/Male_1/Mats/texters/Male_1_Body_Mask.uasset" 1017
"C:/Users/r022260k/Documents/GitHub/ConCat/Content/Construction/Art/Characters/Male_1/Mats/texters/Male_1_Body_Mask.uexp" 1018
"C:/Users/r022260k/Documents/GitHub/ConCat/Content/Construction/Art/Characters/Male_1/Mats/texters/Male_1_F_02_-_Default_BaseColor.ubulk" 1019
"C:/Users/r022260k/Documents/GitHub/ConCat/Content/Construction/Art/Characters/Male_1/Mats/texters/Male_1_F_02_-_Default_BaseColor.uasset" 1020
"C:/Users/r022260k/Documents/GitHub/ConCat/Content/Construction/Art/Characters/Male_1/Mats/texters/Male_1_F_02_-_Default_BaseColor.uexp" 1021
"C:/Users/r022260k/Documents/GitHub/ConCat/Content/Construction/Art/Characters/Male_1/Mats/texters/Male_1_F_02_-_Default_Normal.ubulk" 1022
"C:/Users/r022260k/Documents/GitHub/ConCat/Content/Construction/Art/Characters/Male_1/Mats/texters/Male_1_F_02_-_Default_Normal.uasset" 1023
"C:/Users/r022260k/Documents/GitHub/ConCat/Content/Construction/Art/Characters/Male_1/Mats/texters/Male_1_F_02_-_Default_Normal.uexp" 1024
"C:/Users/r022260k/Documents/GitHub/ConCat/Content/Construction/Art/Characters/Male_1/Mats/texters/Male_1_F_02_-_Default_OcclusionRoughnessMetallic.ubulk" 1025
"C:/Users/r022260k/Documents/GitHub/ConCat/Content/Construction/Art/Characters/Male_1/Mats/texters/Male_1_F_02_-_Default_OcclusionRoughnessMetallic.uasset" 1026
"C:/Users/r022260k/Documents/GitHub/ConCat/Content/Construction/Art/Characters/Male_1/Mats/texters/Male_1_F_02_-_Default_OcclusionRoughnessMetallic.uexp" 1027
"C:/Users/r022260k/Documents/GitHub/ConCat/Content/Construction/Art/Characters/Male_1/Mats/Male_1_Body_M.uasset" 1028
"C:/Users/r022260k/Documents/GitHub/ConCat/Content/Construction/Art/Characters/Male_1/Mats/Male_1_Body_M.uexp" 1029
"C:/Users/r022260k/Documents/GitHub/ConCat/Content/Construction/Art/Characters/Male_1/Mesh/Male_1_Body.uasset" 1030
"C:/Users/r022260k/Documents/GitHub/ConCat/Content/Construction/Art/Characters/Male_1/Mesh/Male_1_Body.uexp" 1031
"C:/Users/r022260k/Documents/GitHub/ConCat/Content/Construction/Art/Disaster-Models/Meteor_high1.uasset" 1032
"C:/Users/r022260k/Documents/GitHub/ConCat/Content/Construction/Art/Disaster-Models/Meteor_high1.uexp" 1033
"C:/Users/r022260k/Documents/GitHub/ConCat/Content/Construction/Art/Disaster-Models/Meteor_low_Material_Roughness.ubulk" 1034
"C:/Users/r022260k/Documents/GitHub/ConCat/Content/Construction/Art/Disaster-Models/Meteor_low_Material_Roughness.uasset" 1035
"C:/Users/r022260k/Documents/GitHub/ConCat/Content/Construction/Art/Disaster-Models/Meteor_low_Material_Roughness.uexp" 1036
"C:/Users/r022260k/Documents/GitHub/ConCat/Content/Construction/Art/Disaster-Models/Meteor_low_Material_Normal.ubulk" 1037
"C:/Users/r022260k/Documents/GitHub/ConCat/Content/Construction/Art/Disaster-Models/Meteor_low_Material_Normal.uasset" 1038
"C:/Users/r022260k/Documents/GitHub/ConCat/Content/Construction/Art/Disaster-Models/Meteor_low_Material_Normal.uexp" 1039
"C:/Users/r022260k/Documents/GitHub/ConCat/Content/Construction/Art/Disaster-Models/Meteor_low_Material_BaseColor.ubulk" 1040
"C:/Users/r022260k/Documents/GitHub/ConCat/Content/Construction/Art/Disaster-Models/Meteor_low_Material_BaseColor.uasset" 1041
"C:/Users/r022260k/Documents/GitHub/ConCat/Content/Construction/Art/Disaster-Models/Meteor_low_Material_BaseColor.uexp" 1042
"C:/Users/r022260k/Documents/GitHub/ConCat/Content/Construction/Art/Disaster-Models/Meteor_mat.uasset" 1043
"C:/Users/r022260k/Documents/GitHub/ConCat/Content/Construction/Art/Disaster-Models/Meteor_mat.uexp" 1044
"C:/Users/r022260k/Documents/GitHub/ConCat/Content/Construction/Art/Disaster-Models/Meteor_high.ubulk" 1045
"C:/Users/r022260k/Documents/GitHub/ConCat/Content/Construction/Art/Disaster-Models/Meteor_high.uasset" 1046
"C:/Users/r022260k/Documents/GitHub/ConCat/Content/Construction/Art/Disaster-Models/Meteor_high.uexp" 1047
"C:/Users/r022260k/Documents/GitHub/ConCat/Content/Construction/Art/Environments/Buildings/Mats/Italian_Roof/ConkCreet_roughness.ubulk" 1048
"C:/Users/r022260k/Documents/GitHub/ConCat/Content/Construction/Art/Environments/Buildings/Mats/Italian_Roof/ConkCreet_roughness.uasset" 1049
"C:/Users/r022260k/Documents/GitHub/ConCat/Content/Construction/Art/Environments/Buildings/Mats/Italian_Roof/ConkCreet_roughness.uexp" 1050
"C:/Users/r022260k/Documents/GitHub/ConCat/Content/Construction/Art/Environments/Buildings/Mats/Italian_Roof/ConkCreet_ambientocclusion.ubulk" 1051
"C:/Users/r022260k/Documents/GitHub/ConCat/Content/Construction/Art/Environments/Buildings/Mats/Italian_Roof/ConkCreet_ambientocclusion.uasset" 1052
"C:/Users/r022260k/Documents/GitHub/ConCat/Content/Construction/Art/Environments/Buildings/Mats/Italian_Roof/ConkCreet_ambientocclusion.uexp" 1053
"C:/Users/r022260k/Documents/GitHub/ConCat/Content/Construction/Art/Environments/Buildings/Mats/Italian_Roof/ConkCreet_normal.ubulk" 1054
"C:/Users/r022260k/Documents/GitHub/ConCat/Content/Construction/Art/Environments/Buildings/Mats/Italian_Roof/ConkCreet_normal.uasset" 1055
"C:/Users/r022260k/Documents/GitHub/ConCat/Content/Construction/Art/Environments/Buildings/Mats/Italian_Roof/ConkCreet_normal.uexp" 1056
"C:/Users/r022260k/Documents/GitHub/ConCat/Content/Construction/Art/Environments/Buildings/Mats/Italian_Roof/Italian_Roof.uasset" 1057
"C:/Users/r022260k/Documents/GitHub/ConCat/Content/Construction/Art/Environments/Buildings/Mats/Italian_Roof/Italian_Roof.uexp" 1058
"C:/Users/r022260k/Documents/GitHub/ConCat/Content/Construction/Art/Environments/Buildings/Mesh/Italian_Roofcorner_Right.ubulk" 1059
"C:/Users/r022260k/Documents/GitHub/ConCat/Content/Construction/Art/Environments/Buildings/Mesh/Italian_Roofcorner_Right.uasset" 1060
"C:/Users/r022260k/Documents/GitHub/ConCat/Content/Construction/Art/Environments/Buildings/Mesh/Italian_Roofcorner_Right.uexp" 1061
"C:/Users/r022260k/Documents/GitHub/ConCat/Content/Construction/Art/Environments/Buildings/Mesh/Italian_Roofcorner_Left.ubulk" 1062
"C:/Users/r022260k/Documents/GitHub/ConCat/Content/Construction/Art/Environments/Buildings/Mesh/Italian_Roofcorner_Left.uasset" 1063
"C:/Users/r022260k/Documents/GitHub/ConCat/Content/Construction/Art/Environments/Buildings/Mesh/Italian_Roofcorner_Left.uexp" 1064
"C:/Users/r022260k/Documents/GitHub/ConCat/Content/Construction/Art/Environments/Buildings/Mesh/Italian_Roof.ubulk" 1065
"C:/Users/r022260k/Documents/GitHub/ConCat/Content/Construction/Art/Environments/Buildings/Mesh/Italian_Roof.uasset" 1066
"C:/Users/r022260k/Documents/GitHub/ConCat/Content/Construction/Art/Environments/Buildings/Mesh/Italian_Roof.uexp" 1067
"C:/Users/r022260k/Documents/GitHub/ConCat/Content/Construction/Art/Environments/ModularBlocks/Mats/Stable_Floor_Block/Stable_Floor_Block_03_-_Default_Normal.ubulk" 1068
"C:/Users/r022260k/Documents/GitHub/ConCat/Content/Construction/Art/Environments/ModularBlocks/Mats/Stable_Floor_Block/Stable_Floor_Block_03_-_Default_Normal.uasset" 1069
"C:/Users/r022260k/Documents/GitHub/ConCat/Content/Construction/Art/Environments/ModularBlocks/Mats/Stable_Floor_Block/Stable_Floor_Block_03_-_Default_Normal.uexp" 1070
"C:/Users/r022260k/Documents/GitHub/ConCat/Content/Construction/Art/Environments/ModularBlocks/Mats/Stable_Floor_Block/Stable_Floor_Block_03_-_Default_BaseColor.ubulk" 1071
"C:/Users/r022260k/Documents/GitHub/ConCat/Content/Construction/Art/Environments/ModularBlocks/Mats/Stable_Floor_Block/Stable_Floor_Block_03_-_Default_BaseColor.uasset" 1072
"C:/Users/r022260k/Documents/GitHub/ConCat/Content/Construction/Art/Environments/ModularBlocks/Mats/Stable_Floor_Block/Stable_Floor_Block_03_-_Default_BaseColor.uexp" 1073
"C:/Users/r022260k/Documents/GitHub/ConCat/Content/Construction/Art/Environments/ModularBlocks/Mats/Stable_Floor_Block/Stable_Floor_Block_03_-_Default_OcclusionRoughnessMetallic.ubulk" 1074
"C:/Users/r022260k/Documents/GitHub/ConCat/Content/Construction/Art/Environments/ModularBlocks/Mats/Stable_Floor_Block/Stable_Floor_Block_03_-_Default_OcclusionRoughnessMetallic.uasset" 1075
"C:/Users/r022260k/Documents/GitHub/ConCat/Content/Construction/Art/Environments/ModularBlocks/Mats/Stable_Floor_Block/Stable_Floor_Block_03_-_Default_OcclusionRoughnessMetallic.uexp" 1076
"C:/Users/r022260k/Documents/GitHub/ConCat/Content/Construction/Art/Environments/ModularBlocks/Mats/Stable_Floor_Block/Stable_Floor_Block.uasset" 1077
"C:/Users/r022260k/Documents/GitHub/ConCat/Content/Construction/Art/Environments/ModularBlocks/Mats/Stable_Floor_Block/Stable_Floor_Block.uexp" 1078
"C:/Users/r022260k/Documents/GitHub/ConCat/Content/Construction/Art/Environments/ModularBlocks/Meshes/Stable_Floor_BlockOLD.ubulk" 1079
"C:/Users/r022260k/Documents/GitHub/ConCat/Content/Construction/Art/Environments/ModularBlocks/Meshes/Stable_Floor_BlockOLD.uasset" 1080
"C:/Users/r022260k/Documents/GitHub/ConCat/Content/Construction/Art/Environments/ModularBlocks/Meshes/Stable_Floor_BlockOLD.uexp" 1081
"C:/Users/r022260k/Documents/GitHub/ConCat/Content/Construction/Art/Environments/ModularBlocks/Meshes/Scwigaly_Block.ubulk" 1082
"C:/Users/r022260k/Documents/GitHub/ConCat/Content/Construction/Art/Environments/ModularBlocks/Meshes/Scwigaly_Block.uasset" 1083
"C:/Users/r022260k/Documents/GitHub/ConCat/Content/Construction/Art/Environments/ModularBlocks/Meshes/Scwigaly_Block.uexp" 1084
"C:/Users/r022260k/Documents/GitHub/ConCat/Content/Construction/Art/Environments/ModularBlocks/Meshes/L_BlockOLD.ubulk" 1085
"C:/Users/r022260k/Documents/GitHub/ConCat/Content/Construction/Art/Environments/ModularBlocks/Meshes/L_BlockOLD.uasset" 1086
"C:/Users/r022260k/Documents/GitHub/ConCat/Content/Construction/Art/Environments/ModularBlocks/Meshes/L_BlockOLD.uexp" 1087
"C:/Users/r022260k/Documents/GitHub/ConCat/Content/Construction/Art/Environments/Props/Mats/SM_Sign_05_02_-_Default_BaseColor.ubulk" 1088
"C:/Users/r022260k/Documents/GitHub/ConCat/Content/Construction/Art/Environments/Props/Mats/SM_Sign_05_02_-_Default_BaseColor.uasset" 1089
"C:/Users/r022260k/Documents/GitHub/ConCat/Content/Construction/Art/Environments/Props/Mats/SM_Sign_05_02_-_Default_BaseColor.uexp" 1090
"C:/Users/r022260k/Documents/GitHub/ConCat/Content/Construction/Art/Environments/Props/Mats/SM_Sign_04_02_-_Default_BaseColor.ubulk" 1091
"C:/Users/r022260k/Documents/GitHub/ConCat/Content/Construction/Art/Environments/Props/Mats/SM_Sign_04_02_-_Default_BaseColor.uasset" 1092
"C:/Users/r022260k/Documents/GitHub/ConCat/Content/Construction/Art/Environments/Props/Mats/SM_Sign_04_02_-_Default_BaseColor.uexp" 1093
"C:/Users/r022260k/Documents/GitHub/ConCat/Content/Construction/Art/Environments/Props/Mats/SM_Sign_03_02_-_Default_BaseColor.ubulk" 1094
"C:/Users/r022260k/Documents/GitHub/ConCat/Content/Construction/Art/Environments/Props/Mats/SM_Sign_03_02_-_Default_BaseColor.uasset" 1095
"C:/Users/r022260k/Documents/GitHub/ConCat/Content/Construction/Art/Environments/Props/Mats/SM_Sign_03_02_-_Default_BaseColor.uexp" 1096
"C:/Users/r022260k/Documents/GitHub/ConCat/Content/Construction/Art/Environments/Props/Mats/Barrel_01/SM_Barrel_02_-_Default_BaseColor.ubulk" 1097
"C:/Users/r022260k/Documents/GitHub/ConCat/Content/Construction/Art/Environments/Props/Mats/Barrel_01/SM_Barrel_02_-_Default_BaseColor.uasset" 1098
"C:/Users/r022260k/Documents/GitHub/ConCat/Content/Construction/Art/Environments/Props/Mats/Barrel_01/SM_Barrel_02_-_Default_BaseColor.uexp" 1099
"C:/Users/r022260k/Documents/GitHub/ConCat/Content/Construction/Art/Environments/Props/Mats/Barrier_Block/Barrier_Block.uasset" 1100
"C:/Users/r022260k/Documents/GitHub/ConCat/Content/Construction/Art/Environments/Props/Mats/Barrier_Block/Barrier_Block.uexp" 1101
"C:/Users/r022260k/Documents/GitHub/ConCat/Content/Construction/Art/Environments/Props/Mats/Big_Crate/Big_Crate.uasset" 1102
"C:/Users/r022260k/Documents/GitHub/ConCat/Content/Construction/Art/Environments/Props/Mats/Big_Crate/Big_Crate.uexp" 1103
"C:/Users/r022260k/Documents/GitHub/ConCat/Content/Construction/Art/Environments/Props/Mats/Brick/Brick.uasset" 1104
"C:/Users/r022260k/Documents/GitHub/ConCat/Content/Construction/Art/Environments/Props/Mats/Brick/Brick.uexp" 1105
"C:/Users/r022260k/Documents/GitHub/ConCat/Content/Construction/Art/Environments/Props/Mats/Bucket/Bucket.uasset" 1106
"C:/Users/r022260k/Documents/GitHub/ConCat/Content/Construction/Art/Environments/Props/Mats/Bucket/Bucket.uexp" 1107
"C:/Users/r022260k/Documents/GitHub/ConCat/Content/Construction/Art/Environments/Props/Mats/Coan_001/SM_Cone_DefaultMaterial_BaseColor.ubulk" 1108
"C:/Users/r022260k/Documents/GitHub/ConCat/Content/Construction/Art/Environments/Props/Mats/Coan_001/SM_Cone_DefaultMaterial_BaseColor.uasset" 1109
"C:/Users/r022260k/Documents/GitHub/ConCat/Content/Construction/Art/Environments/Props/Mats/Coan_001/SM_Cone_DefaultMaterial_BaseColor.uexp" 1110
"C:/Users/r022260k/Documents/GitHub/ConCat/Content/Construction/Art/Environments/Props/Mats/Mixer/Mixer.uasset" 1111
"C:/Users/r022260k/Documents/GitHub/ConCat/Content/Construction/Art/Environments/Props/Mats/Mixer/Mixer.uexp" 1112
"C:/Users/r022260k/Documents/GitHub/ConCat/Content/Construction/Art/Environments/Props/Mats/Pipe_000/Pipe_000.uasset" 1113
"C:/Users/r022260k/Documents/GitHub/ConCat/Content/Construction/Art/Environments/Props/Mats/Pipe_000/Pipe_000.uexp" 1114
"C:/Users/r022260k/Documents/GitHub/ConCat/Content/Construction/Art/Environments/Props/Mats/Pipe_001/Pipe_001.uasset" 1115
"C:/Users/r022260k/Documents/GitHub/ConCat/Content/Construction/Art/Environments/Props/Mats/Pipe_001/Pipe_001.uexp" 1116
"C:/Users/r022260k/Documents/GitHub/ConCat/Content/Construction/Art/Environments/Props/Mats/Small_Crate/Small_Crate.uasset" 1117
"C:/Users/r022260k/Documents/GitHub/ConCat/Content/Construction/Art/Environments/Props/Mats/Small_Crate/Small_Crate.uexp" 1118
"C:/Users/r022260k/Documents/GitHub/ConCat/Content/Construction/Art/Environments/Props/Mats/Tiar/Tiar.uasset" 1119
"C:/Users/r022260k/Documents/GitHub/ConCat/Content/Construction/Art/Environments/Props/Mats/Tiar/Tiar.uexp" 1120
"C:/Users/r022260k/Documents/GitHub/ConCat/Content/Construction/Art/Environments/Props/Mats/Tunnel/Tunnel.uasset" 1121
"C:/Users/r022260k/Documents/GitHub/ConCat/Content/Construction/Art/Environments/Props/Mats/Tunnel/Tunnel.uexp" 1122
"C:/Users/r022260k/Documents/GitHub/ConCat/Content/Construction/Art/Environments/Trees/Sakura/sakuraleavestex.ubulk" 1123
"C:/Users/r022260k/Documents/GitHub/ConCat/Content/Construction/Art/Environments/Trees/Sakura/sakuraleavestex.uasset" 1124
"C:/Users/r022260k/Documents/GitHub/ConCat/Content/Construction/Art/Environments/Trees/Sakura/sakuraleavestex.uexp" 1125
"C:/Users/r022260k/Documents/GitHub/ConCat/Content/Construction/Art/Environments/Trees/Sakura/Tree_1Mat_ncl1_1.uasset" 1126
"C:/Users/r022260k/Documents/GitHub/ConCat/Content/Construction/Art/Environments/Trees/Sakura/Tree_1Mat_ncl1_1.uexp" 1127
"C:/Users/r022260k/Documents/GitHub/ConCat/Content/Construction/Art/Environments/Trees/Sakura/SakuraTree_Tree_1.ubulk" 1128
"C:/Users/r022260k/Documents/GitHub/ConCat/Content/Construction/Art/Environments/Trees/Sakura/SakuraTree_Tree_1.uasset" 1129
"C:/Users/r022260k/Documents/GitHub/ConCat/Content/Construction/Art/Environments/Trees/Sakura/SakuraTree_Tree_1.uexp" 1130
"C:/Users/r022260k/Documents/GitHub/ConCat/Content/Construction/Art/Environments/Trees/Sakura/Tree_0Mat_ncl1_1.uasset" 1131
"C:/Users/r022260k/Documents/GitHub/ConCat/Content/Construction/Art/Environments/Trees/Sakura/Tree_0Mat_ncl1_1.uexp" 1132
"C:/Users/r022260k/Documents/GitHub/ConCat/Content/Construction/Art/Environments/Trees/Sakura/SakuraTree_Tree_0.ubulk" 1133
"C:/Users/r022260k/Documents/GitHub/ConCat/Content/Construction/Art/Environments/Trees/Sakura/SakuraTree_Tree_0.uasset" 1134
"C:/Users/r022260k/Documents/GitHub/ConCat/Content/Construction/Art/Environments/Trees/Sakura/SakuraTree_Tree_0.uexp" 1135
"../../../Engine/Content/Functions/Engine_MaterialFunctions01/WorldPositionOffset/SimpleGrassWind.uasset" 1136
"../../../Engine/Content/Functions/Engine_MaterialFunctions01/WorldPositionOffset/SimpleGrassWind.uexp" 1137
"../../../Engine/Content/Functions/Engine_MaterialFunctions02/HueShift.uasset" 1138
"../../../Engine/Content/Functions/Engine_MaterialFunctions02/HueShift.uexp" 1139
"C:/Users/r022260k/Documents/GitHub/ConCat/Content/Construction/Art/Environments/Trees/M_MasterLeafAsset.uasset" 1140
"C:/Users/r022260k/Documents/GitHub/ConCat/Content/Construction/Art/Environments/Trees/M_MasterLeafAsset.uexp" 1141
"C:/Users/r022260k/Documents/GitHub/ConCat/Content/Construction/Art/Environments/Trees/MI_SakuraTree.uasset" 1142
"C:/Users/r022260k/Documents/GitHub/ConCat/Content/Construction/Art/Environments/Trees/MI_SakuraTree.uexp" 1143
"C:/Users/r022260k/Documents/GitHub/ConCat/Content/Construction/Art/Environments/Trees/Sakura/BP_SakuraTree.uasset" 1144
"C:/Users/r022260k/Documents/GitHub/ConCat/Content/Construction/Art/Environments/Trees/Sakura/BP_SakuraTree.uexp" 1145
"C:/Users/r022260k/Documents/GitHub/ConCat/Content/Construction/Art/Environments/Tileable_Textures/CobbleStone/CobbleStone.ubulk" 1146
"C:/Users/r022260k/Documents/GitHub/ConCat/Content/Construction/Art/Environments/Tileable_Textures/CobbleStone/CobbleStone.uasset" 1147
"C:/Users/r022260k/Documents/GitHub/ConCat/Content/Construction/Art/Environments/Tileable_Textures/CobbleStone/CobbleStone.uexp" 1148
"C:/Users/r022260k/Documents/GitHub/ConCat/Content/Construction/Art/Environments/Tileable_Textures/ScrapMetal/ScrapMetal2.ubulk" 1149
"C:/Users/r022260k/Documents/GitHub/ConCat/Content/Construction/Art/Environments/Tileable_Textures/ScrapMetal/ScrapMetal2.uasset" 1150
"C:/Users/r022260k/Documents/GitHub/ConCat/Content/Construction/Art/Environments/Tileable_Textures/ScrapMetal/ScrapMetal2.uexp" 1151
"C:/Users/r022260k/Documents/GitHub/ConCat/Content/Construction/Art/Environments/Tileable_Textures/Gravel/Gravel_Normal.ubulk" 1152
"C:/Users/r022260k/Documents/GitHub/ConCat/Content/Construction/Art/Environments/Tileable_Textures/Gravel/Gravel_Normal.uasset" 1153
"C:/Users/r022260k/Documents/GitHub/ConCat/Content/Construction/Art/Environments/Tileable_Textures/Gravel/Gravel_Normal.uexp" 1154
"C:/Users/r022260k/Documents/GitHub/ConCat/Content/Construction/Art/Environments/Tileable_Textures/Gravel/Gravel_BaseColor.ubulk" 1155
"C:/Users/r022260k/Documents/GitHub/ConCat/Content/Construction/Art/Environments/Tileable_Textures/Gravel/Gravel_BaseColor.uasset" 1156
"C:/Users/r022260k/Documents/GitHub/ConCat/Content/Construction/Art/Environments/Tileable_Textures/Gravel/Gravel_BaseColor.uexp" 1157
"C:/Users/r022260k/Documents/GitHub/ConCat/Content/Construction/Art/Environments/Tileable_Textures/MuddyStones/MuddyStones.ubulk" 1158
"C:/Users/r022260k/Documents/GitHub/ConCat/Content/Construction/Art/Environments/Tileable_Textures/MuddyStones/MuddyStones.uasset" 1159
"C:/Users/r022260k/Documents/GitHub/ConCat/Content/Construction/Art/Environments/Tileable_Textures/MuddyStones/MuddyStones.uexp" 1160
"C:/Users/r022260k/Documents/GitHub/ConCat/Content/Construction/Art/Environments/Tileable_Textures/ScrapMetal/ScrapMetal1.ubulk" 1161
"C:/Users/r022260k/Documents/GitHub/ConCat/Content/Construction/Art/Environments/Tileable_Textures/ScrapMetal/ScrapMetal1.uasset" 1162
"C:/Users/r022260k/Documents/GitHub/ConCat/Content/Construction/Art/Environments/Tileable_Textures/ScrapMetal/ScrapMetal1.uexp" 1163
"C:/Users/r022260k/Documents/GitHub/ConCat/Content/Construction/Art/Environments/Tileable_Textures/StonePath/StonePath.ubulk" 1164
"C:/Users/r022260k/Documents/GitHub/ConCat/Content/Construction/Art/Environments/Tileable_Textures/StonePath/StonePath.uasset" 1165
"C:/Users/r022260k/Documents/GitHub/ConCat/Content/Construction/Art/Environments/Tileable_Textures/StonePath/StonePath.uexp" 1166
"C:/Users/r022260k/Documents/GitHub/ConCat/Content/Construction/Art/Environments/Tileable_Textures/Landscapes/LandscapeJapan.uasset" 1167
"C:/Users/r022260k/Documents/GitHub/ConCat/Content/Construction/Art/Environments/Tileable_Textures/Landscapes/LandscapeJapan.uexp" 1168
"C:/Users/r022260k/Documents/GitHub/ConCat/Content/Construction/Art/Environments/Tileable_Textures/CobbleStone/CobbleStone_Mat1.uasset" 1169
"C:/Users/r022260k/Documents/GitHub/ConCat/Content/Construction/Art/Environments/Tileable_Textures/CobbleStone/CobbleStone_Mat1.uexp" 1170
"C:/Users/r022260k/Documents/GitHub/ConCat/Content/Construction/Art/Environments/Tileable_Textures/Gravel/Gravel_Roughness.ubulk" 1171
"C:/Users/r022260k/Documents/GitHub/ConCat/Content/Construction/Art/Environments/Tileable_Textures/Gravel/Gravel_Roughness.uasset" 1172
"C:/Users/r022260k/Documents/GitHub/ConCat/Content/Construction/Art/Environments/Tileable_Textures/Gravel/Gravel_Roughness.uexp" 1173
"C:/Users/r022260k/Documents/GitHub/ConCat/Content/Construction/Art/Environments/Tileable_Textures/MuddyStones/MuddyStones_Mat1.uasset" 1174
"C:/Users/r022260k/Documents/GitHub/ConCat/Content/Construction/Art/Environments/Tileable_Textures/MuddyStones/MuddyStones_Mat1.uexp" 1175
"C:/Users/r022260k/Documents/GitHub/ConCat/Content/Construction/Art/Environments/Tileable_Textures/MuddyStones/MuddyStones_Mat.uasset" 1176
"C:/Users/r022260k/Documents/GitHub/ConCat/Content/Construction/Art/Environments/Tileable_Textures/MuddyStones/MuddyStones_Mat.uexp" 1177
"C:/Users/r022260k/Documents/GitHub/ConCat/Content/Construction/Art/Environments/Tileable_Textures/ScrapMetal/ScrapMetal2_Mat.uasset" 1178
"C:/Users/r022260k/Documents/GitHub/ConCat/Content/Construction/Art/Environments/Tileable_Textures/ScrapMetal/ScrapMetal2_Mat.uexp" 1179
"C:/Users/r022260k/Documents/GitHub/ConCat/Content/Construction/Art/Environments/Tileable_Textures/StonePath/StonePath_Mat.uasset" 1180
"C:/Users/r022260k/Documents/GitHub/ConCat/Content/Construction/Art/Environments/Tileable_Textures/StonePath/StonePath_Mat.uexp" 1181
"C:/Users/r022260k/Documents/GitHub/ConCat/Content/Construction/Art/Environments/Trees/Normal/PineStyleTex.ubulk" 1182
"C:/Users/r022260k/Documents/GitHub/ConCat/Content/Construction/Art/Environments/Trees/Normal/PineStyleTex.uasset" 1183
"C:/Users/r022260k/Documents/GitHub/ConCat/Content/Construction/Art/Environments/Trees/Normal/PineStyleTex.uexp" 1184
"C:/Users/r022260k/Documents/GitHub/ConCat/Content/Construction/Art/GridUI/Grid.uasset" 1185
"C:/Users/r022260k/Documents/GitHub/ConCat/Content/Construction/Art/GridUI/Grid.uexp" 1186
"C:/Users/r022260k/Documents/GitHub/ConCat/Content/Construction/Art/MenuUI-Cory/SliderRed.uasset" 1187
"C:/Users/r022260k/Documents/GitHub/ConCat/Content/Construction/Art/MenuUI-Cory/SliderRed.uexp" 1188
"C:/Users/r022260k/Documents/GitHub/ConCat/Content/Construction/Art/MenuUI-Cory/SliderBG.uasset" 1189
"C:/Users/r022260k/Documents/GitHub/ConCat/Content/Construction/Art/MenuUI-Cory/SliderBG.uexp" 1190
"C:/Users/r022260k/Documents/GitHub/ConCat/Content/Construction/Art/Meshes/Male_1/Male_1_Riged__almost_done_just_wating_for_amys_eddits_to_the_rig__Skeleton.uasset" 1191
"C:/Users/r022260k/Documents/GitHub/ConCat/Content/Construction/Art/Meshes/Male_1/Male_1_Riged__almost_done_just_wating_for_amys_eddits_to_the_rig__Skeleton.uexp" 1192
"C:/Users/r022260k/Documents/GitHub/ConCat/Content/Construction/Art/Meshes/Male_1/Male_1_Riged__almost_done_just_wating_for_amys_eddits_to_the_rig__Anim.uasset" 1193
"C:/Users/r022260k/Documents/GitHub/ConCat/Content/Construction/Art/Meshes/Male_1/Male_1_Riged__almost_done_just_wating_for_amys_eddits_to_the_rig__Anim.uexp" 1194
"C:/Users/r022260k/Documents/GitHub/ConCat/Content/Construction/Art/Meshes/Male_1/Male_1_Riged__almost_done_just_wating_for_amys_eddits_to_the_rig__PhysicsAsset.uasset" 1195
"C:/Users/r022260k/Documents/GitHub/ConCat/Content/Construction/Art/Meshes/Male_1/Male_1_Riged__almost_done_just_wating_for_amys_eddits_to_the_rig__PhysicsAsset.uexp" 1196
"C:/Users/r022260k/Documents/GitHub/ConCat/Content/Construction/Art/Meshes/Male_1/Male_1_Riged__almost_done_just_wating_for_amys_eddits_to_the_rig_.uasset" 1197
"C:/Users/r022260k/Documents/GitHub/ConCat/Content/Construction/Art/Meshes/Male_1/Male_1_Riged__almost_done_just_wating_for_amys_eddits_to_the_rig_.uexp" 1198
"C:/Users/r022260k/Documents/GitHub/ConCat/Content/Construction/Art/ModularBlocks/SM_Modular_Block_05b.ubulk" 1199
"C:/Users/r022260k/Documents/GitHub/ConCat/Content/Construction/Art/ModularBlocks/SM_Modular_Block_05b.uasset" 1200
"C:/Users/r022260k/Documents/GitHub/ConCat/Content/Construction/Art/ModularBlocks/SM_Modular_Block_05b.uexp" 1201
"C:/Users/r022260k/Documents/GitHub/ConCat/Content/Construction/Art/ModularBlocks/SM_Modular_Block_05a.ubulk" 1202
"C:/Users/r022260k/Documents/GitHub/ConCat/Content/Construction/Art/ModularBlocks/SM_Modular_Block_05a.uasset" 1203
"C:/Users/r022260k/Documents/GitHub/ConCat/Content/Construction/Art/ModularBlocks/SM_Modular_Block_05a.uexp" 1204
"C:/Users/r022260k/Documents/GitHub/ConCat/Content/Construction/Art/ModularBlocks/SM_Modular_Block_04d.ubulk" 1205
"C:/Users/r022260k/Documents/GitHub/ConCat/Content/Construction/Art/ModularBlocks/SM_Modular_Block_04d.uasset" 1206
"C:/Users/r022260k/Documents/GitHub/ConCat/Content/Construction/Art/ModularBlocks/SM_Modular_Block_04d.uexp" 1207
"C:/Users/r022260k/Documents/GitHub/ConCat/Content/Construction/Art/ModularBlocks/SM_Modular_Block_04c.ubulk" 1208
"C:/Users/r022260k/Documents/GitHub/ConCat/Content/Construction/Art/ModularBlocks/SM_Modular_Block_04c.uasset" 1209
"C:/Users/r022260k/Documents/GitHub/ConCat/Content/Construction/Art/ModularBlocks/SM_Modular_Block_04c.uexp" 1210
"C:/Users/r022260k/Documents/GitHub/ConCat/Content/Construction/Art/ModularBlocks/SM_Modular_Block_04b.ubulk" 1211
"C:/Users/r022260k/Documents/GitHub/ConCat/Content/Construction/Art/ModularBlocks/SM_Modular_Block_04b.uasset" 1212
"C:/Users/r022260k/Documents/GitHub/ConCat/Content/Construction/Art/ModularBlocks/SM_Modular_Block_04b.uexp" 1213
"C:/Users/r022260k/Documents/GitHub/ConCat/Content/Construction/Art/ModularBlocks/SM_Modular_Block_04a.ubulk" 1214
"C:/Users/r022260k/Documents/GitHub/ConCat/Content/Construction/Art/ModularBlocks/SM_Modular_Block_04a.uasset" 1215
"C:/Users/r022260k/Documents/GitHub/ConCat/Content/Construction/Art/ModularBlocks/SM_Modular_Block_04a.uexp" 1216
"C:/Users/r022260k/Documents/GitHub/ConCat/Content/Construction/Art/ModularBlocks/SM_Modular_Block_03c.ubulk" 1217
"C:/Users/r022260k/Documents/GitHub/ConCat/Content/Construction/Art/ModularBlocks/SM_Modular_Block_03c.uasset" 1218
"C:/Users/r022260k/Documents/GitHub/ConCat/Content/Construction/Art/ModularBlocks/SM_Modular_Block_03c.uexp" 1219
"C:/Users/r022260k/Documents/GitHub/ConCat/Content/Construction/Art/ModularBlocks/SM_Modular_Block_03b.ubulk" 1220
"C:/Users/r022260k/Documents/GitHub/ConCat/Content/Construction/Art/ModularBlocks/SM_Modular_Block_03b.uasset" 1221
"C:/Users/r022260k/Documents/GitHub/ConCat/Content/Construction/Art/ModularBlocks/SM_Modular_Block_03b.uexp" 1222
"C:/Users/r022260k/Documents/GitHub/ConCat/Content/Construction/Art/ModularBlocks/SM_Modular_Block_03a.ubulk" 1223
"C:/Users/r022260k/Documents/GitHub/ConCat/Content/Construction/Art/ModularBlocks/SM_Modular_Block_03a.uasset" 1224
"C:/Users/r022260k/Documents/GitHub/ConCat/Content/Construction/Art/ModularBlocks/SM_Modular_Block_03a.uexp" 1225
"C:/Users/r022260k/Documents/GitHub/ConCat/Content/Construction/Art/ModularBlocks/SM_Modular_Block_02c.ubulk" 1226
"C:/Users/r022260k/Documents/GitHub/ConCat/Content/Construction/Art/ModularBlocks/SM_Modular_Block_02c.uasset" 1227
"C:/Users/r022260k/Documents/GitHub/ConCat/Content/Construction/Art/ModularBlocks/SM_Modular_Block_02c.uexp" 1228
"C:/Users/r022260k/Documents/GitHub/ConCat/Content/Construction/Art/ModularBlocks/SM_Modular_Block_02b.ubulk" 1229
"C:/Users/r022260k/Documents/GitHub/ConCat/Content/Construction/Art/ModularBlocks/SM_Modular_Block_02b.uasset" 1230
"C:/Users/r022260k/Documents/GitHub/ConCat/Content/Construction/Art/ModularBlocks/SM_Modular_Block_02b.uexp" 1231
"C:/Users/r022260k/Documents/GitHub/ConCat/Content/Construction/Art/ModularBlocks/SM_Modular_Block_02a.ubulk" 1232
"C:/Users/r022260k/Documents/GitHub/ConCat/Content/Construction/Art/ModularBlocks/SM_Modular_Block_02a.uasset" 1233
"C:/Users/r022260k/Documents/GitHub/ConCat/Content/Construction/Art/ModularBlocks/SM_Modular_Block_02a.uexp" 1234
"C:/Users/r022260k/Documents/GitHub/ConCat/Content/Construction/Art/ModularBlocks/SM_Modular_Block_01.ubulk" 1235
"C:/Users/r022260k/Documents/GitHub/ConCat/Content/Construction/Art/ModularBlocks/SM_Modular_Block_01.uasset" 1236
"C:/Users/r022260k/Documents/GitHub/ConCat/Content/Construction/Art/ModularBlocks/SM_Modular_Block_01.uexp" 1237
"../../../Engine/Content/EngineMaterials/BlendFunc_DefBlend.uasset" 1238
"../../../Engine/Content/EngineMaterials/BlendFunc_DefBlend.uexp" 1239
"../../../Engine/Content/EngineMaterials/BlendFunc_DefBase.uasset" 1240
"../../../Engine/Content/EngineMaterials/BlendFunc_DefBase.uexp" 1241
"../../../Engine/Content/Functions/Engine_MaterialFunctions03/Blends/Blend_Overlay.uasset" 1242
"../../../Engine/Content/Functions/Engine_MaterialFunctions03/Blends/Blend_Overlay.uexp" 1243
"C:/Users/r022260k/Documents/GitHub/ConCat/Content/Construction/Design/Materials/MPP_WallVis.uasset" 1244
"C:/Users/r022260k/Documents/GitHub/ConCat/Content/Construction/Design/Materials/MPP_WallVis.uexp" 1245
"C:/Users/r022260k/Documents/GitHub/ConCat/Content/Characters/Mannequins/Meshes/SKM_Quinn_Simple.uasset" 1246
"C:/Users/r022260k/Documents/GitHub/ConCat/Content/Characters/Mannequins/Meshes/SKM_Quinn_Simple.uexp" 1247
"C:/Users/r022260k/Documents/GitHub/ConCat/Content/Characters/Mannequins/Animations/Quinn/MF_Run_Fwd.uasset" 1248
"C:/Users/r022260k/Documents/GitHub/ConCat/Content/Characters/Mannequins/Animations/Quinn/MF_Run_Fwd.uexp" 1249
"C:/Users/r022260k/Documents/GitHub/ConCat/Content/Characters/Mannequins/Animations/Quinn/MF_Walk_Fwd.uasset" 1250
"C:/Users/r022260k/Documents/GitHub/ConCat/Content/Characters/Mannequins/Animations/Quinn/MF_Walk_Fwd.uexp" 1251
"../../../Engine/Content/Animation/DefaultRecorderBoneCompression.uasset" 1252
"../../../Engine/Content/Animation/DefaultRecorderBoneCompression.uexp" 1253
"C:/Users/r022260k/Documents/GitHub/ConCat/Content/Characters/Mannequins/Animations/Manny/MM_Walk_InPlace.uasset" 1254
"C:/Users/r022260k/Documents/GitHub/ConCat/Content/Characters/Mannequins/Animations/Manny/MM_Walk_InPlace.uexp" 1255
"C:/Users/r022260k/Documents/GitHub/ConCat/Content/Characters/Mannequins/Animations/Quinn/BS_MF_Unarmed_WalkRun.uasset" 1256
"C:/Users/r022260k/Documents/GitHub/ConCat/Content/Characters/Mannequins/Animations/Quinn/BS_MF_Unarmed_WalkRun.uexp" 1257
"C:/Users/r022260k/Documents/GitHub/ConCat/Content/Characters/Mannequins/Animations/Quinn/MF_Idle.uasset" 1258
"C:/Users/r022260k/Documents/GitHub/ConCat/Content/Characters/Mannequins/Animations/Quinn/MF_Idle.uexp" 1259
"C:/Users/r022260k/Documents/GitHub/ConCat/Content/Characters/Mannequins/Animations/Manny/MM_Fall_Loop.uasset" 1260
"C:/Users/r022260k/Documents/GitHub/ConCat/Content/Characters/Mannequins/Animations/Manny/MM_Fall_Loop.uexp" 1261
"C:/Users/r022260k/Documents/GitHub/ConCat/Content/Characters/Mannequins/Animations/Manny/MM_Jump.uasset" 1262
"C:/Users/r022260k/Documents/GitHub/ConCat/Content/Characters/Mannequins/Animations/Manny/MM_Jump.uexp" 1263
"C:/Users/r022260k/Documents/GitHub/ConCat/Content/Characters/Mannequins/Rigs/CR_Mannequin_BasicFootIK.uasset" 1264
"C:/Users/r022260k/Documents/GitHub/ConCat/Content/Characters/Mannequins/Rigs/CR_Mannequin_BasicFootIK.uexp" 1265
"C:/Users/r022260k/Documents/GitHub/ConCat/Content/Characters/Mannequins/Animations/Manny/MM_Run_Fwd.uasset" 1266
"C:/Users/r022260k/Documents/GitHub/ConCat/Content/Characters/Mannequins/Animations/Manny/MM_Run_Fwd.uexp" 1267
"C:/Users/r022260k/Documents/GitHub/ConCat/Content/Characters/Mannequins/Animations/Manny/MM_Walk_Fwd.uasset" 1268
"C:/Users/r022260k/Documents/GitHub/ConCat/Content/Characters/Mannequins/Animations/Manny/MM_Walk_Fwd.uexp" 1269
"C:/Users/r022260k/Documents/GitHub/ConCat/Content/Characters/Mannequins/Animations/Manny/BS_MM_WalkRun.uasset" 1270
"C:/Users/r022260k/Documents/GitHub/ConCat/Content/Characters/Mannequins/Animations/Manny/BS_MM_WalkRun.uexp" 1271
"C:/Users/r022260k/Documents/GitHub/ConCat/Content/Characters/Mannequins/Animations/Manny/MM_Land.uasset" 1272
"C:/Users/r022260k/Documents/GitHub/ConCat/Content/Characters/Mannequins/Animations/Manny/MM_Land.uexp" 1273
"C:/Users/r022260k/Documents/GitHub/ConCat/Content/Characters/Mannequins/Animations/Manny/MM_Idle.uasset" 1274
"C:/Users/r022260k/Documents/GitHub/ConCat/Content/Characters/Mannequins/Animations/Manny/MM_Idle.uexp" 1275
"C:/Users/r022260k/Documents/GitHub/ConCat/Content/Characters/Mannequins/Animations/ABP_Manny.uasset" 1276
"C:/Users/r022260k/Documents/GitHub/ConCat/Content/Characters/Mannequins/Animations/ABP_Manny.uexp" 1277
"C:/Users/r022260k/Documents/GitHub/ConCat/Content/Characters/Mannequins/Animations/ABP_Quinn.uasset" 1278
"C:/Users/r022260k/Documents/GitHub/ConCat/Content/Characters/Mannequins/Animations/ABP_Quinn.uexp" 1279
"C:/Users/r022260k/Documents/GitHub/ConCat/Content/Construction/Design/Blueprints/BP_ThirdPersonWallVis.uasset" 1280
"C:/Users/r022260k/Documents/GitHub/ConCat/Content/Construction/Design/Blueprints/BP_ThirdPersonWallVis.uexp" 1281
"C:/Users/r022260k/Documents/GitHub/ConCat/Content/Construction/Design/Blueprints/UI/Textures/ActionPhase/PlayerTwoActionProfile.uasset" 1282
"C:/Users/r022260k/Documents/GitHub/ConCat/Content/Construction/Design/Blueprints/UI/Textures/ActionPhase/PlayerTwoActionProfile.uexp" 1283
"C:/Users/r022260k/Documents/GitHub/ConCat/Content/Construction/Design/Blueprints/UI/Textures/ActionPhase/PlayerThreeActionProfile.uasset" 1284
"C:/Users/r022260k/Documents/GitHub/ConCat/Content/Construction/Design/Blueprints/UI/Textures/ActionPhase/PlayerThreeActionProfile.uexp" 1285
"C:/Users/r022260k/Documents/GitHub/ConCat/Content/Construction/Design/Blueprints/UI/Textures/ActionPhase/PlayerOneActionProfile.uasset" 1286
"C:/Users/r022260k/Documents/GitHub/ConCat/Content/Construction/Design/Blueprints/UI/Textures/ActionPhase/PlayerOneActionProfile.uexp" 1287
"C:/Users/r022260k/Documents/GitHub/ConCat/Content/Construction/Design/Blueprints/UI/Textures/ActionPhase/PlayerFourActionProfile.uasset" 1288
"C:/Users/r022260k/Documents/GitHub/ConCat/Content/Construction/Design/Blueprints/UI/Textures/ActionPhase/PlayerFourActionProfile.uexp" 1289
"C:/Users/r022260k/Documents/GitHub/ConCat/Content/Construction/Design/Blueprints/UI/Textures/BuildPhase/PlayerTwoProfile.uasset" 1290
"C:/Users/r022260k/Documents/GitHub/ConCat/Content/Construction/Design/Blueprints/UI/Textures/BuildPhase/PlayerTwoProfile.uexp" 1291
"C:/Users/r022260k/Documents/GitHub/ConCat/Content/Construction/Design/Blueprints/UI/Textures/BuildPhase/PlayerFourProfile.uasset" 1292
"C:/Users/r022260k/Documents/GitHub/ConCat/Content/Construction/Design/Blueprints/UI/Textures/BuildPhase/PlayerFourProfile.uexp" 1293
"C:/Users/r022260k/Documents/GitHub/ConCat/Content/Construction/Design/Blueprints/UI/Textures/BuildPhase/PlayerThreeProfile.uasset" 1294
"C:/Users/r022260k/Documents/GitHub/ConCat/Content/Construction/Design/Blueprints/UI/Textures/BuildPhase/PlayerThreeProfile.uexp" 1295
"C:/Users/r022260k/Documents/GitHub/ConCat/Content/Construction/Design/Blueprints/UI/Textures/TimerFrame.uasset" 1296
"C:/Users/r022260k/Documents/GitHub/ConCat/Content/Construction/Design/Blueprints/UI/Textures/TimerFrame.uexp" 1297
"C:/Users/r022260k/Documents/GitHub/ConCat/Content/Construction/Design/Blueprints/UI/Textures/BuildPhase/PlayerOneProfile.uasset" 1298
"C:/Users/r022260k/Documents/GitHub/ConCat/Content/Construction/Design/Blueprints/UI/Textures/BuildPhase/PlayerOneProfile.uexp" 1299
"C:/Users/r022260k/Documents/GitHub/ConCat/Content/Construction/Design/Blueprints/UI/Textures/BuildPhase/Hotbar.uasset" 1300
"C:/Users/r022260k/Documents/GitHub/ConCat/Content/Construction/Design/Blueprints/UI/Textures/BuildPhase/Hotbar.uexp" 1301
"C:/Users/r022260k/Documents/GitHub/ConCat/Content/Construction/Design/Blueprints/UI/Widgets/BuildPhase/WBP_BuildPhaseHotbarSlot.uasset" 1302
"C:/Users/r022260k/Documents/GitHub/ConCat/Content/Construction/Design/Blueprints/UI/Widgets/BuildPhase/WBP_BuildPhaseHotbarSlot.uexp" 1303
"C:/Users/r022260k/Documents/GitHub/ConCat/Content/Construction/Design/Blueprints/UI/Widgets/BuildPhase/WBP_BuildPhaseFullHotbar.uasset" 1304
"C:/Users/r022260k/Documents/GitHub/ConCat/Content/Construction/Design/Blueprints/UI/Widgets/BuildPhase/WBP_BuildPhaseFullHotbar.uexp" 1305
"C:/Users/r022260k/Documents/GitHub/ConCat/Content/Construction/Design/Blueprints/UI/Widgets/WBP_UIManager.uasset" 1306
"C:/Users/r022260k/Documents/GitHub/ConCat/Content/Construction/Design/Blueprints/UI/Widgets/WBP_UIManager.uexp" 1307
"C:/Users/r022260k/Documents/GitHub/ConCat/Content/Construction/Design/Materials/M_Bark.uasset" 1308
"C:/Users/r022260k/Documents/GitHub/ConCat/Content/Construction/Design/Materials/M_Bark.uexp" 1309
"C:/Users/r022260k/Documents/GitHub/ConCat/Content/Construction/Sound/Raw_WAVs/BuildPhase/Place.ubulk" 1310
"C:/Users/r022260k/Documents/GitHub/ConCat/Content/Construction/Sound/Raw_WAVs/BuildPhase/Place.uasset" 1311
"C:/Users/r022260k/Documents/GitHub/ConCat/Content/Construction/Sound/Raw_WAVs/BuildPhase/Place.uexp" 1312
"C:/Users/r022260k/Documents/GitHub/ConCat/Content/Construction/Sound/Raw_WAVs/BuildPhase/Ding.ubulk" 1313
"C:/Users/r022260k/Documents/GitHub/ConCat/Content/Construction/Sound/Raw_WAVs/BuildPhase/Ding.uasset" 1314
"C:/Users/r022260k/Documents/GitHub/ConCat/Content/Construction/Sound/Raw_WAVs/BuildPhase/Ding.uexp" 1315
"C:/Users/r022260k/Documents/GitHub/ConCat/Content/Construction/Sound/Raw_WAVs/Menu/pickup_coin_free-edited.ubulk" 1316
"C:/Users/r022260k/Documents/GitHub/ConCat/Content/Construction/Sound/Raw_WAVs/Menu/pickup_coin_free-edited.uasset" 1317
"C:/Users/r022260k/Documents/GitHub/ConCat/Content/Construction/Sound/Raw_WAVs/Menu/pickup_coin_free-edited.uexp" 1318
"C:/Users/r022260k/Documents/GitHub/ConCat/Content/Construction/Sound/Raw_WAVs/Menu/ButtonHover_Sound.ubulk" 1319
"C:/Users/r022260k/Documents/GitHub/ConCat/Content/Construction/Sound/Raw_WAVs/Menu/ButtonHover_Sound.uasset" 1320
"C:/Users/r022260k/Documents/GitHub/ConCat/Content/Construction/Sound/Raw_WAVs/Menu/ButtonHover_Sound.uexp" 1321
"C:/Users/r022260k/Documents/GitHub/ConCat/Content/Construction/Sound/Raw_WAVs/Music/upbeat_retro.ubulk" 1322
"C:/Users/r022260k/Documents/GitHub/ConCat/Content/Construction/Sound/Raw_WAVs/Music/upbeat_retro.uasset" 1323
"C:/Users/r022260k/Documents/GitHub/ConCat/Content/Construction/Sound/Raw_WAVs/Music/upbeat_retro.uexp" 1324
"C:/Users/r022260k/Documents/GitHub/ConCat/Content/Construction/Sound/Raw_WAVs/Music/5__Calm_Rock__.ubulk" 1325
"C:/Users/r022260k/Documents/GitHub/ConCat/Content/Construction/Sound/Raw_WAVs/Music/5__Calm_Rock__.uasset" 1326
"C:/Users/r022260k/Documents/GitHub/ConCat/Content/Construction/Sound/Raw_WAVs/Music/5__Calm_Rock__.uexp" 1327
"C:/Users/r022260k/Documents/GitHub/ConCat/Content/Construction/Sound/SoundClasses/Gameplay_SC.uasset" 1328
"C:/Users/r022260k/Documents/GitHub/ConCat/Content/Construction/Sound/SoundClasses/Gameplay_SC.uexp" 1329
"C:/Users/r022260k/Documents/GitHub/ConCat/Content/Construction/Sound/Raw_WAVs/BlockDamage/BlocksBreaking1.ubulk" 1330
"C:/Users/r022260k/Documents/GitHub/ConCat/Content/Construction/Sound/Raw_WAVs/BlockDamage/BlocksBreaking1.uasset" 1331
"C:/Users/r022260k/Documents/GitHub/ConCat/Content/Construction/Sound/Raw_WAVs/BlockDamage/BlocksBreaking1.uexp" 1332
"C:/Users/r022260k/Documents/GitHub/ConCat/Content/Construction/Sound/SoundCues/BlockDamage/BlocksBreaking1_Cue.uasset" 1333
"C:/Users/r022260k/Documents/GitHub/ConCat/Content/Construction/Sound/SoundCues/BlockDamage/BlocksBreaking1_Cue.uexp" 1334
"C:/Users/r022260k/Documents/GitHub/ConCat/Content/Construction/Sound/Raw_WAVs/BlockDamage/BlockBreaking2.ubulk" 1335
"C:/Users/r022260k/Documents/GitHub/ConCat/Content/Construction/Sound/Raw_WAVs/BlockDamage/BlockBreaking2.uasset" 1336
"C:/Users/r022260k/Documents/GitHub/ConCat/Content/Construction/Sound/Raw_WAVs/BlockDamage/BlockBreaking2.uexp" 1337
"C:/Users/r022260k/Documents/GitHub/ConCat/Content/Construction/Sound/SoundCues/BlockDamage/BlockBreaking2_Cue.uasset" 1338
"C:/Users/r022260k/Documents/GitHub/ConCat/Content/Construction/Sound/SoundCues/BlockDamage/BlockBreaking2_Cue.uexp" 1339
"C:/Users/r022260k/Documents/GitHub/ConCat/Content/Construction/Sound/SoundClasses/Menu_SC.uasset" 1340
"C:/Users/r022260k/Documents/GitHub/ConCat/Content/Construction/Sound/SoundClasses/Menu_SC.uexp" 1341
"C:/Users/r022260k/Documents/GitHub/ConCat/Content/Construction/Sound/Raw_WAVs/CountDownTimer/mixkit-tick-tock-clock-timer-1045.ubulk" 1342
"C:/Users/r022260k/Documents/GitHub/ConCat/Content/Construction/Sound/Raw_WAVs/CountDownTimer/mixkit-tick-tock-clock-timer-1045.uasset" 1343
"C:/Users/r022260k/Documents/GitHub/ConCat/Content/Construction/Sound/Raw_WAVs/CountDownTimer/mixkit-tick-tock-clock-timer-1045.uexp" 1344
"C:/Users/r022260k/Documents/GitHub/ConCat/Content/Construction/Sound/SoundCues/CountDownTimer/mixkit-tick-tock-clock-timer-1045_Cue.uasset" 1345
"C:/Users/r022260k/Documents/GitHub/ConCat/Content/Construction/Sound/SoundCues/CountDownTimer/mixkit-tick-tock-clock-timer-1045_Cue.uexp" 1346
"C:/Users/r022260k/Documents/GitHub/ConCat/Content/Construction/Sound/Raw_WAVs/CountDownTimer/10_seconds_count_down_timer_sound.ubulk" 1347
"C:/Users/r022260k/Documents/GitHub/ConCat/Content/Construction/Sound/Raw_WAVs/CountDownTimer/10_seconds_count_down_timer_sound.uasset" 1348
"C:/Users/r022260k/Documents/GitHub/ConCat/Content/Construction/Sound/Raw_WAVs/CountDownTimer/10_seconds_count_down_timer_sound.uexp" 1349
"C:/Users/r022260k/Documents/GitHub/ConCat/Content/Construction/Sound/SoundCues/CountDownTimer/10_seconds_count_down_timer_sound_Cue.uasset" 1350
"C:/Users/r022260k/Documents/GitHub/ConCat/Content/Construction/Sound/SoundCues/CountDownTimer/10_seconds_count_down_timer_sound_Cue.uexp" 1351
"C:/Users/r022260k/Documents/GitHub/ConCat/Content/Construction/Sound/Raw_WAVs/cow/cow_sound_3.ubulk" 1352
"C:/Users/r022260k/Documents/GitHub/ConCat/Content/Construction/Sound/Raw_WAVs/cow/cow_sound_3.uasset" 1353
"C:/Users/r022260k/Documents/GitHub/ConCat/Content/Construction/Sound/Raw_WAVs/cow/cow_sound_3.uexp" 1354
"C:/Users/r022260k/Documents/GitHub/ConCat/Content/Construction/Sound/SoundCues/Cow/cow_sound_3_Cue.uasset" 1355
"C:/Users/r022260k/Documents/GitHub/ConCat/Content/Construction/Sound/SoundCues/Cow/cow_sound_3_Cue.uexp" 1356
"C:/Users/r022260k/Documents/GitHub/ConCat/Content/Construction/Sound/Raw_WAVs/cow/cow_sound_2.ubulk" 1357
"C:/Users/r022260k/Documents/GitHub/ConCat/Content/Construction/Sound/Raw_WAVs/cow/cow_sound_2.uasset" 1358
"C:/Users/r022260k/Documents/GitHub/ConCat/Content/Construction/Sound/Raw_WAVs/cow/cow_sound_2.uexp" 1359
"C:/Users/r022260k/Documents/GitHub/ConCat/Content/Construction/Sound/SoundCues/Cow/cow_sound_2_Cue.uasset" 1360
"C:/Users/r022260k/Documents/GitHub/ConCat/Content/Construction/Sound/SoundCues/Cow/cow_sound_2_Cue.uexp" 1361
"C:/Users/r022260k/Documents/GitHub/ConCat/Content/Construction/Sound/Raw_WAVs/FireExtinguisher/fire_extinguishing_sound1.ubulk" 1362
"C:/Users/r022260k/Documents/GitHub/ConCat/Content/Construction/Sound/Raw_WAVs/FireExtinguisher/fire_extinguishing_sound1.uasset" 1363
"C:/Users/r022260k/Documents/GitHub/ConCat/Content/Construction/Sound/Raw_WAVs/FireExtinguisher/fire_extinguishing_sound1.uexp" 1364
"C:/Users/r022260k/Documents/GitHub/ConCat/Content/Construction/Sound/SoundCues/FireExtinguisher/fire_extinguishing_sound1_Cue.uasset" 1365
"C:/Users/r022260k/Documents/GitHub/ConCat/Content/Construction/Sound/SoundCues/FireExtinguisher/fire_extinguishing_sound1_Cue.uexp" 1366
"C:/Users/r022260k/Documents/GitHub/ConCat/Content/Construction/Sound/Raw_WAVs/FireExtinguisher/Fire_Extinguisher_Sound_2.ubulk" 1367
"C:/Users/r022260k/Documents/GitHub/ConCat/Content/Construction/Sound/Raw_WAVs/FireExtinguisher/Fire_Extinguisher_Sound_2.uasset" 1368
"C:/Users/r022260k/Documents/GitHub/ConCat/Content/Construction/Sound/Raw_WAVs/FireExtinguisher/Fire_Extinguisher_Sound_2.uexp" 1369
"C:/Users/r022260k/Documents/GitHub/ConCat/Content/Construction/Sound/SoundCues/FireExtinguisher/Fire_Extinguisher_Sound_2_Cue.uasset" 1370
"C:/Users/r022260k/Documents/GitHub/ConCat/Content/Construction/Sound/SoundCues/FireExtinguisher/Fire_Extinguisher_Sound_2_Cue.uexp" 1371
"C:/Users/r022260k/Documents/GitHub/ConCat/Content/Construction/Sound/Raw_WAVs/FootSteps/footsteps_2.ubulk" 1372
"C:/Users/r022260k/Documents/GitHub/ConCat/Content/Construction/Sound/Raw_WAVs/FootSteps/footsteps_2.uasset" 1373
"C:/Users/r022260k/Documents/GitHub/ConCat/Content/Construction/Sound/Raw_WAVs/FootSteps/footsteps_2.uexp" 1374
"C:/Users/r022260k/Documents/GitHub/ConCat/Content/Construction/Sound/SoundCues/Footsteps/footsteps_2_Cue.uasset" 1375
"C:/Users/r022260k/Documents/GitHub/ConCat/Content/Construction/Sound/SoundCues/Footsteps/footsteps_2_Cue.uexp" 1376
"C:/Users/r022260k/Documents/GitHub/ConCat/Content/Construction/Sound/Raw_WAVs/FootSteps/footsteps_1.ubulk" 1377
"C:/Users/r022260k/Documents/GitHub/ConCat/Content/Construction/Sound/Raw_WAVs/FootSteps/footsteps_1.uasset" 1378
"C:/Users/r022260k/Documents/GitHub/ConCat/Content/Construction/Sound/Raw_WAVs/FootSteps/footsteps_1.uexp" 1379
"C:/Users/r022260k/Documents/GitHub/ConCat/Content/Construction/Sound/SoundCues/Footsteps/footsteps_1_Cue.uasset" 1380
"C:/Users/r022260k/Documents/GitHub/ConCat/Content/Construction/Sound/SoundCues/Footsteps/footsteps_1_Cue.uexp" 1381
"C:/Users/r022260k/Documents/GitHub/ConCat/Content/Construction/Sound/Raw_WAVs/Hammer/thump-Light.ubulk" 1382
"C:/Users/r022260k/Documents/GitHub/ConCat/Content/Construction/Sound/Raw_WAVs/Hammer/thump-Light.uasset" 1383
"C:/Users/r022260k/Documents/GitHub/ConCat/Content/Construction/Sound/Raw_WAVs/Hammer/thump-Light.uexp" 1384
"C:/Users/r022260k/Documents/GitHub/ConCat/Content/Construction/Sound/SoundCues/Hammer/thump-Light_Cue.uasset" 1385
"C:/Users/r022260k/Documents/GitHub/ConCat/Content/Construction/Sound/SoundCues/Hammer/thump-Light_Cue.uexp" 1386
"C:/Users/r022260k/Documents/GitHub/ConCat/Content/Construction/Sound/Raw_WAVs/Hammer/thump-Heavy.ubulk" 1387
"C:/Users/r022260k/Documents/GitHub/ConCat/Content/Construction/Sound/Raw_WAVs/Hammer/thump-Heavy.uasset" 1388
"C:/Users/r022260k/Documents/GitHub/ConCat/Content/Construction/Sound/Raw_WAVs/Hammer/thump-Heavy.uexp" 1389
"C:/Users/r022260k/Documents/GitHub/ConCat/Content/Construction/Sound/SoundCues/Hammer/thump-Heavy_Cue.uasset" 1390
"C:/Users/r022260k/Documents/GitHub/ConCat/Content/Construction/Sound/SoundCues/Hammer/thump-Heavy_Cue.uexp" 1391
"C:/Users/r022260k/Documents/GitHub/ConCat/Content/Construction/Sound/Raw_WAVs/Hammer/short_swing_sound.ubulk" 1392
"C:/Users/r022260k/Documents/GitHub/ConCat/Content/Construction/Sound/Raw_WAVs/Hammer/short_swing_sound.uasset" 1393
"C:/Users/r022260k/Documents/GitHub/ConCat/Content/Construction/Sound/Raw_WAVs/Hammer/short_swing_sound.uexp" 1394
"C:/Users/r022260k/Documents/GitHub/ConCat/Content/Construction/Sound/SoundCues/Hammer/short_swing_sound_Cue.uasset" 1395
"C:/Users/r022260k/Documents/GitHub/ConCat/Content/Construction/Sound/SoundCues/Hammer/short_swing_sound_Cue.uexp" 1396
"C:/Users/r022260k/Documents/GitHub/ConCat/Content/Construction/Sound/Raw_WAVs/Hammer/long_swing_sound.ubulk" 1397
"C:/Users/r022260k/Documents/GitHub/ConCat/Content/Construction/Sound/Raw_WAVs/Hammer/long_swing_sound.uasset" 1398
"C:/Users/r022260k/Documents/GitHub/ConCat/Content/Construction/Sound/Raw_WAVs/Hammer/long_swing_sound.uexp" 1399
"C:/Users/r022260k/Documents/GitHub/ConCat/Content/Construction/Sound/SoundCues/Hammer/long_swing_sound_Cue.uasset" 1400
"C:/Users/r022260k/Documents/GitHub/ConCat/Content/Construction/Sound/SoundCues/Hammer/long_swing_sound_Cue.uexp" 1401
"C:/Users/r022260k/Documents/GitHub/ConCat/Content/Construction/Sound/Raw_WAVs/Items/ItemDrop.ubulk" 1402
"C:/Users/r022260k/Documents/GitHub/ConCat/Content/Construction/Sound/Raw_WAVs/Items/ItemDrop.uasset" 1403
"C:/Users/r022260k/Documents/GitHub/ConCat/Content/Construction/Sound/Raw_WAVs/Items/ItemDrop.uexp" 1404
"C:/Users/r022260k/Documents/GitHub/ConCat/Content/Construction/Sound/SoundCues/Items/ItemDrop_Cue.uasset" 1405
"C:/Users/r022260k/Documents/GitHub/ConCat/Content/Construction/Sound/SoundCues/Items/ItemDrop_Cue.uexp" 1406
"C:/Users/r022260k/Documents/GitHub/ConCat/Content/Construction/Sound/Raw_WAVs/Jump/JumpSound.ubulk" 1407
"C:/Users/r022260k/Documents/GitHub/ConCat/Content/Construction/Sound/Raw_WAVs/Jump/JumpSound.uasset" 1408
"C:/Users/r022260k/Documents/GitHub/ConCat/Content/Construction/Sound/Raw_WAVs/Jump/JumpSound.uexp" 1409
"C:/Users/r022260k/Documents/GitHub/ConCat/Content/Construction/Sound/SoundCues/Jump/JumpSound_Cue.uasset" 1410
"C:/Users/r022260k/Documents/GitHub/ConCat/Content/Construction/Sound/SoundCues/Jump/JumpSound_Cue.uexp" 1411
"C:/Users/r022260k/Documents/GitHub/ConCat/Content/Construction/Sound/Raw_WAVs/Menu/snd_elevator_power_down-37310.ubulk" 1412
"C:/Users/r022260k/Documents/GitHub/ConCat/Content/Construction/Sound/Raw_WAVs/Menu/snd_elevator_power_down-37310.uasset" 1413
"C:/Users/r022260k/Documents/GitHub/ConCat/Content/Construction/Sound/Raw_WAVs/Menu/snd_elevator_power_down-37310.uexp" 1414
"C:/Users/r022260k/Documents/GitHub/ConCat/Content/Construction/Sound/SoundCues/Menu/LoudDing_Cue.uasset" 1415
"C:/Users/r022260k/Documents/GitHub/ConCat/Content/Construction/Sound/SoundCues/Menu/LoudDing_Cue.uexp" 1416
"C:/Users/r022260k/Documents/GitHub/ConCat/Content/Construction/Sound/Raw_WAVs/Menu/CountDownBeeps.ubulk" 1417
"C:/Users/r022260k/Documents/GitHub/ConCat/Content/Construction/Sound/Raw_WAVs/Menu/CountDownBeeps.uasset" 1418
"C:/Users/r022260k/Documents/GitHub/ConCat/Content/Construction/Sound/Raw_WAVs/Menu/CountDownBeeps.uexp" 1419
"C:/Users/r022260k/Documents/GitHub/ConCat/Content/Construction/Sound/SoundCues/Menu/CountDownBeeps_Cue.uasset" 1420
"C:/Users/r022260k/Documents/GitHub/ConCat/Content/Construction/Sound/SoundCues/Menu/CountDownBeeps_Cue.uexp" 1421
"C:/Users/r022260k/Documents/GitHub/ConCat/Content/Construction/Sound/Raw_WAVs/Meteor/Meteor_falling_and_impact.ubulk" 1422
"C:/Users/r022260k/Documents/GitHub/ConCat/Content/Construction/Sound/Raw_WAVs/Meteor/Meteor_falling_and_impact.uasset" 1423
"C:/Users/r022260k/Documents/GitHub/ConCat/Content/Construction/Sound/Raw_WAVs/Meteor/Meteor_falling_and_impact.uexp" 1424
"C:/Users/r022260k/Documents/GitHub/ConCat/Content/Construction/Sound/SoundCues/Meteor/Meteor_falling_and_impact_Cue.uasset" 1425
"C:/Users/r022260k/Documents/GitHub/ConCat/Content/Construction/Sound/SoundCues/Meteor/Meteor_falling_and_impact_Cue.uexp" 1426
"C:/Users/r022260k/Documents/GitHub/ConCat/Content/Construction/Sound/Raw_WAVs/Meteor/meteor_falling_2_use.ubulk" 1427
"C:/Users/r022260k/Documents/GitHub/ConCat/Content/Construction/Sound/Raw_WAVs/Meteor/meteor_falling_2_use.uasset" 1428
"C:/Users/r022260k/Documents/GitHub/ConCat/Content/Construction/Sound/Raw_WAVs/Meteor/meteor_falling_2_use.uexp" 1429
"C:/Users/r022260k/Documents/GitHub/ConCat/Content/Construction/Sound/SoundCues/Meteor/meteor_falling_2_use_Cue.uasset" 1430
"C:/Users/r022260k/Documents/GitHub/ConCat/Content/Construction/Sound/SoundCues/Meteor/meteor_falling_2_use_Cue.uexp" 1431
"C:/Users/r022260k/Documents/GitHub/ConCat/Content/Construction/Sound/Raw_WAVs/Tape/plastic-tape-98310.ubulk" 1432
"C:/Users/r022260k/Documents/GitHub/ConCat/Content/Construction/Sound/Raw_WAVs/Tape/plastic-tape-98310.uasset" 1433
"C:/Users/r022260k/Documents/GitHub/ConCat/Content/Construction/Sound/Raw_WAVs/Tape/plastic-tape-98310.uexp" 1434
"C:/Users/r022260k/Documents/GitHub/ConCat/Content/Construction/Sound/SoundCues/Tape/plastic-tape_Cue.uasset" 1435
"C:/Users/r022260k/Documents/GitHub/ConCat/Content/Construction/Sound/SoundCues/Tape/plastic-tape_Cue.uexp" 1436
"C:/Users/r022260k/Documents/GitHub/ConCat/Content/Construction/Sound/Raw_WAVs/Tsunami/waves_crashing_sound.ubulk" 1437
"C:/Users/r022260k/Documents/GitHub/ConCat/Content/Construction/Sound/Raw_WAVs/Tsunami/waves_crashing_sound.uasset" 1438
"C:/Users/r022260k/Documents/GitHub/ConCat/Content/Construction/Sound/Raw_WAVs/Tsunami/waves_crashing_sound.uexp" 1439
"C:/Users/r022260k/Documents/GitHub/ConCat/Content/Construction/Sound/SoundCues/Tsunami/waves_crashing_sound_Cue.uasset" 1440
"C:/Users/r022260k/Documents/GitHub/ConCat/Content/Construction/Sound/SoundCues/Tsunami/waves_crashing_sound_Cue.uexp" 1441
"C:/Users/r022260k/Documents/GitHub/ConCat/Content/Construction/Sound/Raw_WAVs/Tsunami/water_splash_sound.ubulk" 1442
"C:/Users/r022260k/Documents/GitHub/ConCat/Content/Construction/Sound/Raw_WAVs/Tsunami/water_splash_sound.uasset" 1443
"C:/Users/r022260k/Documents/GitHub/ConCat/Content/Construction/Sound/Raw_WAVs/Tsunami/water_splash_sound.uexp" 1444
"C:/Users/r022260k/Documents/GitHub/ConCat/Content/Construction/Sound/SoundCues/Tsunami/water_splash_sound_Cue.uasset" 1445
"C:/Users/r022260k/Documents/GitHub/ConCat/Content/Construction/Sound/SoundCues/Tsunami/water_splash_sound_Cue.uexp" 1446
"C:/Users/r022260k/Documents/GitHub/ConCat/Content/Construction/Sound/Raw_WAVs/Tsunami/water_splash_pour.ubulk" 1447
"C:/Users/r022260k/Documents/GitHub/ConCat/Content/Construction/Sound/Raw_WAVs/Tsunami/water_splash_pour.uasset" 1448
"C:/Users/r022260k/Documents/GitHub/ConCat/Content/Construction/Sound/Raw_WAVs/Tsunami/water_splash_pour.uexp" 1449
"C:/Users/r022260k/Documents/GitHub/ConCat/Content/Construction/Sound/SoundCues/Tsunami/water_splash_pour_Cue.uasset" 1450
"C:/Users/r022260k/Documents/GitHub/ConCat/Content/Construction/Sound/SoundCues/Tsunami/water_splash_pour_Cue.uexp" 1451
"C:/Users/r022260k/Documents/GitHub/ConCat/Content/Construction/Sound/Raw_WAVs/Tsunami/water_flowing_2.ubulk" 1452
"C:/Users/r022260k/Documents/GitHub/ConCat/Content/Construction/Sound/Raw_WAVs/Tsunami/water_flowing_2.uasset" 1453
"C:/Users/r022260k/Documents/GitHub/ConCat/Content/Construction/Sound/Raw_WAVs/Tsunami/water_flowing_2.uexp" 1454
"C:/Users/r022260k/Documents/GitHub/ConCat/Content/Construction/Sound/SoundCues/Tsunami/water_flowing_2_Cue.uasset" 1455
"C:/Users/r022260k/Documents/GitHub/ConCat/Content/Construction/Sound/SoundCues/Tsunami/water_flowing_2_Cue.uexp" 1456
"C:/Users/r022260k/Documents/GitHub/ConCat/Content/Construction/Sound/Raw_WAVs/Tsunami/tsunami_sirens_sound.ubulk" 1457
"C:/Users/r022260k/Documents/GitHub/ConCat/Content/Construction/Sound/Raw_WAVs/Tsunami/tsunami_sirens_sound.uasset" 1458
"C:/Users/r022260k/Documents/GitHub/ConCat/Content/Construction/Sound/Raw_WAVs/Tsunami/tsunami_sirens_sound.uexp" 1459
"C:/Users/r022260k/Documents/GitHub/ConCat/Content/Construction/Sound/SoundCues/Tsunami/tsunami_sirens_sound_Cue.uasset" 1460
"C:/Users/r022260k/Documents/GitHub/ConCat/Content/Construction/Sound/SoundCues/Tsunami/tsunami_sirens_sound_Cue.uexp" 1461
"C:/Users/r022260k/Documents/GitHub/ConCat/Content/Construction/Sound/Raw_WAVs/Wind/wind_blowing_2__use.ubulk" 1462
"C:/Users/r022260k/Documents/GitHub/ConCat/Content/Construction/Sound/Raw_WAVs/Wind/wind_blowing_2__use.uasset" 1463
"C:/Users/r022260k/Documents/GitHub/ConCat/Content/Construction/Sound/Raw_WAVs/Wind/wind_blowing_2__use.uexp" 1464
"C:/Users/r022260k/Documents/GitHub/ConCat/Content/Construction/Sound/SoundCues/Wind/wind_blowing_2__use_Cue.uasset" 1465
"C:/Users/r022260k/Documents/GitHub/ConCat/Content/Construction/Sound/SoundCues/Wind/wind_blowing_2__use_Cue.uexp" 1466
"C:/Users/r022260k/Documents/GitHub/ConCat/Content/Construction/Sound/Raw_WAVs/Wind/wind_blowing_1_use.ubulk" 1467
"C:/Users/r022260k/Documents/GitHub/ConCat/Content/Construction/Sound/Raw_WAVs/Wind/wind_blowing_1_use.uasset" 1468
"C:/Users/r022260k/Documents/GitHub/ConCat/Content/Construction/Sound/Raw_WAVs/Wind/wind_blowing_1_use.uexp" 1469
"C:/Users/r022260k/Documents/GitHub/ConCat/Content/Construction/Sound/SoundCues/Wind/wind_blowing_1_use_Cue.uasset" 1470
"C:/Users/r022260k/Documents/GitHub/ConCat/Content/Construction/Sound/SoundCues/Wind/wind_blowing_1_use_Cue.uexp" 1471
"C:/Users/r022260k/Documents/GitHub/ConCat/Content/Construction/Design/Materials/MPC_Buildings.uasset" 1472
"C:/Users/r022260k/Documents/GitHub/ConCat/Content/Construction/Design/Materials/MPC_Buildings.uexp" 1473
"C:/Users/r022260k/Documents/GitHub/ConCat/Content/Construction/Design/Materials/M_Ceiling.uasset" 1474
"C:/Users/r022260k/Documents/GitHub/ConCat/Content/Construction/Design/Materials/M_Ceiling.uexp" 1475
"C:/Users/r022260k/Documents/GitHub/ConCat/Content/Construction/Design/Materials/M_Wall.uasset" 1476
"C:/Users/r022260k/Documents/GitHub/ConCat/Content/Construction/Design/Materials/M_Wall.uexp" 1477
"C:/Users/r022260k/Documents/GitHub/ConCat/Content/Construction/Tech/Blockout_Meshes/SM_DoubleWall.ubulk" 1478
"C:/Users/r022260k/Documents/GitHub/ConCat/Content/Construction/Tech/Blockout_Meshes/SM_DoubleWall.uasset" 1479
"C:/Users/r022260k/Documents/GitHub/ConCat/Content/Construction/Tech/Blockout_Meshes/SM_DoubleWall.uexp" 1480
"C:/Users/r022260k/Documents/GitHub/ConCat/Content/Construction/Tech/Blockout_Meshes/SM_Corner.ubulk" 1481
"C:/Users/r022260k/Documents/GitHub/ConCat/Content/Construction/Tech/Blockout_Meshes/SM_Corner.uasset" 1482
"C:/Users/r022260k/Documents/GitHub/ConCat/Content/Construction/Tech/Blockout_Meshes/SM_Corner.uexp" 1483
"../../../Engine/Content/BasicShapes/Cube.ubulk" 1484
"../../../Engine/Content/BasicShapes/Cube.uasset" 1485
"../../../Engine/Content/BasicShapes/Cube.uexp" 1486
"../../../Engine/Plugins/FX/Niagara/Content/Enums/ENiagaraRandomnessMode.uasset" 1487
"../../../Engine/Plugins/FX/Niagara/Content/Enums/ENiagaraRandomnessMode.uexp" 1488
"../../../Engine/Plugins/FX/Niagara/Content/Enums/ENiagaraRandomnessEvaluation.uasset" 1489
"../../../Engine/Plugins/FX/Niagara/Content/Enums/ENiagaraRandomnessEvaluation.uexp" 1490
"../../../Engine/Plugins/FX/Niagara/Content/Functions/V2/CalculateRandomRangeFloat.uasset" 1491
"../../../Engine/Plugins/FX/Niagara/Content/Functions/V2/CalculateRandomRangeFloat.uexp" 1492
"../../../Engine/Plugins/FX/Niagara/Content/DynamicInputs/UniformRange/V2/RandomRangeFloat.uasset" 1493
"../../../Engine/Plugins/FX/Niagara/Content/DynamicInputs/UniformRange/V2/RandomRangeFloat.uexp" 1494
"../../../Engine/Plugins/FX/Niagara/Content/Enums/ENiagara_MassInitializationMode.uasset" 1495
"../../../Engine/Plugins/FX/Niagara/Content/Enums/ENiagara_MassInitializationMode.uexp" 1496
"../../../Engine/Plugins/FX/Niagara/Content/Enums/ENiagara_SubUVLookupMode.uasset" 1497
"../../../Engine/Plugins/FX/Niagara/Content/Enums/ENiagara_SubUVLookupMode.uexp" 1498
"../../../Engine/Plugins/FX/Niagara/Content/Enums/ENiagara_PositionInitializationMode.uasset" 1499
"../../../Engine/Plugins/FX/Niagara/Content/Enums/ENiagara_PositionInitializationMode.uexp" 1500
"../../../Engine/Plugins/FX/Niagara/Content/Enums/ENiagara_SizeScaleMode.uasset" 1501
"../../../Engine/Plugins/FX/Niagara/Content/Enums/ENiagara_SizeScaleMode.uexp" 1502
"../../../Engine/Plugins/FX/Niagara/Content/Enums/ENiagara_UVFlippingMode.uasset" 1503
"../../../Engine/Plugins/FX/Niagara/Content/Enums/ENiagara_UVFlippingMode.uexp" 1504
"../../../Engine/Plugins/FX/Niagara/Content/Functions/Localspace/SimulationPosition.uasset" 1505
"../../../Engine/Plugins/FX/Niagara/Content/Functions/Localspace/SimulationPosition.uexp" 1506
"../../../Engine/Plugins/FX/Niagara/Content/Functions/V2/CalculateRandomRangeInteger.uasset" 1507
"../../../Engine/Plugins/FX/Niagara/Content/Functions/V2/CalculateRandomRangeInteger.uexp" 1508
"../../../Engine/Plugins/FX/Niagara/Content/Functions/Localspace/TransformBase.uasset" 1509
"../../../Engine/Plugins/FX/Niagara/Content/Functions/Localspace/TransformBase.uexp" 1510
"../../../Engine/Plugins/FX/Niagara/Content/Functions/Localspace/TransformVector.uasset" 1511
"../../../Engine/Plugins/FX/Niagara/Content/Functions/Localspace/TransformVector.uexp" 1512
"../../../Engine/Plugins/FX/Niagara/Content/Enums/Ribbons/ENiagara_UnsetDirectSetRandom.uasset" 1513
"../../../Engine/Plugins/FX/Niagara/Content/Enums/Ribbons/ENiagara_UnsetDirectSetRandom.uexp" 1514
"../../../Engine/Plugins/FX/Niagara/Content/Enums/ENiagara_LifetimeMode.uasset" 1515
"../../../Engine/Plugins/FX/Niagara/Content/Enums/ENiagara_LifetimeMode.uexp" 1516
"../../../Engine/Plugins/FX/Niagara/Content/Functions/V2/CalculateRandomRange.uasset" 1517
"../../../Engine/Plugins/FX/Niagara/Content/Functions/V2/CalculateRandomRange.uexp" 1518
"../../../Engine/Plugins/FX/Niagara/Content/Functions/V2/CalculateRandomBool.uasset" 1519
"../../../Engine/Plugins/FX/Niagara/Content/Functions/V2/CalculateRandomBool.uexp" 1520
"../../../Engine/Plugins/FX/Niagara/Content/Enums/Ribbons/ENiagara_UnsetDirectSet.uasset" 1521
"../../../Engine/Plugins/FX/Niagara/Content/Enums/Ribbons/ENiagara_UnsetDirectSet.uexp" 1522
"../../../Engine/Plugins/FX/Niagara/Content/Enums/ENiagara_SpriteRotationMode.uasset" 1523
"../../../Engine/Plugins/FX/Niagara/Content/Enums/ENiagara_SpriteRotationMode.uexp" 1524
"../../../Engine/Plugins/FX/Niagara/Content/Enums/ENiagara_ColorInitializationMode.uasset" 1525
"../../../Engine/Plugins/FX/Niagara/Content/Enums/ENiagara_ColorInitializationMode.uexp" 1526
"../../../Engine/Plugins/FX/Niagara/Content/Functions/LinearColor/HueShiftLinearColor.uasset" 1527
"../../../Engine/Plugins/FX/Niagara/Content/Functions/LinearColor/HueShiftLinearColor.uexp" 1528
"../../../Engine/Plugins/FX/Niagara/Content/Enums/ENiagaraChannelCorrelation.uasset" 1529
"../../../Engine/Plugins/FX/Niagara/Content/Enums/ENiagaraChannelCorrelation.uexp" 1530
"../../../Engine/Plugins/FX/Niagara/Content/Modules/Spawn/Initialization/V2/InitializeParticle.uasset" 1531
"../../../Engine/Plugins/FX/Niagara/Content/Modules/Spawn/Initialization/V2/InitializeParticle.uexp" 1532
"../../../Engine/Plugins/FX/Niagara/Content/Enums/ENiagaraEmitterLifeCycleMode.uasset" 1533
"../../../Engine/Plugins/FX/Niagara/Content/Enums/ENiagaraEmitterLifeCycleMode.uexp" 1534
"../../../Engine/Plugins/FX/Niagara/Content/Functions/Emitter/EmitterChangeState.uasset" 1535
"../../../Engine/Plugins/FX/Niagara/Content/Functions/Emitter/EmitterChangeState.uexp" 1536
"../../../Engine/Plugins/FX/Niagara/Content/Enums/ENiagara_InfiniteLoopDuration.uasset" 1537
"../../../Engine/Plugins/FX/Niagara/Content/Enums/ENiagara_InfiniteLoopDuration.uexp" 1538
"../../../Engine/Plugins/FX/Niagara/Content/Enums/ENiagara_EmitterStateOptions.uasset" 1539
"../../../Engine/Plugins/FX/Niagara/Content/Enums/ENiagara_EmitterStateOptions.uexp" 1540
"../../../Engine/Plugins/FX/Niagara/Content/Enums/ENiagaraInactiveMode.uasset" 1541
"../../../Engine/Plugins/FX/Niagara/Content/Enums/ENiagaraInactiveMode.uexp" 1542
"../../../Engine/Plugins/FX/Niagara/Content/Enums/ENiagaraExecutionStateManagement.uasset" 1543
"../../../Engine/Plugins/FX/Niagara/Content/Enums/ENiagaraExecutionStateManagement.uexp" 1544
"../../../Engine/Plugins/FX/Niagara/Content/Enums/ENiagaraEmitterScalabilityMode_Limited.uasset" 1545
"../../../Engine/Plugins/FX/Niagara/Content/Enums/ENiagaraEmitterScalabilityMode_Limited.uexp" 1546
"../../../Engine/Plugins/FX/Niagara/Content/Modules/Emitter/EmitterState.uasset" 1547
"../../../Engine/Plugins/FX/Niagara/Content/Modules/Emitter/EmitterState.uexp" 1548
"../../../Engine/Plugins/FX/Niagara/Content/Modules/Emitter/SpawnBurst_Instantaneous.uasset" 1549
"../../../Engine/Plugins/FX/Niagara/Content/Modules/Emitter/SpawnBurst_Instantaneous.uexp" 1550
"../../../Engine/Plugins/FX/Niagara/Content/Enums/ENiagaraSystemInactiveMode.uasset" 1551
"../../../Engine/Plugins/FX/Niagara/Content/Enums/ENiagaraSystemInactiveMode.uexp" 1552
"../../../Engine/Plugins/FX/Niagara/Content/Modules/Spawn/Location/SystemLocation.uasset" 1553
"../../../Engine/Plugins/FX/Niagara/Content/Modules/Spawn/Location/SystemLocation.uexp" 1554
"../../../Engine/Plugins/FX/Niagara/Content/Functions/GetRandomInfo.uasset" 1555
"../../../Engine/Plugins/FX/Niagara/Content/Functions/GetRandomInfo.uexp" 1556
"../../../Engine/Plugins/FX/Niagara/Content/Functions/RandomRangeInteger.uasset" 1557
"../../../Engine/Plugins/FX/Niagara/Content/Functions/RandomRangeInteger.uexp" 1558
"../../../Engine/Plugins/FX/Niagara/Content/Modules/Update/SubUV/V2/SubUVAnimation.uasset" 1559
"../../../Engine/Plugins/FX/Niagara/Content/Modules/Update/SubUV/V2/SubUVAnimation.uexp" 1560
"../../../Engine/Plugins/FX/Niagara/Content/Functions/System/SystemChangeState.uasset" 1561
"../../../Engine/Plugins/FX/Niagara/Content/Functions/System/SystemChangeState.uexp" 1562
"../../../Engine/Plugins/FX/Niagara/Content/Modules/System/SystemState.uasset" 1563
"../../../Engine/Plugins/FX/Niagara/Content/Modules/System/SystemState.uexp" 1564
"C:/Users/r022260k/Documents/GitHub/ConCat/Content/Construction/Tech/Blueprints/Disasters/Hurricane/Wind_2D/Wind5/T_Wind5.uasset" 1565
"C:/Users/r022260k/Documents/GitHub/ConCat/Content/Construction/Tech/Blueprints/Disasters/Hurricane/Wind_2D/Wind5/T_Wind5.uexp" 1566
"C:/Users/r022260k/Documents/GitHub/ConCat/Content/Construction/Tech/Blueprints/Disasters/Hurricane/Wind_2D/Wind5/M_Wind5.uasset" 1567
"C:/Users/r022260k/Documents/GitHub/ConCat/Content/Construction/Tech/Blueprints/Disasters/Hurricane/Wind_2D/Wind5/M_Wind5.uexp" 1568
"../../../Engine/Plugins/FX/Niagara/Content/Functions/Math/SaturateFloat.uasset" 1569
"../../../Engine/Plugins/FX/Niagara/Content/Functions/Math/SaturateFloat.uexp" 1570
"../../../Engine/Plugins/FX/Niagara/Content/Icons/Modules/T_Icon_Particle_InfiniteLife.uasset" 1571
"../../../Engine/Plugins/FX/Niagara/Content/Icons/Modules/T_Icon_Particle_InfiniteLife.uexp" 1572
"../../../Engine/Plugins/FX/Niagara/Content/Modules/Update/Lifetime/ParticleState.uasset" 1573
"../../../Engine/Plugins/FX/Niagara/Content/Modules/Update/Lifetime/ParticleState.uexp" 1574
"C:/Users/r022260k/Documents/GitHub/ConCat/Content/Construction/Tech/Blueprints/Disasters/Hurricane/Wind_2D/Wind5/FX_Wind5.uasset" 1575
"C:/Users/r022260k/Documents/GitHub/ConCat/Content/Construction/Tech/Blueprints/Disasters/Hurricane/Wind_2D/Wind5/FX_Wind5.uexp" 1576
"C:/Users/r022260k/Documents/GitHub/ConCat/Content/Construction/Tech/Blueprints/Disasters/Hurricane/Wind_2D/Wind1/T_Wind1.uasset" 1577
"C:/Users/r022260k/Documents/GitHub/ConCat/Content/Construction/Tech/Blueprints/Disasters/Hurricane/Wind_2D/Wind1/T_Wind1.uexp" 1578
"C:/Users/r022260k/Documents/GitHub/ConCat/Content/Construction/Tech/Blueprints/Disasters/Hurricane/Wind_2D/Wind1/M_Wind1.uasset" 1579
"C:/Users/r022260k/Documents/GitHub/ConCat/Content/Construction/Tech/Blueprints/Disasters/Hurricane/Wind_2D/Wind1/M_Wind1.uexp" 1580
"C:/Users/r022260k/Documents/GitHub/ConCat/Content/Construction/Tech/Blueprints/Disasters/Hurricane/Wind_2D/Wind1/FX_Wind1.uasset" 1581
"C:/Users/r022260k/Documents/GitHub/ConCat/Content/Construction/Tech/Blueprints/Disasters/Hurricane/Wind_2D/Wind1/FX_Wind1.uexp" 1582
"C:/Users/r022260k/Documents/GitHub/ConCat/Content/Construction/Tech/Blueprints/Disasters/Hurricane/Wind_2D/Wind3/T_Wind3.uasset" 1583
"C:/Users/r022260k/Documents/GitHub/ConCat/Content/Construction/Tech/Blueprints/Disasters/Hurricane/Wind_2D/Wind3/T_Wind3.uexp" 1584
"C:/Users/r022260k/Documents/GitHub/ConCat/Content/Construction/Tech/Blueprints/Disasters/Hurricane/Wind_2D/Wind3/M_Wind3.uasset" 1585
"C:/Users/r022260k/Documents/GitHub/ConCat/Content/Construction/Tech/Blueprints/Disasters/Hurricane/Wind_2D/Wind3/M_Wind3.uexp" 1586
"C:/Users/r022260k/Documents/GitHub/ConCat/Content/Construction/Tech/Blueprints/Disasters/Hurricane/Wind_2D/Wind3/FX_Wind3.uasset" 1587
"C:/Users/r022260k/Documents/GitHub/ConCat/Content/Construction/Tech/Blueprints/Disasters/Hurricane/Wind_2D/Wind3/FX_Wind3.uexp" 1588
"C:/Users/r022260k/Documents/GitHub/ConCat/Content/Construction/Tech/Blueprints/Disasters/Hurricane/Wind_2D/Wind4/T_Wind4.uasset" 1589
"C:/Users/r022260k/Documents/GitHub/ConCat/Content/Construction/Tech/Blueprints/Disasters/Hurricane/Wind_2D/Wind4/T_Wind4.uexp" 1590
"C:/Users/r022260k/Documents/GitHub/ConCat/Content/Construction/Tech/Blueprints/Disasters/Hurricane/Wind_2D/Wind4/M_Wind4.uasset" 1591
"C:/Users/r022260k/Documents/GitHub/ConCat/Content/Construction/Tech/Blueprints/Disasters/Hurricane/Wind_2D/Wind4/M_Wind4.uexp" 1592
"C:/Users/r022260k/Documents/GitHub/ConCat/Content/Construction/Tech/Blueprints/Disasters/Hurricane/Wind_2D/Wind4/FX_Wind4.uasset" 1593
"C:/Users/r022260k/Documents/GitHub/ConCat/Content/Construction/Tech/Blueprints/Disasters/Hurricane/Wind_2D/Wind4/FX_Wind4.uexp" 1594
"C:/Users/r022260k/Documents/GitHub/ConCat/Content/Construction/Tech/Blueprints/Disasters/Hurricane/Wind_2D/Wind2/T_Wind2.uasset" 1595
"C:/Users/r022260k/Documents/GitHub/ConCat/Content/Construction/Tech/Blueprints/Disasters/Hurricane/Wind_2D/Wind2/T_Wind2.uexp" 1596
"C:/Users/r022260k/Documents/GitHub/ConCat/Content/Construction/Tech/Blueprints/Disasters/Hurricane/Wind_2D/Wind2/M_Wind2.uasset" 1597
"C:/Users/r022260k/Documents/GitHub/ConCat/Content/Construction/Tech/Blueprints/Disasters/Hurricane/Wind_2D/Wind2/M_Wind2.uexp" 1598
"C:/Users/r022260k/Documents/GitHub/ConCat/Content/Construction/Tech/Blueprints/Disasters/Hurricane/Wind_2D/Wind2/FX_Wind2.uasset" 1599
"C:/Users/r022260k/Documents/GitHub/ConCat/Content/Construction/Tech/Blueprints/Disasters/Hurricane/Wind_2D/Wind2/FX_Wind2.uexp" 1600
"../../../Engine/Content/BasicShapes/BasicShapeMaterial.uasset" 1601
"../../../Engine/Content/BasicShapes/BasicShapeMaterial.uexp" 1602
"C:/Users/r022260k/Documents/GitHub/ConCat/Content/Construction/Tech/Blueprints/Disasters/Tsunami/BP/BP_Wind_Effect.uasset" 1603
"C:/Users/r022260k/Documents/GitHub/ConCat/Content/Construction/Tech/Blueprints/Disasters/Tsunami/BP/BP_Wind_Effect.uexp" 1604
"C:/Users/r022260k/Documents/GitHub/ConCat/Content/Construction/Art/Characters/Female_1/Mats/Textures/Female1_Character_BaseColor.ubulk" 1605
"C:/Users/r022260k/Documents/GitHub/ConCat/Content/Construction/Art/Characters/Female_1/Mats/Textures/Female1_Character_BaseColor.uasset" 1606
"C:/Users/r022260k/Documents/GitHub/ConCat/Content/Construction/Art/Characters/Female_1/Mats/Textures/Female1_Character_BaseColor.uexp" 1607
"C:/Users/r022260k/Documents/GitHub/ConCat/Content/Construction/Art/Characters/Female_1/Mats/Textures/Female1_HeadMask.ubulk" 1608
"C:/Users/r022260k/Documents/GitHub/ConCat/Content/Construction/Art/Characters/Female_1/Mats/Textures/Female1_HeadMask.uasset" 1609
"C:/Users/r022260k/Documents/GitHub/ConCat/Content/Construction/Art/Characters/Female_1/Mats/Textures/Female1_HeadMask.uexp" 1610
"C:/Users/r022260k/Documents/GitHub/ConCat/Content/Construction/Art/Characters/Female_1/Mats/Textures/Female1_Glasses_Mask.ubulk" 1611
"C:/Users/r022260k/Documents/GitHub/ConCat/Content/Construction/Art/Characters/Female_1/Mats/Textures/Female1_Glasses_Mask.uasset" 1612
"C:/Users/r022260k/Documents/GitHub/ConCat/Content/Construction/Art/Characters/Female_1/Mats/Textures/Female1_Glasses_Mask.uexp" 1613
"C:/Users/r022260k/Documents/GitHub/ConCat/Content/Construction/Art/Characters/Female_1/Mats/Textures/Female1_HelmetMask.ubulk" 1614
"C:/Users/r022260k/Documents/GitHub/ConCat/Content/Construction/Art/Characters/Female_1/Mats/Textures/Female1_HelmetMask.uasset" 1615
"C:/Users/r022260k/Documents/GitHub/ConCat/Content/Construction/Art/Characters/Female_1/Mats/Textures/Female1_HelmetMask.uexp" 1616
"C:/Users/r022260k/Documents/GitHub/ConCat/Content/Construction/Art/Characters/Female_1/Mats/Textures/Female1_Character_Normal.ubulk" 1617
"C:/Users/r022260k/Documents/GitHub/ConCat/Content/Construction/Art/Characters/Female_1/Mats/Textures/Female1_Character_Normal.uasset" 1618
"C:/Users/r022260k/Documents/GitHub/ConCat/Content/Construction/Art/Characters/Female_1/Mats/Textures/Female1_Character_Normal.uexp" 1619
"C:/Users/r022260k/Documents/GitHub/ConCat/Content/Construction/Art/Characters/Female_1/Mats/Textures/Female1_Character_OcclusionRoughnessMetallic.ubulk" 1620
"C:/Users/r022260k/Documents/GitHub/ConCat/Content/Construction/Art/Characters/Female_1/Mats/Textures/Female1_Character_OcclusionRoughnessMetallic.uasset" 1621
"C:/Users/r022260k/Documents/GitHub/ConCat/Content/Construction/Art/Characters/Female_1/Mats/Textures/Female1_Character_OcclusionRoughnessMetallic.uexp" 1622
"C:/Users/r022260k/Documents/GitHub/ConCat/Content/Construction/Art/Characters/Female_1/Mats/Female_1_Head_M.uasset" 1623
"C:/Users/r022260k/Documents/GitHub/ConCat/Content/Construction/Art/Characters/Female_1/Mats/Female_1_Head_M.uexp" 1624
"C:/Users/r022260k/Documents/GitHub/ConCat/Content/Construction/Art/Characters/Female_1/Mats/Female-Hat-Skin-Insts/Hat1-Skin-Vars/Female_1_Head_M_Hat1-SK3.uasset" 1625
"C:/Users/r022260k/Documents/GitHub/ConCat/Content/Construction/Art/Characters/Female_1/Mats/Female-Hat-Skin-Insts/Hat1-Skin-Vars/Female_1_Head_M_Hat1-SK3.uexp" 1626
"C:/Users/r022260k/Documents/GitHub/ConCat/Content/Construction/Art/MenuUI-Cory/Menu_Button.uasset" 1627
"C:/Users/r022260k/Documents/GitHub/ConCat/Content/Construction/Art/MenuUI-Cory/Menu_Button.uexp" 1628
"C:/Users/r022260k/Documents/GitHub/ConCat/Content/Construction/Art/MenuUI-Cory/GameOverScreen.uasset" 1629
"C:/Users/r022260k/Documents/GitHub/ConCat/Content/Construction/Art/MenuUI-Cory/GameOverScreen.uexp" 1630
"C:/Users/r022260k/Documents/GitHub/ConCat/Content/Construction/Tech/Blueprints/UI/CoryCustomFont/Quit_To_Main_Menu.uasset" 1631
"C:/Users/r022260k/Documents/GitHub/ConCat/Content/Construction/Tech/Blueprints/UI/CoryCustomFont/Quit_To_Main_Menu.uexp" 1632
"C:/Users/r022260k/Documents/GitHub/ConCat/Content/Construction/Tech/ZENITH20.uexp" 1633
"C:/Users/r022260k/Documents/GitHub/ConCat/Content/Construction/Tech/ZENITH20.uasset" 1634
"C:/Users/r022260k/Documents/GitHub/ConCat/Content/Construction/Tech/ZENITH20.ufont" 1635
"C:/Users/r022260k/Documents/GitHub/ConCat/Content/Construction/Tech/ZENITH20_Font.uasset" 1636
"C:/Users/r022260k/Documents/GitHub/ConCat/Content/Construction/Tech/ZENITH20_Font.uexp" 1637
"../../../Engine/Content/EditorBlueprintResources/StandardMacros.uasset" 1638
"../../../Engine/Content/EditorBlueprintResources/StandardMacros.uexp" 1639
"C:/Users/r022260k/Documents/GitHub/ConCat/Content/Construction/Tech/Blueprints/UI/GameOverScreens/W_MultiplayerGameOver.uasset" 1640
"C:/Users/r022260k/Documents/GitHub/ConCat/Content/Construction/Tech/Blueprints/UI/GameOverScreens/W_MultiplayerGameOver.uexp" 1641
"C:/Users/r022260k/Documents/GitHub/ConCat/Content/Construction/Art/Characters/Male_1/Mats/Male-HatMatInstances/Hat3-Vars/Male_1_Head_M_Hat3-SK5.uasset" 1642
"C:/Users/r022260k/Documents/GitHub/ConCat/Content/Construction/Art/Characters/Male_1/Mats/Male-HatMatInstances/Hat3-Vars/Male_1_Head_M_Hat3-SK5.uexp" 1643
"C:/Users/r022260k/Documents/GitHub/ConCat/Content/Construction/Art/Characters/Male_1/Mats/Male-HatMatInstances/Hat2-Vars/Male_1_Head_M_Hat2-SK5.uasset" 1644
"C:/Users/r022260k/Documents/GitHub/ConCat/Content/Construction/Art/Characters/Male_1/Mats/Male-HatMatInstances/Hat2-Vars/Male_1_Head_M_Hat2-SK5.uexp" 1645
"C:/Users/r022260k/Documents/GitHub/ConCat/Content/Construction/Art/Meshes/Gertrude/GertrudeR_PhysicsAsset.uasset" 1646
"C:/Users/r022260k/Documents/GitHub/ConCat/Content/Construction/Art/Meshes/Gertrude/GertrudeR_PhysicsAsset.uexp" 1647
"C:/Users/r022260k/Documents/GitHub/ConCat/Content/Construction/Art/Meshes/Gertrude/GertrudeR_Skeleton.uasset" 1648
"C:/Users/r022260k/Documents/GitHub/ConCat/Content/Construction/Art/Meshes/Gertrude/GertrudeR_Skeleton.uexp" 1649
"C:/Users/r022260k/Documents/GitHub/ConCat/Content/Construction/Art/Meshes/Gertrude/Textures/Gertrude_Albedo.ubulk" 1650
"C:/Users/r022260k/Documents/GitHub/ConCat/Content/Construction/Art/Meshes/Gertrude/Textures/Gertrude_Albedo.uasset" 1651
"C:/Users/r022260k/Documents/GitHub/ConCat/Content/Construction/Art/Meshes/Gertrude/Textures/Gertrude_Albedo.uexp" 1652
"C:/Users/r022260k/Documents/GitHub/ConCat/Content/Construction/Art/Meshes/Gertrude/Textures/Gertrude_Roughness.ubulk" 1653
"C:/Users/r022260k/Documents/GitHub/ConCat/Content/Construction/Art/Meshes/Gertrude/Textures/Gertrude_Roughness.uasset" 1654
"C:/Users/r022260k/Documents/GitHub/ConCat/Content/Construction/Art/Meshes/Gertrude/Textures/Gertrude_Roughness.uexp" 1655
"C:/Users/r022260k/Documents/GitHub/ConCat/Content/Construction/Art/Meshes/Gertrude/Textures/Gertrude_Normal.ubulk" 1656
"C:/Users/r022260k/Documents/GitHub/ConCat/Content/Construction/Art/Meshes/Gertrude/Textures/Gertrude_Normal.uasset" 1657
"C:/Users/r022260k/Documents/GitHub/ConCat/Content/Construction/Art/Meshes/Gertrude/Textures/Gertrude_Normal.uexp" 1658
"C:/Users/r022260k/Documents/GitHub/ConCat/Content/Construction/Art/Meshes/Gertrude/Materials/Gertrude.uasset" 1659
"C:/Users/r022260k/Documents/GitHub/ConCat/Content/Construction/Art/Meshes/Gertrude/Materials/Gertrude.uexp" 1660
"C:/Users/r022260k/Documents/GitHub/ConCat/Content/Construction/Art/Meshes/Gertrude/GertrudeR.uasset" 1661
"C:/Users/r022260k/Documents/GitHub/ConCat/Content/Construction/Art/Meshes/Gertrude/GertrudeR.uexp" 1662
"C:/Users/r022260k/Documents/GitHub/ConCat/Content/Construction/Tech/Levels/_GENERATED/k024521l/Sphere_1398A0D1.ubulk" 1663
"C:/Users/r022260k/Documents/GitHub/ConCat/Content/Construction/Tech/Levels/_GENERATED/k024521l/Sphere_1398A0D1.uasset" 1664
"C:/Users/r022260k/Documents/GitHub/ConCat/Content/Construction/Tech/Levels/_GENERATED/k024521l/Sphere_1398A0D1.uexp" 1665
"../../../Engine/Plugins/FX/Niagara/Content/Enums/SpriteRenderer/ENiagara_ScaleSpriteSize.uasset" 1666
"../../../Engine/Plugins/FX/Niagara/Content/Enums/SpriteRenderer/ENiagara_ScaleSpriteSize.uexp" 1667
"../../../Engine/Plugins/FX/Niagara/Content/Enums/ENiagaraSphereDistributionMode.uasset" 1668
"../../../Engine/Plugins/FX/Niagara/Content/Enums/ENiagaraSphereDistributionMode.uexp" 1669
"../../../Engine/Plugins/FX/Niagara/Content/Enums/ENiagaraTorusDistributionMode.uasset" 1670
"../../../Engine/Plugins/FX/Niagara/Content/Enums/ENiagaraTorusDistributionMode.uexp" 1671
"../../../Engine/Plugins/FX/Niagara/Content/Functions/RandomRangeFloat.uasset" 1672
"../../../Engine/Plugins/FX/Niagara/Content/Functions/RandomRangeFloat.uexp" 1673
"../../../Engine/Plugins/FX/Niagara/Content/Modules/Emitter/SpawnRate.uasset" 1674
"../../../Engine/Plugins/FX/Niagara/Content/Modules/Emitter/SpawnRate.uexp" 1675
"../../../Engine/Plugins/FX/Niagara/Content/Enums/Location/ENiagara_LocationShapes.uasset" 1676
"../../../Engine/Plugins/FX/Niagara/Content/Enums/Location/ENiagara_LocationShapes.uexp" 1677
"../../../Engine/Plugins/FX/Niagara/Content/Enums/Location/ENiagara_CylinderMode.uasset" 1678
"../../../Engine/Plugins/FX/Niagara/Content/Enums/Location/ENiagara_CylinderMode.uexp" 1679
"../../../Engine/Plugins/FX/Niagara/Content/Icons/Modules/T_Icon_Solver_LimitSpeed.uasset" 1680
"../../../Engine/Plugins/FX/Niagara/Content/Icons/Modules/T_Icon_Solver_LimitSpeed.uexp" 1681
"../../../Engine/Plugins/FX/Niagara/Content/Functions/DirectionAndLengthSafe.uasset" 1682
"../../../Engine/Plugins/FX/Niagara/Content/Functions/DirectionAndLengthSafe.uexp" 1683
"../../../Engine/Plugins/FX/Niagara/Content/Functions/Rotation/MultiplyQuaternion.uasset" 1684
"../../../Engine/Plugins/FX/Niagara/Content/Functions/Rotation/MultiplyQuaternion.uexp" 1685
"../../../Engine/Plugins/FX/Niagara/Content/Functions/Rotation/AxisAngleToQuaternion.uasset" 1686
"../../../Engine/Plugins/FX/Niagara/Content/Functions/Rotation/AxisAngleToQuaternion.uexp" 1687
"../../../Engine/Plugins/FX/Niagara/Content/Modules/Solvers/ApplyRotationVector.uasset" 1688
"../../../Engine/Plugins/FX/Niagara/Content/Modules/Solvers/ApplyRotationVector.uexp" 1689
"../../../Engine/Plugins/FX/Niagara/Content/Icons/Modules/T_Icon_Solver_RotationalSolve.uasset" 1690
"../../../Engine/Plugins/FX/Niagara/Content/Icons/Modules/T_Icon_Solver_RotationalSolve.uexp" 1691
"../../../Engine/Plugins/FX/Niagara/Content/Icons/Modules/T_Icon_Solver_LimitAccel.uasset" 1692
"../../../Engine/Plugins/FX/Niagara/Content/Icons/Modules/T_Icon_Solver_LimitAccel.uexp" 1693
"../../../Engine/Plugins/FX/Niagara/Content/Modules/Solvers/SolveForcesAndVelocity.uasset" 1694
"../../../Engine/Plugins/FX/Niagara/Content/Modules/Solvers/SolveForcesAndVelocity.uexp" 1695
"../../../Engine/Plugins/FX/Niagara/Content/Enums/ENiagaraScaleColorMode.uasset" 1696
"../../../Engine/Plugins/FX/Niagara/Content/Enums/ENiagaraScaleColorMode.uexp" 1697
"../../../Engine/Plugins/FX/Niagara/Content/Modules/Update/Color/ScaleColor.uasset" 1698
"../../../Engine/Plugins/FX/Niagara/Content/Modules/Update/Color/ScaleColor.uexp" 1699
"C:/Users/r022260k/Documents/GitHub/ConCat/Content/Construction/Tech/Blueprints/Disasters/MeteorShower/Stylised_Smoke_And_Fire_Textures_And_Fire/Textures/T_Noise_01.ubulk" 1700
"C:/Users/r022260k/Documents/GitHub/ConCat/Content/Construction/Tech/Blueprints/Disasters/MeteorShower/Stylised_Smoke_And_Fire_Textures_And_Fire/Textures/T_Noise_01.uasset" 1701
"C:/Users/r022260k/Documents/GitHub/ConCat/Content/Construction/Tech/Blueprints/Disasters/MeteorShower/Stylised_Smoke_And_Fire_Textures_And_Fire/Textures/T_Noise_01.uexp" 1702
"C:/Users/r022260k/Documents/GitHub/ConCat/Content/Construction/Tech/Blueprints/Disasters/MeteorShower/Stylised_Smoke_And_Fire_Textures_And_Fire/Textures/T_Fire_Flipbook_01.ubulk" 1703
"C:/Users/r022260k/Documents/GitHub/ConCat/Content/Construction/Tech/Blueprints/Disasters/MeteorShower/Stylised_Smoke_And_Fire_Textures_And_Fire/Textures/T_Fire_Flipbook_01.uasset" 1704
"C:/Users/r022260k/Documents/GitHub/ConCat/Content/Construction/Tech/Blueprints/Disasters/MeteorShower/Stylised_Smoke_And_Fire_Textures_And_Fire/Textures/T_Fire_Flipbook_01.uexp" 1705
"C:/Users/r022260k/Documents/GitHub/ConCat/Content/Construction/Tech/Blueprints/Disasters/MeteorShower/Stylised_Smoke_And_Fire_Textures_And_Fire/Materials/M_Fire_01.uasset" 1706
"C:/Users/r022260k/Documents/GitHub/ConCat/Content/Construction/Tech/Blueprints/Disasters/MeteorShower/Stylised_Smoke_And_Fire_Textures_And_Fire/Materials/M_Fire_01.uexp" 1707
"../../../Engine/Plugins/FX/Niagara/Content/Enums/Transforms/ENiagara_ScaleMode.uasset" 1708
"../../../Engine/Plugins/FX/Niagara/Content/Enums/Transforms/ENiagara_ScaleMode.uexp" 1709
"../../../Engine/Plugins/FX/Niagara/Content/Functions/Rotation/XYZRotationToQuaternion.uasset" 1710
"../../../Engine/Plugins/FX/Niagara/Content/Functions/Rotation/XYZRotationToQuaternion.uexp" 1711
"../../../Engine/Plugins/FX/Niagara/Content/Functions/Rotation/MultiplyVectorWithQuaternion.uasset" 1712
"../../../Engine/Plugins/FX/Niagara/Content/Functions/Rotation/MultiplyVectorWithQuaternion.uexp" 1713
"../../../Engine/Plugins/FX/Niagara/Content/Functions/Rotation/FindQuatBetween.uasset" 1714
"../../../Engine/Plugins/FX/Niagara/Content/Functions/Rotation/FindQuatBetween.uexp" 1715
"../../../Engine/Plugins/FX/Niagara/Content/Functions/V2/CalculateRandomUnitVector.uasset" 1716
"../../../Engine/Plugins/FX/Niagara/Content/Functions/V2/CalculateRandomUnitVector.uexp" 1717
"../../../Engine/Plugins/FX/Niagara/Content/Enums/Angles/ENiagara_AngleInput.uasset" 1718
"../../../Engine/Plugins/FX/Niagara/Content/Enums/Angles/ENiagara_AngleInput.uexp" 1719
"../../../Engine/Plugins/FX/Niagara/Content/Functions/Rotation/AngleUnitConverter.uasset" 1720
"../../../Engine/Plugins/FX/Niagara/Content/Functions/Rotation/AngleUnitConverter.uexp" 1721
"../../../Engine/Plugins/FX/Niagara/Content/Enums/Utility/ENiagara_VelocityMode.uasset" 1722
"../../../Engine/Plugins/FX/Niagara/Content/Enums/Utility/ENiagara_VelocityMode.uexp" 1723
"../../../Engine/Plugins/FX/Niagara/Content/Functions/Rotation/InvertQuaternion.uasset" 1724
"../../../Engine/Plugins/FX/Niagara/Content/Functions/Rotation/InvertQuaternion.uexp" 1725
"../../../Engine/Plugins/FX/Niagara/Content/Functions/Rotation/MatrixToQuaternion.uasset" 1726
"../../../Engine/Plugins/FX/Niagara/Content/Functions/Rotation/MatrixToQuaternion.uexp" 1727
"../../../Engine/Plugins/FX/Niagara/Content/Functions/Rotation/MakeQuaternionFrom3BasisVectors.uasset" 1728
"../../../Engine/Plugins/FX/Niagara/Content/Functions/Rotation/MakeQuaternionFrom3BasisVectors.uexp" 1729
"../../../Engine/Plugins/FX/Niagara/Content/Enums/Transforms/ENiagara_RotationMode.uasset" 1730
"../../../Engine/Plugins/FX/Niagara/Content/Enums/Transforms/ENiagara_RotationMode.uexp" 1731
"../../../Engine/Plugins/FX/Niagara/Content/Functions/Rotation/TransformStack/TransformStack_Rotation.uasset" 1732
"../../../Engine/Plugins/FX/Niagara/Content/Functions/Rotation/TransformStack/TransformStack_Rotation.uexp" 1733
"../../../Engine/Plugins/FX/Niagara/Content/Functions/Math/CalculateRandomPointInConeSphereIntersection.uasset" 1734
"../../../Engine/Plugins/FX/Niagara/Content/Functions/Math/CalculateRandomPointInConeSphereIntersection.uexp" 1735
"../../../Engine/Plugins/FX/Niagara/Content/Functions/NormalizeDistanceRange.uasset" 1736
"../../../Engine/Plugins/FX/Niagara/Content/Functions/NormalizeDistanceRange.uexp" 1737
"../../../Engine/Plugins/FX/Niagara/Content/Functions/DistanceBasedFalloff.uasset" 1738
"../../../Engine/Plugins/FX/Niagara/Content/Functions/DistanceBasedFalloff.uexp" 1739
"../../../Engine/Plugins/FX/Niagara/Content/Modules/Spawn/Velocity/AddVelocity.uasset" 1740
"../../../Engine/Plugins/FX/Niagara/Content/Modules/Spawn/Velocity/AddVelocity.uexp" 1741
"../../../Engine/Plugins/FX/Niagara/Content/Enums/Location/ENiagara_ConeMode.uasset" 1742
"../../../Engine/Plugins/FX/Niagara/Content/Enums/Location/ENiagara_ConeMode.uexp" 1743
"../../../Engine/Plugins/FX/Niagara/Content/Enums/ENiagara_AttributeSamplingApplyOutput.uasset" 1744
"../../../Engine/Plugins/FX/Niagara/Content/Enums/ENiagara_AttributeSamplingApplyOutput.uexp" 1745
"../../../Engine/Plugins/FX/Niagara/Content/Enums/Transforms/ENiagara_OffsetMode.uasset" 1746
"../../../Engine/Plugins/FX/Niagara/Content/Enums/Transforms/ENiagara_OffsetMode.uexp" 1747
"../../../Engine/Plugins/FX/Niagara/Content/Enums/Location/ENiagara_BoxPlaneMode.uasset" 1748
"../../../Engine/Plugins/FX/Niagara/Content/Enums/Location/ENiagara_BoxPlaneMode.uexp" 1749
"../../../Engine/Plugins/FX/Niagara/Content/Enums/Transforms/ENiagara_TransformOrder.uasset" 1750
"../../../Engine/Plugins/FX/Niagara/Content/Enums/Transforms/ENiagara_TransformOrder.uexp" 1751
"../../../Engine/Plugins/FX/Niagara/Content/Enums/Location/ENiagaraRingDiscMode.uasset" 1752
"../../../Engine/Plugins/FX/Niagara/Content/Enums/Location/ENiagaraRingDiscMode.uexp" 1753
"../../../Engine/Plugins/FX/Niagara/Content/DynamicInputs/ValueFromCurve/FloatFromCurve.uasset" 1754
"../../../Engine/Plugins/FX/Niagara/Content/DynamicInputs/ValueFromCurve/FloatFromCurve.uexp" 1755
"../../../Engine/Plugins/FX/Niagara/Content/Enums/ENiagaraShapeTorusMode.uasset" 1756
"../../../Engine/Plugins/FX/Niagara/Content/Enums/ENiagaraShapeTorusMode.uexp" 1757
"../../../Engine/Plugins/FX/Niagara/Content/Enums/ENiagaraExpansionMode.uasset" 1758
"../../../Engine/Plugins/FX/Niagara/Content/Enums/ENiagaraExpansionMode.uexp" 1759
"../../../Engine/Plugins/FX/Niagara/Content/Functions/Rotation/RotateVector2D.uasset" 1760
"../../../Engine/Plugins/FX/Niagara/Content/Functions/Rotation/RotateVector2D.uexp" 1761
"../../../Engine/Plugins/FX/Niagara/Content/Functions/V2/RemapRange.uasset" 1762
"../../../Engine/Plugins/FX/Niagara/Content/Functions/V2/RemapRange.uexp" 1763
"../../../Engine/Plugins/FX/Niagara/Content/Functions/IsolateLongestVectorComponent.uasset" 1764
"../../../Engine/Plugins/FX/Niagara/Content/Functions/IsolateLongestVectorComponent.uexp" 1765
"../../../Engine/Plugins/FX/Niagara/Content/Functions/RandomPointInBox.uasset" 1766
"../../../Engine/Plugins/FX/Niagara/Content/Functions/RandomPointInBox.uexp" 1767
"../../../Engine/Plugins/FX/Niagara/Content/Functions/ParametricTorusKnot.uasset" 1768
"../../../Engine/Plugins/FX/Niagara/Content/Functions/ParametricTorusKnot.uexp" 1769
"../../../Engine/Plugins/FX/Niagara/Content/Functions/PolarToCartesianCoordinates.uasset" 1770
"../../../Engine/Plugins/FX/Niagara/Content/Functions/PolarToCartesianCoordinates.uexp" 1771
"../../../Engine/Plugins/FX/Niagara/Content/Functions/ParametricTorus.uasset" 1772
"../../../Engine/Plugins/FX/Niagara/Content/Functions/ParametricTorus.uexp" 1773
"../../../Engine/Plugins/FX/Niagara/Content/Functions/Localspace/TransformPosition.uasset" 1774
"../../../Engine/Plugins/FX/Niagara/Content/Functions/Localspace/TransformPosition.uexp" 1775
"../../../Engine/Plugins/FX/Niagara/Content/Functions/NormalizedExecutionIndex.uasset" 1776
"../../../Engine/Plugins/FX/Niagara/Content/Functions/NormalizedExecutionIndex.uexp" 1777
"../../../Engine/Plugins/FX/Niagara/Content/Functions/SphericalToCartesianCoordinates.uasset" 1778
"../../../Engine/Plugins/FX/Niagara/Content/Functions/SphericalToCartesianCoordinates.uexp" 1779
"../../../Engine/Plugins/FX/Niagara/Content/Enums/Transforms/ENiagara_TransformType.uasset" 1780
"../../../Engine/Plugins/FX/Niagara/Content/Enums/Transforms/ENiagara_TransformType.uexp" 1781
"../../../Engine/Plugins/FX/Niagara/Content/Modules/Spawn/Location/V2/ShapeLocation.uasset" 1782
"../../../Engine/Plugins/FX/Niagara/Content/Modules/Spawn/Location/V2/ShapeLocation.uexp" 1783
"../../../Engine/Plugins/FX/Niagara/Content/Modules/Update/Size/ScaleSpriteSize.uasset" 1784
"../../../Engine/Plugins/FX/Niagara/Content/Modules/Update/Size/ScaleSpriteSize.uexp" 1785
"C:/Users/r022260k/Documents/GitHub/ConCat/Content/Construction/Tech/Blueprints/Disasters/MeteorShower/FX/FX_Fire.uasset" 1786
"C:/Users/r022260k/Documents/GitHub/ConCat/Content/Construction/Tech/Blueprints/Disasters/MeteorShower/FX/FX_Fire.uexp" 1787
"C:/Users/r022260k/Documents/GitHub/ConCat/Content/Construction/Art/Meshes/Gertrude/GertrudeR_Anim.uasset" 1788
"C:/Users/r022260k/Documents/GitHub/ConCat/Content/Construction/Art/Meshes/Gertrude/GertrudeR_Anim.uexp" 1789
"C:/Users/r022260k/Documents/GitHub/ConCat/Content/Construction/Sound/Raw_WAVs/cow/cow_1_sound.ubulk" 1790
"C:/Users/r022260k/Documents/GitHub/ConCat/Content/Construction/Sound/Raw_WAVs/cow/cow_1_sound.uasset" 1791
"C:/Users/r022260k/Documents/GitHub/ConCat/Content/Construction/Sound/Raw_WAVs/cow/cow_1_sound.uexp" 1792
"C:/Users/r022260k/Documents/GitHub/ConCat/Content/Construction/Sound/SoundCues/Cow/cow_1_sound_Cue.uasset" 1793
"C:/Users/r022260k/Documents/GitHub/ConCat/Content/Construction/Sound/SoundCues/Cow/cow_1_sound_Cue.uexp" 1794
"C:/Users/r022260k/Documents/GitHub/ConCat/Content/Construction/Tech/Blueprints/Data-Storage/E_DamageType.uasset" 1795
"C:/Users/r022260k/Documents/GitHub/ConCat/Content/Construction/Tech/Blueprints/Data-Storage/E_DamageType.uexp" 1796
"C:/Users/r022260k/Documents/GitHub/ConCat/Content/Construction/Tech/Blueprints/Disasters/Earthquake/M_MeteorIndicator.uasset" 1797
"C:/Users/r022260k/Documents/GitHub/ConCat/Content/Construction/Tech/Blueprints/Disasters/Earthquake/M_MeteorIndicator.uexp" 1798
"C:/Users/r022260k/Documents/GitHub/ConCat/Content/Construction/Tech/Blueprints/Disasters/MeteorShower/BPs/BP_CowMeteor.uasset" 1799
"C:/Users/r022260k/Documents/GitHub/ConCat/Content/Construction/Tech/Blueprints/Disasters/MeteorShower/BPs/BP_CowMeteor.uexp" 1800
"C:/Users/r022260k/Documents/GitHub/ConCat/Content/Construction/Art/Disaster-Models/Meteor_low.ubulk" 1801
"C:/Users/r022260k/Documents/GitHub/ConCat/Content/Construction/Art/Disaster-Models/Meteor_low.uasset" 1802
"C:/Users/r022260k/Documents/GitHub/ConCat/Content/Construction/Art/Disaster-Models/Meteor_low.uexp" 1803
"C:/Users/r022260k/Documents/GitHub/ConCat/Content/Construction/Sound/Raw_WAVs/Meteor/meteor_falling_1.ubulk" 1804
"C:/Users/r022260k/Documents/GitHub/ConCat/Content/Construction/Sound/Raw_WAVs/Meteor/meteor_falling_1.uasset" 1805
"C:/Users/r022260k/Documents/GitHub/ConCat/Content/Construction/Sound/Raw_WAVs/Meteor/meteor_falling_1.uexp" 1806
"C:/Users/r022260k/Documents/GitHub/ConCat/Content/Construction/Sound/SoundCues/Meteor/meteor_falling_1_Cue.uasset" 1807
"C:/Users/r022260k/Documents/GitHub/ConCat/Content/Construction/Sound/SoundCues/Meteor/meteor_falling_1_Cue.uexp" 1808
"C:/Users/r022260k/Documents/GitHub/ConCat/Content/Construction/Tech/Blueprints/Disasters/MeteorShower/FX/FX_Smoke.uasset" 1809
"C:/Users/r022260k/Documents/GitHub/ConCat/Content/Construction/Tech/Blueprints/Disasters/MeteorShower/FX/FX_Smoke.uexp" 1810
"../../../Engine/Content/Functions/Engine_MaterialFunctions02/ScreenResolution.uasset" 1811
"../../../Engine/Content/Functions/Engine_MaterialFunctions02/ScreenResolution.uexp" 1812
"../../../Engine/Content/EngineMaterials/Grid.ubulk" 1813
"../../../Engine/Content/EngineMaterials/Grid.uasset" 1814
"../../../Engine/Content/EngineMaterials/Grid.uexp" 1815
"../../../Engine/Content/Functions/Engine_MaterialFunctions01/Gradient/LinearGradient.uasset" 1816
"../../../Engine/Content/Functions/Engine_MaterialFunctions01/Gradient/LinearGradient.uexp" 1817
"../../../Engine/Content/Functions/Engine_MaterialFunctions01/ImageAdjustment/CheapContrast.uasset" 1818
"../../../Engine/Content/Functions/Engine_MaterialFunctions01/ImageAdjustment/CheapContrast.uexp" 1819
"../../../Engine/Content/Functions/Engine_MaterialFunctions01/Texturing/WorldAlignedTexture.uasset" 1820
"../../../Engine/Content/Functions/Engine_MaterialFunctions01/Texturing/WorldAlignedTexture.uexp" 1821
"../../../Engine/Content/EditorMaterials/GeometryCollection/SelectedGeometryMaterial.uasset" 1822
"../../../Engine/Content/EditorMaterials/GeometryCollection/SelectedGeometryMaterial.uexp" 1823
"C:/Users/r022260k/Documents/GitHub/ConCat/Content/Construction/Tech/Blueprints/DestructibleGeometry/GeometryCollection/GC_Meteor.uasset" 1824
"C:/Users/r022260k/Documents/GitHub/ConCat/Content/Construction/Tech/Blueprints/DestructibleGeometry/GeometryCollection/GC_Meteor.uexp" 1825
"C:/Users/r022260k/Documents/GitHub/ConCat/Content/Construction/Sound/Raw_WAVs/Meteor/impact_explode.ubulk" 1826
"C:/Users/r022260k/Documents/GitHub/ConCat/Content/Construction/Sound/Raw_WAVs/Meteor/impact_explode.uasset" 1827
"C:/Users/r022260k/Documents/GitHub/ConCat/Content/Construction/Sound/Raw_WAVs/Meteor/impact_explode.uexp" 1828
"C:/Users/r022260k/Documents/GitHub/ConCat/Content/Construction/Sound/SoundCues/Meteor/impact_explode_Cue.uasset" 1829
"C:/Users/r022260k/Documents/GitHub/ConCat/Content/Construction/Sound/SoundCues/Meteor/impact_explode_Cue.uexp" 1830
"C:/Users/r022260k/Documents/GitHub/ConCat/Content/Construction/Tech/Blueprints/Disasters/MeteorShower/BPs/BP_MeteorV2-Landing.uasset" 1831
"C:/Users/r022260k/Documents/GitHub/ConCat/Content/Construction/Tech/Blueprints/Disasters/MeteorShower/BPs/BP_MeteorV2-Landing.uexp" 1832
"C:/Users/r022260k/Documents/GitHub/ConCat/Content/No_Bounce.uasset" 1833
"C:/Users/r022260k/Documents/GitHub/ConCat/Content/No_Bounce.uexp" 1834
"C:/Users/r022260k/Documents/GitHub/ConCat/Content/Construction/Tech/Blueprints/Disasters/MeteorShower/FX/FX_Smoke_Ball.uasset" 1835
"C:/Users/r022260k/Documents/GitHub/ConCat/Content/Construction/Tech/Blueprints/Disasters/MeteorShower/FX/FX_Smoke_Ball.uexp" 1836
"../../../Engine/Plugins/FX/Niagara/Content/Modules/Update/Forces/Drag.uasset" 1837
"../../../Engine/Plugins/FX/Niagara/Content/Modules/Update/Forces/Drag.uexp" 1838
"../../../Engine/Plugins/FX/Niagara/Content/DynamicInputs/TypeConversions/Vector2DFromFloat.uasset" 1839
"../../../Engine/Plugins/FX/Niagara/Content/DynamicInputs/TypeConversions/Vector2DFromFloat.uexp" 1840
"C:/Users/r022260k/Documents/GitHub/ConCat/Content/Construction/Tech/Blueprints/Disasters/MeteorShower/FX/FX_Explosion.uasset" 1841
"C:/Users/r022260k/Documents/GitHub/ConCat/Content/Construction/Tech/Blueprints/Disasters/MeteorShower/FX/FX_Explosion.uexp" 1842
"C:/Users/r022260k/Documents/GitHub/ConCat/Content/Construction/Tech/Blueprints/Disasters/MeteorShower/BPs/BP_MeteorV3-Falling.uasset" 1843
"C:/Users/r022260k/Documents/GitHub/ConCat/Content/Construction/Tech/Blueprints/Disasters/MeteorShower/BPs/BP_MeteorV3-Falling.uexp" 1844
"C:/Users/r022260k/Documents/GitHub/ConCat/Content/Construction/Tech/Blueprints/Disasters/MeteorShower/BPs/BP_MeteorShowerPrototype.uasset" 1845
"C:/Users/r022260k/Documents/GitHub/ConCat/Content/Construction/Tech/Blueprints/Disasters/MeteorShower/BPs/BP_MeteorShowerPrototype.uexp" 1846
"C:/Users/r022260k/Documents/GitHub/ConCat/Content/Construction/Art/Characters/Male_1/Mats/Male-HatMatInstances/Hat3-Vars/Male_1_Head_M_Hat3-SK3.uasset" 1847
"C:/Users/r022260k/Documents/GitHub/ConCat/Content/Construction/Art/Characters/Male_1/Mats/Male-HatMatInstances/Hat3-Vars/Male_1_Head_M_Hat3-SK3.uexp" 1848
"C:/Users/r022260k/Documents/GitHub/ConCat/Content/Construction/Sound/Raw_WAVs/Earthquake/wall_cracking_sound.ubulk" 1849
"C:/Users/r022260k/Documents/GitHub/ConCat/Content/Construction/Sound/Raw_WAVs/Earthquake/wall_cracking_sound.uasset" 1850
"C:/Users/r022260k/Documents/GitHub/ConCat/Content/Construction/Sound/Raw_WAVs/Earthquake/wall_cracking_sound.uexp" 1851
"C:/Users/r022260k/Documents/GitHub/ConCat/Content/Construction/Sound/SoundCues/Earthquake/wall_cracking_sound_Cue.uasset" 1852
"C:/Users/r022260k/Documents/GitHub/ConCat/Content/Construction/Sound/SoundCues/Earthquake/wall_cracking_sound_Cue.uexp" 1853
"C:/Users/r022260k/Documents/GitHub/ConCat/Content/Construction/Sound/Raw_WAVs/Earthquake/earthquake_rumble.ubulk" 1854
"C:/Users/r022260k/Documents/GitHub/ConCat/Content/Construction/Sound/Raw_WAVs/Earthquake/earthquake_rumble.uasset" 1855
"C:/Users/r022260k/Documents/GitHub/ConCat/Content/Construction/Sound/Raw_WAVs/Earthquake/earthquake_rumble.uexp" 1856
"C:/Users/r022260k/Documents/GitHub/ConCat/Content/Construction/Sound/SoundCues/Earthquake/earthquake_rumble_Cue.uasset" 1857
"C:/Users/r022260k/Documents/GitHub/ConCat/Content/Construction/Sound/SoundCues/Earthquake/earthquake_rumble_Cue.uexp" 1858
"C:/Users/r022260k/Documents/GitHub/ConCat/Content/Construction/Tech/Blueprints/Characters/ActionPhase-Characters/Walking_Dust_FX/T_Noise_Spots_Dust.ubulk" 1859
"C:/Users/r022260k/Documents/GitHub/ConCat/Content/Construction/Tech/Blueprints/Characters/ActionPhase-Characters/Walking_Dust_FX/T_Noise_Spots_Dust.uasset" 1860
"C:/Users/r022260k/Documents/GitHub/ConCat/Content/Construction/Tech/Blueprints/Characters/ActionPhase-Characters/Walking_Dust_FX/T_Noise_Spots_Dust.uexp" 1861
"../../../Engine/Content/Functions/Engine_MaterialFunctions01/Density/ExponentialDensity.uasset" 1862
"../../../Engine/Content/Functions/Engine_MaterialFunctions01/Density/ExponentialDensity.uexp" 1863
"../../../Engine/Content/Functions/Engine_MaterialFunctions01/Gradient/RadialGradientExponential.uasset" 1864
"../../../Engine/Content/Functions/Engine_MaterialFunctions01/Gradient/RadialGradientExponential.uexp" 1865
"C:/Users/r022260k/Documents/GitHub/ConCat/Content/Construction/Tech/Blueprints/Characters/ActionPhase-Characters/Walking_Dust_FX/M_Dust.uasset" 1866
"C:/Users/r022260k/Documents/GitHub/ConCat/Content/Construction/Tech/Blueprints/Characters/ActionPhase-Characters/Walking_Dust_FX/M_Dust.uexp" 1867
"../../../Engine/Plugins/FX/Niagara/Content/Modules/Update/Material/DynamicMaterialParameters.uasset" 1868
"../../../Engine/Plugins/FX/Niagara/Content/Modules/Update/Material/DynamicMaterialParameters.uexp" 1869
"C:/Users/r022260k/Documents/GitHub/ConCat/Content/Construction/Tech/Blueprints/Disasters/Earthquake/FX/FX_Earthquake_Dust.uasset" 1870
"C:/Users/r022260k/Documents/GitHub/ConCat/Content/Construction/Tech/Blueprints/Disasters/Earthquake/FX/FX_Earthquake_Dust.uexp" 1871
"C:/Users/r022260k/Documents/GitHub/ConCat/Content/Construction/Tech/Blueprints/Characters/ActionPhase-Characters/CameraCharacter.uasset" 1872
"C:/Users/r022260k/Documents/GitHub/ConCat/Content/Construction/Tech/Blueprints/Characters/ActionPhase-Characters/CameraCharacter.uexp" 1873
"C:/Users/r022260k/Documents/GitHub/ConCat/Content/Construction/Sound/Raw_WAVs/Earthquake/cracking_sound_2.ubulk" 1874
"C:/Users/r022260k/Documents/GitHub/ConCat/Content/Construction/Sound/Raw_WAVs/Earthquake/cracking_sound_2.uasset" 1875
"C:/Users/r022260k/Documents/GitHub/ConCat/Content/Construction/Sound/Raw_WAVs/Earthquake/cracking_sound_2.uexp" 1876
"C:/Users/r022260k/Documents/GitHub/ConCat/Content/Construction/Sound/SoundCues/Earthquake/cracking_sound_2_Cue.uasset" 1877
"C:/Users/r022260k/Documents/GitHub/ConCat/Content/Construction/Sound/SoundCues/Earthquake/cracking_sound_2_Cue.uexp" 1878
"C:/Users/r022260k/Documents/GitHub/ConCat/Content/Construction/Art/GridUI/GridMask.uasset" 1879
"C:/Users/r022260k/Documents/GitHub/ConCat/Content/Construction/Art/GridUI/GridMask.uexp" 1880
"C:/Users/r022260k/Documents/GitHub/ConCat/Content/Construction/Art/GridUI/Grid000.uasset" 1881
"C:/Users/r022260k/Documents/GitHub/ConCat/Content/Construction/Art/GridUI/Grid000.uexp" 1882
"C:/Users/r022260k/Documents/GitHub/ConCat/Content/Construction/Art/GridUI/GridAvailable.uasset" 1883
"C:/Users/r022260k/Documents/GitHub/ConCat/Content/Construction/Art/GridUI/GridAvailable.uexp" 1884
"C:/Users/r022260k/Documents/GitHub/ConCat/Content/Construction/Tech/Blueprints/GridSys/Materials/M_Red.uasset" 1885
"C:/Users/r022260k/Documents/GitHub/ConCat/Content/Construction/Tech/Blueprints/GridSys/Materials/M_Red.uexp" 1886
"../../../Engine/Content/BasicShapes/Plane.ubulk" 1887
"../../../Engine/Content/BasicShapes/Plane.uasset" 1888
"../../../Engine/Content/BasicShapes/Plane.uexp" 1889
"C:/Users/r022260k/Documents/GitHub/ConCat/Content/Construction/Tech/Blueprints/GridSys/BuildingTypeEnum.uasset" 1890
"C:/Users/r022260k/Documents/GitHub/ConCat/Content/Construction/Tech/Blueprints/GridSys/BuildingTypeEnum.uexp" 1891
"C:/Users/r022260k/Documents/GitHub/ConCat/Content/Construction/Tech/Blueprints/GridSys/GridCell.uasset" 1892
"C:/Users/r022260k/Documents/GitHub/ConCat/Content/Construction/Tech/Blueprints/GridSys/GridCell.uexp" 1893
"C:/Users/r022260k/Documents/GitHub/ConCat/Content/Construction/Tech/Blueprints/GridSys/GridManager.uasset" 1894
"C:/Users/r022260k/Documents/GitHub/ConCat/Content/Construction/Tech/Blueprints/GridSys/GridManager.uexp" 1895
"C:/Users/r022260k/Documents/GitHub/ConCat/Content/Construction/Tech/Blueprints/Disasters/Earthquake/BP_EarthquakeShake.uasset" 1896
"C:/Users/r022260k/Documents/GitHub/ConCat/Content/Construction/Tech/Blueprints/Disasters/Earthquake/BP_EarthquakeShake.uexp" 1897
"C:/Users/r022260k/Documents/GitHub/ConCat/Content/Construction/Tech/Materials/GoldenSun.uasset" 1898
"C:/Users/r022260k/Documents/GitHub/ConCat/Content/Construction/Tech/Materials/GoldenSun.uexp" 1899
"C:/Users/r022260k/Documents/GitHub/ConCat/Content/Construction/Tech/Materials/LeftBuildPlayerHammer.uasset" 1900
"C:/Users/r022260k/Documents/GitHub/ConCat/Content/Construction/Tech/Materials/LeftBuildPlayerHammer.uexp" 1901
"C:/Users/r022260k/Documents/GitHub/ConCat/Content/Construction/Tech/Materials/PlayerBuildTimer.uasset" 1902
"C:/Users/r022260k/Documents/GitHub/ConCat/Content/Construction/Tech/Materials/PlayerBuildTimer.uexp" 1903
"C:/Users/r022260k/Documents/GitHub/ConCat/Content/Construction/Tech/Blueprints/UI/Customisation/UICustimisorSprites/Male_Hat5.uasset" 1904
"C:/Users/r022260k/Documents/GitHub/ConCat/Content/Construction/Tech/Blueprints/UI/Customisation/UICustimisorSprites/Male_Hat5.uexp" 1905
"C:/Users/r022260k/Documents/GitHub/ConCat/Content/Construction/Tech/Blueprints/UI/Customisation/UICustimisorSprites/Female_Skin1.uasset" 1906
"C:/Users/r022260k/Documents/GitHub/ConCat/Content/Construction/Tech/Blueprints/UI/Customisation/UICustimisorSprites/Female_Skin1.uexp" 1907
"C:/Users/r022260k/Documents/GitHub/ConCat/Content/Construction/Tech/Blueprints/UI/Customisation/UICustimisorSprites/Male_Skin1.uasset" 1908
"C:/Users/r022260k/Documents/GitHub/ConCat/Content/Construction/Tech/Blueprints/UI/Customisation/UICustimisorSprites/Male_Skin1.uexp" 1909
"C:/Users/r022260k/Documents/GitHub/ConCat/Content/LevelPrototyping/Textures/T_GridChecker_A.ubulk" 1910
"C:/Users/r022260k/Documents/GitHub/ConCat/Content/LevelPrototyping/Textures/T_GridChecker_A.uasset" 1911
"C:/Users/r022260k/Documents/GitHub/ConCat/Content/LevelPrototyping/Textures/T_GridChecker_A.uexp" 1912
"C:/Users/r022260k/Documents/GitHub/ConCat/Content/LevelPrototyping/Materials/MF_ProcGrid.uasset" 1913
"C:/Users/r022260k/Documents/GitHub/ConCat/Content/LevelPrototyping/Materials/MF_ProcGrid.uexp" 1914
"C:/Users/r022260k/Documents/GitHub/ConCat/Content/LevelPrototyping/Materials/M_PrototypeGrid.uasset" 1915
"C:/Users/r022260k/Documents/GitHub/ConCat/Content/LevelPrototyping/Materials/M_PrototypeGrid.uexp" 1916
"C:/Users/r022260k/Documents/GitHub/ConCat/Content/LevelPrototyping/Materials/MI_PrototypeGrid_Gray.uasset" 1917
"C:/Users/r022260k/Documents/GitHub/ConCat/Content/LevelPrototyping/Materials/MI_PrototypeGrid_Gray.uexp" 1918
"C:/Users/r022260k/Documents/GitHub/ConCat/Content/LevelPrototyping/Meshes/SM_Cylinder.ubulk" 1919
"C:/Users/r022260k/Documents/GitHub/ConCat/Content/LevelPrototyping/Meshes/SM_Cylinder.uasset" 1920
"C:/Users/r022260k/Documents/GitHub/ConCat/Content/LevelPrototyping/Meshes/SM_Cylinder.uexp" 1921
"C:/Users/r022260k/Documents/GitHub/ConCat/Content/Construction/Tech/Blueprints/UI/Customisation/UICustimisorSprites/Female_Skin5.uasset" 1922
"C:/Users/r022260k/Documents/GitHub/ConCat/Content/Construction/Tech/Blueprints/UI/Customisation/UICustimisorSprites/Female_Skin5.uexp" 1923
"C:/Users/r022260k/Documents/GitHub/ConCat/Content/Construction/Tech/Blueprints/UI/Customisation/UICustimisorSprites/Male_Hat4.uasset" 1924
"C:/Users/r022260k/Documents/GitHub/ConCat/Content/Construction/Tech/Blueprints/UI/Customisation/UICustimisorSprites/Male_Hat4.uexp" 1925
"C:/Users/r022260k/Documents/GitHub/ConCat/Content/Construction/Tech/Blueprints/CustomisationConfig.uasset" 1926
"C:/Users/r022260k/Documents/GitHub/ConCat/Content/Construction/Tech/Blueprints/CustomisationConfig.uexp" 1927
"C:/Users/r022260k/Documents/GitHub/ConCat/Content/Construction/Tech/Blueprints/UI/Customisation/UICustimisorSprites/Male_Skin5.uasset" 1928
"C:/Users/r022260k/Documents/GitHub/ConCat/Content/Construction/Tech/Blueprints/UI/Customisation/UICustimisorSprites/Male_Skin5.uexp" 1929
"C:/Users/r022260k/Documents/GitHub/ConCat/Content/Construction/Art/MenuUI-Cory/RightArrow.uasset" 1930
"C:/Users/r022260k/Documents/GitHub/ConCat/Content/Construction/Art/MenuUI-Cory/RightArrow.uexp" 1931
"C:/Users/r022260k/Documents/GitHub/ConCat/Content/Construction/Tech/Blueprints/UI/Customisation/UICustimisorSprites/Male_Hat1.uasset" 1932
"C:/Users/r022260k/Documents/GitHub/ConCat/Content/Construction/Tech/Blueprints/UI/Customisation/UICustimisorSprites/Male_Hat1.uexp" 1933
"C:/Users/r022260k/Documents/GitHub/ConCat/Content/Construction/Tech/Blueprints/UI/Customisation/UICustimisorSprites/Male_Hat3.uasset" 1934
"C:/Users/r022260k/Documents/GitHub/ConCat/Content/Construction/Tech/Blueprints/UI/Customisation/UICustimisorSprites/Male_Hat3.uexp" 1935
"C:/Users/r022260k/Documents/GitHub/ConCat/Content/Construction/Tech/Blueprints/UI/CoryCustomFont/Press_A_To_Join.uasset" 1936
"C:/Users/r022260k/Documents/GitHub/ConCat/Content/Construction/Tech/Blueprints/UI/CoryCustomFont/Press_A_To_Join.uexp" 1937
"C:/Users/r022260k/Documents/GitHub/ConCat/Content/Construction/Tech/Blueprints/UI/Customisation/UICustimisorSprites/Male_Skin3.uasset" 1938
"C:/Users/r022260k/Documents/GitHub/ConCat/Content/Construction/Tech/Blueprints/UI/Customisation/UICustimisorSprites/Male_Skin3.uexp" 1939
"C:/Users/r022260k/Documents/GitHub/ConCat/Content/LevelPrototyping/Materials/M_Solid.uasset" 1940
"C:/Users/r022260k/Documents/GitHub/ConCat/Content/LevelPrototyping/Materials/M_Solid.uexp" 1941
"C:/Users/r022260k/Documents/GitHub/ConCat/Content/LevelPrototyping/Materials/MI_Solid_Blue.uasset" 1942
"C:/Users/r022260k/Documents/GitHub/ConCat/Content/LevelPrototyping/Materials/MI_Solid_Blue.uexp" 1943
"C:/Users/r022260k/Documents/GitHub/ConCat/Content/LevelPrototyping/Meshes/SM_ChamferCube.ubulk" 1944
"C:/Users/r022260k/Documents/GitHub/ConCat/Content/LevelPrototyping/Meshes/SM_ChamferCube.uasset" 1945
"C:/Users/r022260k/Documents/GitHub/ConCat/Content/LevelPrototyping/Meshes/SM_ChamferCube.uexp" 1946
"C:/Users/r022260k/Documents/GitHub/ConCat/Content/Construction/Tech/Blueprints/UI/Customisation/UICustimisorSprites/Male_Skin2.uasset" 1947
"C:/Users/r022260k/Documents/GitHub/ConCat/Content/Construction/Tech/Blueprints/UI/Customisation/UICustimisorSprites/Male_Skin2.uexp" 1948
"C:/Users/r022260k/Documents/GitHub/ConCat/Content/Construction/Tech/Blueprints/UI/Customisation/UICustimisorSprites/Female_Skin2.uasset" 1949
"C:/Users/r022260k/Documents/GitHub/ConCat/Content/Construction/Tech/Blueprints/UI/Customisation/UICustimisorSprites/Female_Skin2.uexp" 1950
"C:/Users/r022260k/Documents/GitHub/ConCat/Content/Construction/Tech/Blueprints/UI/Customisation/UICustimisorSprites/Female_Skin3.uasset" 1951
"C:/Users/r022260k/Documents/GitHub/ConCat/Content/Construction/Tech/Blueprints/UI/Customisation/UICustimisorSprites/Female_Skin3.uexp" 1952
"C:/Users/r022260k/Documents/GitHub/ConCat/Content/Construction/Tech/Blueprints/UI/Customisation/UICustimisorSprites/Female_Skin4.uasset" 1953
"C:/Users/r022260k/Documents/GitHub/ConCat/Content/Construction/Tech/Blueprints/UI/Customisation/UICustimisorSprites/Female_Skin4.uexp" 1954
"C:/Users/r022260k/Documents/GitHub/ConCat/Content/Construction/Art/MenuUI-Cory/CharaterSelectWindow.uasset" 1955
"C:/Users/r022260k/Documents/GitHub/ConCat/Content/Construction/Art/MenuUI-Cory/CharaterSelectWindow.uexp" 1956
"C:/Users/r022260k/Documents/GitHub/ConCat/Content/Construction/Tech/Blueprints/UI/Customisation/OLDWBP_Customisation.uasset" 1957
"C:/Users/r022260k/Documents/GitHub/ConCat/Content/Construction/Tech/Blueprints/UI/Customisation/OLDWBP_Customisation.uexp" 1958
"C:/Users/r022260k/Documents/GitHub/ConCat/Content/Construction/Art/MenuUI-Cory/MenuWindows.uasset" 1959
"C:/Users/r022260k/Documents/GitHub/ConCat/Content/Construction/Art/MenuUI-Cory/MenuWindows.uexp" 1960
"C:/Users/r022260k/Documents/GitHub/ConCat/Content/Construction/Tech/Blueprints/UI/Customisation/UICustimisorSprites/Female_Hat2.uasset" 1961
"C:/Users/r022260k/Documents/GitHub/ConCat/Content/Construction/Tech/Blueprints/UI/Customisation/UICustimisorSprites/Female_Hat2.uexp" 1962
"C:/Users/r022260k/Documents/GitHub/ConCat/Content/Construction/Tech/Blueprints/UI/CoryCustomFont/Select_Your_Character.uasset" 1963
"C:/Users/r022260k/Documents/GitHub/ConCat/Content/Construction/Tech/Blueprints/UI/CoryCustomFont/Select_Your_Character.uexp" 1964
"C:/Users/r022260k/Documents/GitHub/ConCat/Content/Construction/Tech/Blueprints/UI/Customisation/UICustimisorSprites/Female_Hat1.uasset" 1965
"C:/Users/r022260k/Documents/GitHub/ConCat/Content/Construction/Tech/Blueprints/UI/Customisation/UICustimisorSprites/Female_Hat1.uexp" 1966
"C:/Users/r022260k/Documents/GitHub/ConCat/Content/Construction/Tech/Blueprints/UI/Customisation/UICustimisorSprites/Female_Hat3.uasset" 1967
"C:/Users/r022260k/Documents/GitHub/ConCat/Content/Construction/Tech/Blueprints/UI/Customisation/UICustimisorSprites/Female_Hat3.uexp" 1968
"C:/Users/r022260k/Documents/GitHub/ConCat/Content/Construction/Tech/Blueprints/UI/CoryCustomFont/ReadyUpDot.uasset" 1969
"C:/Users/r022260k/Documents/GitHub/ConCat/Content/Construction/Tech/Blueprints/UI/CoryCustomFont/ReadyUpDot.uexp" 1970
"C:/Users/r022260k/Documents/GitHub/ConCat/Content/Construction/Tech/Blueprints/UI/Customisation/UICustimisorSprites/BaseFemale.uasset" 1971
"C:/Users/r022260k/Documents/GitHub/ConCat/Content/Construction/Tech/Blueprints/UI/Customisation/UICustimisorSprites/BaseFemale.uexp" 1972
"C:/Users/r022260k/Documents/GitHub/ConCat/Content/Construction/Tech/Blueprints/UI/Customisation/UICustimisorSprites/Female_Hat4.uasset" 1973
"C:/Users/r022260k/Documents/GitHub/ConCat/Content/Construction/Tech/Blueprints/UI/Customisation/UICustimisorSprites/Female_Hat4.uexp" 1974
"C:/Users/r022260k/Documents/GitHub/ConCat/Content/Construction/Tech/Blueprints/Data-Storage/Customisation/E_Hats.uasset" 1975
"C:/Users/r022260k/Documents/GitHub/ConCat/Content/Construction/Tech/Blueprints/Data-Storage/Customisation/E_Hats.uexp" 1976
"C:/Users/r022260k/Documents/GitHub/ConCat/Content/Construction/Tech/Blueprints/Data-Storage/Customisation/E_CharacterType.uasset" 1977
"C:/Users/r022260k/Documents/GitHub/ConCat/Content/Construction/Tech/Blueprints/Data-Storage/Customisation/E_CharacterType.uexp" 1978
"C:/Users/r022260k/Documents/GitHub/ConCat/Content/Construction/Tech/Blueprints/UI/Customisation/UICustimisorSprites/Female_Hat5.uasset" 1979
"C:/Users/r022260k/Documents/GitHub/ConCat/Content/Construction/Tech/Blueprints/UI/Customisation/UICustimisorSprites/Female_Hat5.uexp" 1980
"C:/Users/r022260k/Documents/GitHub/ConCat/Content/Construction/Tech/Blueprints/UI/Customisation/UICustimisorSprites/Male_Hat2.uasset" 1981
"C:/Users/r022260k/Documents/GitHub/ConCat/Content/Construction/Tech/Blueprints/UI/Customisation/UICustimisorSprites/Male_Hat2.uexp" 1982
"C:/Users/r022260k/Documents/GitHub/ConCat/Content/Construction/Tech/Blueprints/UI/Customisation/UICustimisorSprites/BaseMale.uasset" 1983
"C:/Users/r022260k/Documents/GitHub/ConCat/Content/Construction/Tech/Blueprints/UI/Customisation/UICustimisorSprites/BaseMale.uexp" 1984
"C:/Users/r022260k/Documents/GitHub/ConCat/Content/Construction/Tech/Blueprints/UI/CoryCustomFont/Dot_BWText.uasset" 1985
"C:/Users/r022260k/Documents/GitHub/ConCat/Content/Construction/Tech/Blueprints/UI/CoryCustomFont/Dot_BWText.uexp" 1986
"C:/Users/r022260k/Documents/GitHub/ConCat/Content/Construction/Tech/Blueprints/UI/CoryCustomFont/W_Dots.uasset" 1987
"C:/Users/r022260k/Documents/GitHub/ConCat/Content/Construction/Tech/Blueprints/UI/CoryCustomFont/W_Dots.uexp" 1988
"C:/Users/r022260k/Documents/GitHub/ConCat/Content/Construction/Tech/Blueprints/Data-Storage/Customisation/E_SkinTone.uasset" 1989
"C:/Users/r022260k/Documents/GitHub/ConCat/Content/Construction/Tech/Blueprints/Data-Storage/Customisation/E_SkinTone.uexp" 1990
"C:/Users/r022260k/Documents/GitHub/ConCat/Content/Construction/Tech/Blueprints/UI/Customisation/UICustimisorSprites/Male_Skin4.uasset" 1991
"C:/Users/r022260k/Documents/GitHub/ConCat/Content/Construction/Tech/Blueprints/UI/Customisation/UICustimisorSprites/Male_Skin4.uexp" 1992
"C:/Users/r022260k/Documents/GitHub/ConCat/Content/Construction/Tech/Blueprints/UI/Customisation/W_CharacterSelect.uasset" 1993
"C:/Users/r022260k/Documents/GitHub/ConCat/Content/Construction/Tech/Blueprints/UI/Customisation/W_CharacterSelect.uexp" 1994
"C:/Users/r022260k/Documents/GitHub/ConCat/Content/Construction/Tech/Blueprints/UI/Customisation/OLD_WBP_GameSettings.uasset" 1995
"C:/Users/r022260k/Documents/GitHub/ConCat/Content/Construction/Tech/Blueprints/UI/Customisation/OLD_WBP_GameSettings.uexp" 1996
"C:/Users/r022260k/Documents/GitHub/ConCat/Content/Construction/Art/MenuUI-Cory/BoltSlider.uasset" 1997
"C:/Users/r022260k/Documents/GitHub/ConCat/Content/Construction/Art/MenuUI-Cory/BoltSlider.uexp" 1998
"C:/Users/r022260k/Documents/GitHub/ConCat/Content/Construction/Art/MenuUI-Cory/CC_Title.uasset" 1999
"C:/Users/r022260k/Documents/GitHub/ConCat/Content/Construction/Art/MenuUI-Cory/CC_Title.uexp" 2000
"C:/Users/r022260k/Documents/GitHub/ConCat/Content/Construction/Art/MenuUI-Cory/Japan_Map_Image.uasset" 2001
"C:/Users/r022260k/Documents/GitHub/ConCat/Content/Construction/Art/MenuUI-Cory/Japan_Map_Image.uexp" 2002
"C:/Users/r022260k/Documents/GitHub/ConCat/Content/Construction/Art/MenuUI-Cory/SliderBar.uasset" 2003
"C:/Users/r022260k/Documents/GitHub/ConCat/Content/Construction/Art/MenuUI-Cory/SliderBar.uexp" 2004
"C:/Users/r022260k/Documents/GitHub/ConCat/Content/Construction/Sound/Raw_WAVs/Menu/mixkit-fast-creaking-floorboard-177.ubulk" 2005
"C:/Users/r022260k/Documents/GitHub/ConCat/Content/Construction/Sound/Raw_WAVs/Menu/mixkit-fast-creaking-floorboard-177.uasset" 2006
"C:/Users/r022260k/Documents/GitHub/ConCat/Content/Construction/Sound/Raw_WAVs/Menu/mixkit-fast-creaking-floorboard-177.uexp" 2007
"C:/Users/r022260k/Documents/GitHub/ConCat/Content/Construction/Sound/SoundCues/Menu/ButtonHover_Sound_Cue.uasset" 2008
"C:/Users/r022260k/Documents/GitHub/ConCat/Content/Construction/Sound/SoundCues/Menu/ButtonHover_Sound_Cue.uexp" 2009
"C:/Users/r022260k/Documents/GitHub/ConCat/Content/Construction/Art/MenuUI-Cory/Hawaii_Map_Image.uasset" 2010
"C:/Users/r022260k/Documents/GitHub/ConCat/Content/Construction/Art/MenuUI-Cory/Hawaii_Map_Image.uexp" 2011
"C:/Users/r022260k/Documents/GitHub/ConCat/Content/Construction/Art/TutorialScreen-UI/DisasterTutorial.uasset" 2012
"C:/Users/r022260k/Documents/GitHub/ConCat/Content/Construction/Art/TutorialScreen-UI/DisasterTutorial.uexp" 2013
"C:/Users/r022260k/Documents/GitHub/ConCat/Content/Construction/Art/TutorialScreen-UI/TutorialSign.uasset" 2014
"C:/Users/r022260k/Documents/GitHub/ConCat/Content/Construction/Art/TutorialScreen-UI/TutorialSign.uexp" 2015
"C:/Users/r022260k/Documents/GitHub/ConCat/Content/Construction/Art/TutorialScreen-UI/BuildTutorial.uasset" 2016
"C:/Users/r022260k/Documents/GitHub/ConCat/Content/Construction/Art/TutorialScreen-UI/BuildTutorial.uexp" 2017
"C:/Users/r022260k/Documents/GitHub/ConCat/Content/Construction/Sound/Raw_WAVs/Menu/mixkit-wood-hard-hit-2182.ubulk" 2018
"C:/Users/r022260k/Documents/GitHub/ConCat/Content/Construction/Sound/Raw_WAVs/Menu/mixkit-wood-hard-hit-2182.uasset" 2019
"C:/Users/r022260k/Documents/GitHub/ConCat/Content/Construction/Sound/Raw_WAVs/Menu/mixkit-wood-hard-hit-2182.uexp" 2020
"C:/Users/r022260k/Documents/GitHub/ConCat/Content/Construction/Sound/SoundCues/Menu/ButtonClick_Cue.uasset" 2021
"C:/Users/r022260k/Documents/GitHub/ConCat/Content/Construction/Sound/SoundCues/Menu/ButtonClick_Cue.uexp" 2022
"C:/Users/r022260k/Documents/GitHub/ConCat/Content/Construction/Tech/Blueprints/UI/CoryCustomFont/Controls.uasset" 2023
"C:/Users/r022260k/Documents/GitHub/ConCat/Content/Construction/Tech/Blueprints/UI/CoryCustomFont/Controls.uexp" 2024
"C:/Users/r022260k/Documents/GitHub/ConCat/Content/Construction/Tech/Blueprints/UI/CoryCustomFont/Back.uasset" 2025
"C:/Users/r022260k/Documents/GitHub/ConCat/Content/Construction/Tech/Blueprints/UI/CoryCustomFont/Back.uexp" 2026
"C:/Users/r022260k/Documents/GitHub/ConCat/Content/Construction/Tech/Blueprints/UI/W_Controls.uasset" 2027
"C:/Users/r022260k/Documents/GitHub/ConCat/Content/Construction/Tech/Blueprints/UI/W_Controls.uexp" 2028
"C:/Users/r022260k/Documents/GitHub/ConCat/Content/Construction/Tech/Blueprints/UI/CoryCustomFont/StartBW.uasset" 2029
"C:/Users/r022260k/Documents/GitHub/ConCat/Content/Construction/Tech/Blueprints/UI/CoryCustomFont/StartBW.uexp" 2030
"C:/Users/r022260k/Documents/GitHub/ConCat/Content/Construction/Art/MenuUI-Cory/Tsunami.uasset" 2031
"C:/Users/r022260k/Documents/GitHub/ConCat/Content/Construction/Art/MenuUI-Cory/Tsunami.uexp" 2032
"C:/Users/r022260k/Documents/GitHub/ConCat/Content/Construction/Art/MenuUI-Cory/Earthquake.uasset" 2033
"C:/Users/r022260k/Documents/GitHub/ConCat/Content/Construction/Art/MenuUI-Cory/Earthquake.uexp" 2034
"C:/Users/r022260k/Documents/GitHub/ConCat/Content/Construction/Tech/Blueprints/UI/CoryCustomFont/MapBWText.uasset" 2035
"C:/Users/r022260k/Documents/GitHub/ConCat/Content/Construction/Tech/Blueprints/UI/CoryCustomFont/MapBWText.uexp" 2036
"C:/Users/r022260k/Documents/GitHub/ConCat/Content/Construction/Tech/Blueprints/UI/CoryCustomFont/Hawaii_BWText.uasset" 2037
"C:/Users/r022260k/Documents/GitHub/ConCat/Content/Construction/Tech/Blueprints/UI/CoryCustomFont/Hawaii_BWText.uexp" 2038
"C:/Users/r022260k/Documents/GitHub/ConCat/Content/Construction/Tech/Blueprints/UI/CoryCustomFont/Itlay_BWText.uasset" 2039
"C:/Users/r022260k/Documents/GitHub/ConCat/Content/Construction/Tech/Blueprints/UI/CoryCustomFont/Itlay_BWText.uexp" 2040
"C:/Users/r022260k/Documents/GitHub/ConCat/Content/Construction/Art/MenuUI-Cory/Italy_Map_Image.uasset" 2041
"C:/Users/r022260k/Documents/GitHub/ConCat/Content/Construction/Art/MenuUI-Cory/Italy_Map_Image.uexp" 2042
"C:/Users/r022260k/Documents/GitHub/ConCat/Content/Construction/Tech/Blueprints/UI/CoryCustomFont/Random.uasset" 2043
"C:/Users/r022260k/Documents/GitHub/ConCat/Content/Construction/Tech/Blueprints/UI/CoryCustomFont/Random.uexp" 2044
"C:/Users/r022260k/Documents/GitHub/ConCat/Content/Construction/Tech/Blueprints/UI/CoryCustomFont/Japan_BWText.uasset" 2045
"C:/Users/r022260k/Documents/GitHub/ConCat/Content/Construction/Tech/Blueprints/UI/CoryCustomFont/Japan_BWText.uexp" 2046
"C:/Users/r022260k/Documents/GitHub/ConCat/Content/Construction/Tech/Blueprints/UI/Customisation/W_MapSelect.uasset" 2047
"C:/Users/r022260k/Documents/GitHub/ConCat/Content/Construction/Tech/Blueprints/UI/Customisation/W_MapSelect.uexp" 2048
"C:/Users/r022260k/Documents/GitHub/ConCat/Content/Construction/Tech/Blueprints/UI/CoryCustomFont/Meteors.uasset" 2049
"C:/Users/r022260k/Documents/GitHub/ConCat/Content/Construction/Tech/Blueprints/UI/CoryCustomFont/Meteors.uexp" 2050
"C:/Users/r022260k/Documents/GitHub/ConCat/Content/Construction/Tech/Blueprints/UI/CoryCustomFont/Tsunami.uasset" 2051
"C:/Users/r022260k/Documents/GitHub/ConCat/Content/Construction/Tech/Blueprints/UI/CoryCustomFont/Tsunami.uexp" 2052
"C:/Users/r022260k/Documents/GitHub/ConCat/Content/Construction/Art/MenuUI-Cory/Meteor.uasset" 2053
"C:/Users/r022260k/Documents/GitHub/ConCat/Content/Construction/Art/MenuUI-Cory/Meteor.uexp" 2054
"C:/Users/r022260k/Documents/GitHub/ConCat/Content/Construction/Tech/Blueprints/UI/CoryCustomFont/Disaster.uasset" 2055
"C:/Users/r022260k/Documents/GitHub/ConCat/Content/Construction/Tech/Blueprints/UI/CoryCustomFont/Disaster.uexp" 2056
"C:/Users/r022260k/Documents/GitHub/ConCat/Content/Construction/Tech/Blueprints/UI/CoryCustomFont/Earthquake.uasset" 2057
"C:/Users/r022260k/Documents/GitHub/ConCat/Content/Construction/Tech/Blueprints/UI/CoryCustomFont/Earthquake.uexp" 2058
"C:/Users/r022260k/Documents/GitHub/ConCat/Content/Construction/Tech/Blueprints/UI/Customisation/W_DisasterSelect.uasset" 2059
"C:/Users/r022260k/Documents/GitHub/ConCat/Content/Construction/Tech/Blueprints/UI/Customisation/W_DisasterSelect.uexp" 2060
"C:/Users/r022260k/Documents/GitHub/ConCat/Content/Construction/Tech/Blueprints/UI/CoryCustomFont/options.uasset" 2061
"C:/Users/r022260k/Documents/GitHub/ConCat/Content/Construction/Tech/Blueprints/UI/CoryCustomFont/options.uexp" 2062
"C:/Users/r022260k/Documents/GitHub/ConCat/Content/Construction/Sound/SoundClasses/Ambience_SC.uasset" 2063
"C:/Users/r022260k/Documents/GitHub/ConCat/Content/Construction/Sound/SoundClasses/Ambience_SC.uexp" 2064
"C:/Users/r022260k/Documents/GitHub/ConCat/Content/Construction/Tech/Blueprints/UI/CoryCustomFont/Audio_Settings.uasset" 2065
"C:/Users/r022260k/Documents/GitHub/ConCat/Content/Construction/Tech/Blueprints/UI/CoryCustomFont/Audio_Settings.uexp" 2066
"C:/Users/r022260k/Documents/GitHub/ConCat/Content/Construction/Tech/Blueprints/UI/CoryCustomFont/On.uasset" 2067
"C:/Users/r022260k/Documents/GitHub/ConCat/Content/Construction/Tech/Blueprints/UI/CoryCustomFont/On.uexp" 2068
"C:/Users/r022260k/Documents/GitHub/ConCat/Content/Construction/Sound/SoundCues/Mix/Ambient_Mix.uasset" 2069
"C:/Users/r022260k/Documents/GitHub/ConCat/Content/Construction/Sound/SoundCues/Mix/Ambient_Mix.uexp" 2070
"C:/Users/r022260k/Documents/GitHub/ConCat/Content/Construction/Sound/SoundCues/Mix/Gameplay_Mix.uasset" 2071
"C:/Users/r022260k/Documents/GitHub/ConCat/Content/Construction/Sound/SoundCues/Mix/Gameplay_Mix.uexp" 2072
"C:/Users/r022260k/Documents/GitHub/ConCat/Content/Construction/Sound/SoundClasses/Music_SC.uasset" 2073
"C:/Users/r022260k/Documents/GitHub/ConCat/Content/Construction/Sound/SoundClasses/Music_SC.uexp" 2074
"C:/Users/r022260k/Documents/GitHub/ConCat/Content/Construction/Tech/Blueprints/UI/CoryCustomFont/Off.uasset" 2075
"C:/Users/r022260k/Documents/GitHub/ConCat/Content/Construction/Tech/Blueprints/UI/CoryCustomFont/Off.uexp" 2076
"C:/Users/r022260k/Documents/GitHub/ConCat/Content/Construction/Tech/Blueprints/UI/CoryCustomFont/Ambience.uasset" 2077
"C:/Users/r022260k/Documents/GitHub/ConCat/Content/Construction/Tech/Blueprints/UI/CoryCustomFont/Ambience.uexp" 2078
"C:/Users/r022260k/Documents/GitHub/ConCat/Content/Construction/Tech/Blueprints/UI/CoryCustomFont/MusicBWText.uasset" 2079
"C:/Users/r022260k/Documents/GitHub/ConCat/Content/Construction/Tech/Blueprints/UI/CoryCustomFont/MusicBWText.uexp" 2080
"C:/Users/r022260k/Documents/GitHub/ConCat/Content/Construction/Tech/Blueprints/UI/CoryCustomFont/Menu.uasset" 2081
"C:/Users/r022260k/Documents/GitHub/ConCat/Content/Construction/Tech/Blueprints/UI/CoryCustomFont/Menu.uexp" 2082
"C:/Users/r022260k/Documents/GitHub/ConCat/Content/Construction/Sound/SoundCues/Mix/Menu_Mix.uasset" 2083
"C:/Users/r022260k/Documents/GitHub/ConCat/Content/Construction/Sound/SoundCues/Mix/Menu_Mix.uexp" 2084
"C:/Users/r022260k/Documents/GitHub/ConCat/Content/Construction/Sound/SoundCues/Mix/Music_Mix.uasset" 2085
"C:/Users/r022260k/Documents/GitHub/ConCat/Content/Construction/Sound/SoundCues/Mix/Music_Mix.uexp" 2086
"C:/Users/r022260k/Documents/GitHub/ConCat/Content/Construction/Tech/Blueprints/UI/CoryCustomFont/Volume.uasset" 2087
"C:/Users/r022260k/Documents/GitHub/ConCat/Content/Construction/Tech/Blueprints/UI/CoryCustomFont/Volume.uexp" 2088
"C:/Users/r022260k/Documents/GitHub/ConCat/Content/Construction/Tech/Blueprints/UI/W_AudioSettings.uasset" 2089
"C:/Users/r022260k/Documents/GitHub/ConCat/Content/Construction/Tech/Blueprints/UI/W_AudioSettings.uexp" 2090
"C:/Users/r022260k/Documents/GitHub/ConCat/Content/Construction/Tech/Blueprints/UI/CoryCustomFont/Quit.uasset" 2091
"C:/Users/r022260k/Documents/GitHub/ConCat/Content/Construction/Tech/Blueprints/UI/CoryCustomFont/Quit.uexp" 2092
"C:/Users/r022260k/Documents/GitHub/ConCat/Content/Construction/Tech/Blueprints/UI/W_MainMenu.uasset" 2093
"C:/Users/r022260k/Documents/GitHub/ConCat/Content/Construction/Tech/Blueprints/UI/W_MainMenu.uexp" 2094
"C:/Users/r022260k/Documents/GitHub/ConCat/Content/Construction/Tech/Blueprints/Gamemodes/GM_MainMenu.uasset" 2095
"C:/Users/r022260k/Documents/GitHub/ConCat/Content/Construction/Tech/Blueprints/Gamemodes/GM_MainMenu.uexp" 2096
"C:/Users/r022260k/Documents/GitHub/ConCat/Content/LevelPrototyping/Meshes/SM_Ramp.ubulk" 2097
"C:/Users/r022260k/Documents/GitHub/ConCat/Content/LevelPrototyping/Meshes/SM_Ramp.uasset" 2098
"C:/Users/r022260k/Documents/GitHub/ConCat/Content/LevelPrototyping/Meshes/SM_Ramp.uexp" 2099
"C:/Users/r022260k/Documents/GitHub/ConCat/Content/Construction/Art/MenuUI-Cory/LeftArrow.uasset" 2100
"C:/Users/r022260k/Documents/GitHub/ConCat/Content/Construction/Art/MenuUI-Cory/LeftArrow.uexp" 2101
"C:/Users/r022260k/Documents/GitHub/ConCat/Content/Construction/Tech/Blueprints/UI/Customisation/W_PlayerTile.uasset" 2102
"C:/Users/r022260k/Documents/GitHub/ConCat/Content/Construction/Tech/Blueprints/UI/Customisation/W_PlayerTile.uexp" 2103
"C:/Users/r022260k/Documents/GitHub/ConCat/Content/Construction/Tech/Blueprints/UI/MenuPlayerController.uasset" 2104
"C:/Users/r022260k/Documents/GitHub/ConCat/Content/Construction/Tech/Blueprints/UI/MenuPlayerController.uexp" 2105
"C:/Users/r022260k/Documents/GitHub/ConCat/Content/Construction/Tech/Blueprints/GameSetup.uasset" 2106
"C:/Users/r022260k/Documents/GitHub/ConCat/Content/Construction/Tech/Blueprints/GameSetup.uexp" 2107
"C:/Users/r022260k/Documents/GitHub/ConCat/Content/Construction/Tech/Materials/TimerArrow.uasset" 2108
"C:/Users/r022260k/Documents/GitHub/ConCat/Content/Construction/Tech/Materials/TimerArrow.uexp" 2109
"C:/Users/r022260k/Documents/GitHub/ConCat/Content/Construction/Tech/Materials/RightBuildPlayerHammer.uasset" 2110
"C:/Users/r022260k/Documents/GitHub/ConCat/Content/Construction/Tech/Materials/RightBuildPlayerHammer.uexp" 2111
"C:/Users/r022260k/Documents/GitHub/ConCat/Content/Construction/Tech/Blueprints/UI/W_BuildPlayerProfiles.uasset" 2112
"C:/Users/r022260k/Documents/GitHub/ConCat/Content/Construction/Tech/Blueprints/UI/W_BuildPlayerProfiles.uexp" 2113
"C:/Users/r022260k/Documents/GitHub/ConCat/Content/Construction/Tech/Materials/M_Grid.uasset" 2114
"C:/Users/r022260k/Documents/GitHub/ConCat/Content/Construction/Tech/Materials/M_Grid.uexp" 2115
"C:/Users/r022260k/Documents/GitHub/ConCat/Content/Construction/Tech/Blockout_Meshes/SM_Empty.ubulk" 2116
"C:/Users/r022260k/Documents/GitHub/ConCat/Content/Construction/Tech/Blockout_Meshes/SM_Empty.uasset" 2117
"C:/Users/r022260k/Documents/GitHub/ConCat/Content/Construction/Tech/Blockout_Meshes/SM_Empty.uexp" 2118
"C:/Users/r022260k/Documents/GitHub/ConCat/Content/Construction/Tech/Blockout_Meshes/BP_MeshTest.uasset" 2119
"C:/Users/r022260k/Documents/GitHub/ConCat/Content/Construction/Tech/Blockout_Meshes/BP_MeshTest.uexp" 2120
"C:/Users/r022260k/Documents/GitHub/ConCat/Content/Construction/Tech/Blueprints/BP_Grid.uasset" 2121
"C:/Users/r022260k/Documents/GitHub/ConCat/Content/Construction/Tech/Blueprints/BP_Grid.uexp" 2122
"C:/Users/r022260k/Documents/GitHub/ConCat/Content/Construction/Art/TutorialScreen-UI/ContinueGreen.uasset" 2123
"C:/Users/r022260k/Documents/GitHub/ConCat/Content/Construction/Art/TutorialScreen-UI/ContinueGreen.uexp" 2124
"C:/Users/r022260k/Documents/GitHub/ConCat/Content/Construction/Tech/Materials/PlayerTurnIndicator.uasset" 2125
"C:/Users/r022260k/Documents/GitHub/ConCat/Content/Construction/Tech/Materials/PlayerTurnIndicator.uexp" 2126
"C:/Users/r022260k/Documents/GitHub/ConCat/Content/Construction/Tech/Blueprints/UI/W_BuildTimer.uasset" 2127
"C:/Users/r022260k/Documents/GitHub/ConCat/Content/Construction/Tech/Blueprints/UI/W_BuildTimer.uexp" 2128
"C:/Users/r022260k/Documents/GitHub/ConCat/Content/Construction/Tech/Blueprints/UI/CoryCustomFont/Resume.uasset" 2129
"C:/Users/r022260k/Documents/GitHub/ConCat/Content/Construction/Tech/Blueprints/UI/CoryCustomFont/Resume.uexp" 2130
"C:/Users/r022260k/Documents/GitHub/ConCat/Content/Construction/Tech/Blueprints/UI/CoryCustomFont/Quit_To_Desktop.uasset" 2131
"C:/Users/r022260k/Documents/GitHub/ConCat/Content/Construction/Tech/Blueprints/UI/CoryCustomFont/Quit_To_Desktop.uexp" 2132
"C:/Users/r022260k/Documents/GitHub/ConCat/Content/Construction/Tech/Blueprints/UI/W_ActionTimer.uasset" 2133
"C:/Users/r022260k/Documents/GitHub/ConCat/Content/Construction/Tech/Blueprints/UI/W_ActionTimer.uexp" 2134
"C:/Users/r022260k/Documents/GitHub/ConCat/Content/Construction/Art/TutorialScreen-UI/ContinueRed.uasset" 2135
"C:/Users/r022260k/Documents/GitHub/ConCat/Content/Construction/Art/TutorialScreen-UI/ContinueRed.uexp" 2136
"C:/Users/r022260k/Documents/GitHub/ConCat/Content/Construction/Tech/Materials/DisasterUI/Tool_DuctTape.uasset" 2137
"C:/Users/r022260k/Documents/GitHub/ConCat/Content/Construction/Tech/Materials/DisasterUI/Tool_DuctTape.uexp" 2138
"C:/Users/r022260k/Documents/GitHub/ConCat/Content/Construction/Tech/Materials/DisasterUI/ActionPhaseIconP3.uasset" 2139
"C:/Users/r022260k/Documents/GitHub/ConCat/Content/Construction/Tech/Materials/DisasterUI/ActionPhaseIconP3.uexp" 2140
"C:/Users/r022260k/Documents/GitHub/ConCat/Content/Construction/Art/MenuUI-Cory/FemaleStunned.uasset" 2141
"C:/Users/r022260k/Documents/GitHub/ConCat/Content/Construction/Art/MenuUI-Cory/FemaleStunned.uexp" 2142
"C:/Users/r022260k/Documents/GitHub/ConCat/Content/Construction/Tech/Materials/DisasterUI/Tool_BigHammer.uasset" 2143
"C:/Users/r022260k/Documents/GitHub/ConCat/Content/Construction/Tech/Materials/DisasterUI/Tool_BigHammer.uexp" 2144
"C:/Users/r022260k/Documents/GitHub/ConCat/Content/Construction/Art/MenuUI-Cory/CharacterFemaleNat.uasset" 2145
"C:/Users/r022260k/Documents/GitHub/ConCat/Content/Construction/Art/MenuUI-Cory/CharacterFemaleNat.uexp" 2146
"C:/Users/r022260k/Documents/GitHub/ConCat/Content/Construction/Tech/Materials/DisasterUI/FullHealthBar.uasset" 2147
"C:/Users/r022260k/Documents/GitHub/ConCat/Content/Construction/Tech/Materials/DisasterUI/FullHealthBar.uexp" 2148
"C:/Users/r022260k/Documents/GitHub/ConCat/Content/Construction/Tech/Materials/DisasterUI/ActionPhaseIconP1.uasset" 2149
"C:/Users/r022260k/Documents/GitHub/ConCat/Content/Construction/Tech/Materials/DisasterUI/ActionPhaseIconP1.uexp" 2150
"C:/Users/r022260k/Documents/GitHub/ConCat/Content/Construction/Tech/Materials/DisasterUI/ActionPhaseIconP4.uasset" 2151
"C:/Users/r022260k/Documents/GitHub/ConCat/Content/Construction/Tech/Materials/DisasterUI/ActionPhaseIconP4.uexp" 2152
"C:/Users/r022260k/Documents/GitHub/ConCat/Content/Construction/Tech/Materials/DisasterUI/ActionPhaseIconP2.uasset" 2153
"C:/Users/r022260k/Documents/GitHub/ConCat/Content/Construction/Tech/Materials/DisasterUI/ActionPhaseIconP2.uexp" 2154
"C:/Users/r022260k/Documents/GitHub/ConCat/Content/Construction/Art/MenuUI-Cory/CharacterFemalePain.uasset" 2155
"C:/Users/r022260k/Documents/GitHub/ConCat/Content/Construction/Art/MenuUI-Cory/CharacterFemalePain.uexp" 2156
"C:/Users/r022260k/Documents/GitHub/ConCat/Content/Construction/Tech/Materials/DisasterUI/Tool_FireExtinguisher.uasset" 2157
"C:/Users/r022260k/Documents/GitHub/ConCat/Content/Construction/Tech/Materials/DisasterUI/Tool_FireExtinguisher.uexp" 2158
"C:/Users/r022260k/Documents/GitHub/ConCat/Content/Construction/Art/MenuUI-Cory/CharacterMaleNat.uasset" 2159
"C:/Users/r022260k/Documents/GitHub/ConCat/Content/Construction/Art/MenuUI-Cory/CharacterMaleNat.uexp" 2160
"C:/Users/r022260k/Documents/GitHub/ConCat/Content/Construction/Tech/Materials/DisasterUI/EmptyHealthBar.uasset" 2161
"C:/Users/r022260k/Documents/GitHub/ConCat/Content/Construction/Tech/Materials/DisasterUI/EmptyHealthBar.uexp" 2162
"C:/Users/r022260k/Documents/GitHub/ConCat/Content/Construction/Art/MenuUI-Cory/CharacterMalePain.uasset" 2163
"C:/Users/r022260k/Documents/GitHub/ConCat/Content/Construction/Art/MenuUI-Cory/CharacterMalePain.uexp" 2164
"C:/Users/r022260k/Documents/GitHub/ConCat/Content/Construction/Tech/Materials/DisasterUI/Tool_SmallHammer.uasset" 2165
"C:/Users/r022260k/Documents/GitHub/ConCat/Content/Construction/Tech/Materials/DisasterUI/Tool_SmallHammer.uexp" 2166
"C:/Users/r022260k/Documents/GitHub/ConCat/Content/Construction/Tech/Blueprints/Interfaces/BPI_Interact.uasset" 2167
"C:/Users/r022260k/Documents/GitHub/ConCat/Content/Construction/Tech/Blueprints/Interfaces/BPI_Interact.uexp" 2168
"C:/Users/r022260k/Documents/GitHub/ConCat/Content/Construction/Art/MenuUI-Cory/PlayerDead.uasset" 2169
"C:/Users/r022260k/Documents/GitHub/ConCat/Content/Construction/Art/MenuUI-Cory/PlayerDead.uexp" 2170
"C:/Users/r022260k/Documents/GitHub/ConCat/Content/Construction/Art/MenuUI-Cory/MaleStunned.uasset" 2171
"C:/Users/r022260k/Documents/GitHub/ConCat/Content/Construction/Art/MenuUI-Cory/MaleStunned.uexp" 2172
"C:/Users/r022260k/Documents/GitHub/ConCat/Content/Construction/Tech/Blueprints/UI/W_ActionPlayerProfiles.uasset" 2173
"C:/Users/r022260k/Documents/GitHub/ConCat/Content/Construction/Tech/Blueprints/UI/W_ActionPlayerProfiles.uexp" 2174
"C:/Users/r022260k/Documents/GitHub/ConCat/Content/Construction/Art/MenuUI-Cory/Game_Over_Singleplayer.uasset" 2175
"C:/Users/r022260k/Documents/GitHub/ConCat/Content/Construction/Art/MenuUI-Cory/Game_Over_Singleplayer.uexp" 2176
"C:/Users/r022260k/Documents/GitHub/ConCat/Content/Construction/Tech/Blueprints/UI/GameOverScreens/W_SingleGameOver.uasset" 2177
"C:/Users/r022260k/Documents/GitHub/ConCat/Content/Construction/Tech/Blueprints/UI/GameOverScreens/W_SingleGameOver.uexp" 2178
"C:/Users/r022260k/Documents/GitHub/ConCat/Content/Construction/Tech/Blueprints/UI/W_ActionTutorial.uasset" 2179
"C:/Users/r022260k/Documents/GitHub/ConCat/Content/Construction/Tech/Blueprints/UI/W_ActionTutorial.uexp" 2180
"C:/Users/r022260k/Documents/GitHub/ConCat/Content/Construction/Tech/Blueprints/UI/HUD_Main_ActionPhase.uasset" 2181
"C:/Users/r022260k/Documents/GitHub/ConCat/Content/Construction/Tech/Blueprints/UI/HUD_Main_ActionPhase.uexp" 2182
"C:/Users/r022260k/Documents/GitHub/ConCat/Content/Construction/Tech/Blueprints/Data-Storage/E_BuildingSize.uasset" 2183
"C:/Users/r022260k/Documents/GitHub/ConCat/Content/Construction/Tech/Blueprints/Data-Storage/E_BuildingSize.uexp" 2184
"C:/Users/r022260k/Documents/GitHub/ConCat/Content/Construction/Tech/Blueprints/Characters/BuildPhase-Characters/BuildCameraCharacter.uasset" 2185
"C:/Users/r022260k/Documents/GitHub/ConCat/Content/Construction/Tech/Blueprints/Characters/BuildPhase-Characters/BuildCameraCharacter.uexp" 2186
"C:/Users/r022260k/Documents/GitHub/ConCat/Content/Construction/Tech/Materials/M_Green.uasset" 2187
"C:/Users/r022260k/Documents/GitHub/ConCat/Content/Construction/Tech/Materials/M_Green.uexp" 2188
"C:/Users/r022260k/Documents/GitHub/ConCat/Content/Construction/Art/Environments/ModularBlocks/Meshes/T_BlockOLD.ubulk" 2189
"C:/Users/r022260k/Documents/GitHub/ConCat/Content/Construction/Art/Environments/ModularBlocks/Meshes/T_BlockOLD.uasset" 2190
"C:/Users/r022260k/Documents/GitHub/ConCat/Content/Construction/Art/Environments/ModularBlocks/Meshes/T_BlockOLD.uexp" 2191
"C:/Users/r022260k/Documents/GitHub/ConCat/Content/Construction/Sound/Raw_WAVs/BlockDamage/BlockTakingDamageHeavy.ubulk" 2192
"C:/Users/r022260k/Documents/GitHub/ConCat/Content/Construction/Sound/Raw_WAVs/BlockDamage/BlockTakingDamageHeavy.uasset" 2193
"C:/Users/r022260k/Documents/GitHub/ConCat/Content/Construction/Sound/Raw_WAVs/BlockDamage/BlockTakingDamageHeavy.uexp" 2194
"C:/Users/r022260k/Documents/GitHub/ConCat/Content/Construction/Sound/SoundCues/BlockDamage/BlockTakingDamageHeavy_Cue.uasset" 2195
"C:/Users/r022260k/Documents/GitHub/ConCat/Content/Construction/Sound/SoundCues/BlockDamage/BlockTakingDamageHeavy_Cue.uexp" 2196
"C:/Users/r022260k/Documents/GitHub/ConCat/Content/Construction/Sound/Raw_WAVs/BlockDamage/BlockTakingDamageLight.ubulk" 2197
"C:/Users/r022260k/Documents/GitHub/ConCat/Content/Construction/Sound/Raw_WAVs/BlockDamage/BlockTakingDamageLight.uasset" 2198
"C:/Users/r022260k/Documents/GitHub/ConCat/Content/Construction/Sound/Raw_WAVs/BlockDamage/BlockTakingDamageLight.uexp" 2199
"C:/Users/r022260k/Documents/GitHub/ConCat/Content/Construction/Sound/SoundCues/BlockDamage/BlockTakingDamageLight_Cue.uasset" 2200
"C:/Users/r022260k/Documents/GitHub/ConCat/Content/Construction/Sound/SoundCues/BlockDamage/BlockTakingDamageLight_Cue.uexp" 2201
"C:/Users/r022260k/Documents/GitHub/ConCat/Content/Construction/Tech/Blueprints/GridSys/BP_PlaceableBaseAsset.uasset" 2202
"C:/Users/r022260k/Documents/GitHub/ConCat/Content/Construction/Tech/Blueprints/GridSys/BP_PlaceableBaseAsset.uexp" 2203
"C:/Users/r022260k/Documents/GitHub/ConCat/Content/Construction/Tech/Materials/M_Blue.uasset" 2204
"C:/Users/r022260k/Documents/GitHub/ConCat/Content/Construction/Tech/Materials/M_Blue.uexp" 2205
"C:/Users/r022260k/Documents/GitHub/ConCat/Content/Construction/Tech/Materials/M_Yellow.uasset" 2206
"C:/Users/r022260k/Documents/GitHub/ConCat/Content/Construction/Tech/Materials/M_Yellow.uexp" 2207
"C:/Users/r022260k/Documents/GitHub/ConCat/Content/Construction/Tech/Blueprints/GridSys/CP_PloppableComponent.uasset" 2208
"C:/Users/r022260k/Documents/GitHub/ConCat/Content/Construction/Tech/Blueprints/GridSys/CP_PloppableComponent.uexp" 2209
"C:/Users/r022260k/Documents/GitHub/ConCat/Content/Construction/Art/GridUI/GridPlaced.uasset" 2210
"C:/Users/r022260k/Documents/GitHub/ConCat/Content/Construction/Art/GridUI/GridPlaced.uexp" 2211
"C:/Users/r022260k/Documents/GitHub/ConCat/Content/Construction/Tech/Blueprints/Data-Storage/E_Phase.uasset" 2212
"C:/Users/r022260k/Documents/GitHub/ConCat/Content/Construction/Tech/Blueprints/Data-Storage/E_Phase.uexp" 2213
"../../../Engine/Content/VREditor/UI/ArrowMaterial.uasset" 2214
"../../../Engine/Content/VREditor/UI/ArrowMaterial.uexp" 2215
"C:/Users/r022260k/Documents/GitHub/ConCat/Content/Construction/Tech/Blueprints/DestructibleGeometry/GeometryCollection/BuildingBlocksGC/GC_Stable_Floor_Block.uasset" 2216
"C:/Users/r022260k/Documents/GitHub/ConCat/Content/Construction/Tech/Blueprints/DestructibleGeometry/GeometryCollection/BuildingBlocksGC/GC_Stable_Floor_Block.uexp" 2217
"C:/Users/r022260k/Documents/GitHub/ConCat/Content/Construction/Tech/Blueprints/GridSys/GCReferences/BP_GCFloor.uasset" 2218
"C:/Users/r022260k/Documents/GitHub/ConCat/Content/Construction/Tech/Blueprints/GridSys/GCReferences/BP_GCFloor.uexp" 2219
"C:/Users/r022260k/Documents/GitHub/ConCat/Content/Construction/Tech/Blueprints/GridSys/BP_Stable_Floor.uasset" 2220
"C:/Users/r022260k/Documents/GitHub/ConCat/Content/Construction/Tech/Blueprints/GridSys/BP_Stable_Floor.uexp" 2221
"C:/Users/r022260k/Documents/GitHub/ConCat/Content/Construction/Tech/Blueprints/GridSys/Materials/MI_Green_Int.uasset" 2222
"C:/Users/r022260k/Documents/GitHub/ConCat/Content/Construction/Tech/Blueprints/GridSys/Materials/MI_Green_Int.uexp" 2223
"C:/Users/r022260k/Documents/GitHub/ConCat/Content/Construction/Tech/Blueprints/GridSys/CP_Clickable.uasset" 2224
"C:/Users/r022260k/Documents/GitHub/ConCat/Content/Construction/Tech/Blueprints/GridSys/CP_Clickable.uexp" 2225
"C:/Users/r022260k/Documents/GitHub/ConCat/Content/Construction/Tech/Materials/SingleWallIcon.ubulk" 2226
"C:/Users/r022260k/Documents/GitHub/ConCat/Content/Construction/Tech/Materials/SingleWallIcon.uasset" 2227
"C:/Users/r022260k/Documents/GitHub/ConCat/Content/Construction/Tech/Materials/SingleWallIcon.uexp" 2228
"C:/Users/r022260k/Documents/GitHub/ConCat/Content/Construction/Tech/Blueprints/DestructibleGeometry/GeometryCollection/BuildingBlocksGC/GC_Stair_Block.uasset" 2229
"C:/Users/r022260k/Documents/GitHub/ConCat/Content/Construction/Tech/Blueprints/DestructibleGeometry/GeometryCollection/BuildingBlocksGC/GC_Stair_Block.uexp" 2230
"C:/Users/r022260k/Documents/GitHub/ConCat/Content/Construction/Tech/Blueprints/GridSys/GCReferences/BP_GCStairs.uasset" 2231
"C:/Users/r022260k/Documents/GitHub/ConCat/Content/Construction/Tech/Blueprints/GridSys/GCReferences/BP_GCStairs.uexp" 2232
"C:/Users/r022260k/Documents/GitHub/ConCat/Content/Construction/Art/Environments/ModularBlocks/Mats/Stairs_block/Stair_Block_01_-_Default_OcclusionRoughnessMetallic.ubulk" 2233
"C:/Users/r022260k/Documents/GitHub/ConCat/Content/Construction/Art/Environments/ModularBlocks/Mats/Stairs_block/Stair_Block_01_-_Default_OcclusionRoughnessMetallic.uasset" 2234
"C:/Users/r022260k/Documents/GitHub/ConCat/Content/Construction/Art/Environments/ModularBlocks/Mats/Stairs_block/Stair_Block_01_-_Default_OcclusionRoughnessMetallic.uexp" 2235
"C:/Users/r022260k/Documents/GitHub/ConCat/Content/Construction/Art/Environments/ModularBlocks/Mats/Stairs_block/Stair_Block_01_-_Default_Normal.ubulk" 2236
"C:/Users/r022260k/Documents/GitHub/ConCat/Content/Construction/Art/Environments/ModularBlocks/Mats/Stairs_block/Stair_Block_01_-_Default_Normal.uasset" 2237
"C:/Users/r022260k/Documents/GitHub/ConCat/Content/Construction/Art/Environments/ModularBlocks/Mats/Stairs_block/Stair_Block_01_-_Default_Normal.uexp" 2238
"C:/Users/r022260k/Documents/GitHub/ConCat/Content/Construction/Art/Environments/ModularBlocks/Mats/Stairs_block/Stair_Block_01_-_Default_BaseColor.ubulk" 2239
"C:/Users/r022260k/Documents/GitHub/ConCat/Content/Construction/Art/Environments/ModularBlocks/Mats/Stairs_block/Stair_Block_01_-_Default_BaseColor.uasset" 2240
"C:/Users/r022260k/Documents/GitHub/ConCat/Content/Construction/Art/Environments/ModularBlocks/Mats/Stairs_block/Stair_Block_01_-_Default_BaseColor.uexp" 2241
"C:/Users/r022260k/Documents/GitHub/ConCat/Content/Construction/Art/Environments/ModularBlocks/Mats/Stairs_block/Stairs_block.uasset" 2242
"C:/Users/r022260k/Documents/GitHub/ConCat/Content/Construction/Art/Environments/ModularBlocks/Mats/Stairs_block/Stairs_block.uexp" 2243
"C:/Users/r022260k/Documents/GitHub/ConCat/Content/Construction/Art/Environments/ModularBlocks/Meshes/Stair_Block.ubulk" 2244
"C:/Users/r022260k/Documents/GitHub/ConCat/Content/Construction/Art/Environments/ModularBlocks/Meshes/Stair_Block.uasset" 2245
"C:/Users/r022260k/Documents/GitHub/ConCat/Content/Construction/Art/Environments/ModularBlocks/Meshes/Stair_Block.uexp" 2246
"C:/Users/r022260k/Documents/GitHub/ConCat/Content/Construction/Tech/Blueprints/GridSys/BP_Stairs.uasset" 2247
"C:/Users/r022260k/Documents/GitHub/ConCat/Content/Construction/Tech/Blueprints/GridSys/BP_Stairs.uexp" 2248
"C:/Users/r022260k/Documents/GitHub/ConCat/Content/Construction/Tech/Materials/DoubleWallIcon.ubulk" 2249
"C:/Users/r022260k/Documents/GitHub/ConCat/Content/Construction/Tech/Materials/DoubleWallIcon.uasset" 2250
"C:/Users/r022260k/Documents/GitHub/ConCat/Content/Construction/Tech/Materials/DoubleWallIcon.uexp" 2251
"C:/Users/r022260k/Documents/GitHub/ConCat/Content/Construction/Tech/Materials/StairsIcon.ubulk" 2252
"C:/Users/r022260k/Documents/GitHub/ConCat/Content/Construction/Tech/Materials/StairsIcon.uasset" 2253
"C:/Users/r022260k/Documents/GitHub/ConCat/Content/Construction/Tech/Materials/StairsIcon.uexp" 2254
"C:/Users/r022260k/Documents/GitHub/ConCat/Content/Construction/Art/Environments/ModularBlocks/Mats/Hall_block/Hall_07_-_Default_OcclusionRoughnessMetallic.ubulk" 2255
"C:/Users/r022260k/Documents/GitHub/ConCat/Content/Construction/Art/Environments/ModularBlocks/Mats/Hall_block/Hall_07_-_Default_OcclusionRoughnessMetallic.uasset" 2256
"C:/Users/r022260k/Documents/GitHub/ConCat/Content/Construction/Art/Environments/ModularBlocks/Mats/Hall_block/Hall_07_-_Default_OcclusionRoughnessMetallic.uexp" 2257
"C:/Users/r022260k/Documents/GitHub/ConCat/Content/Construction/Art/Environments/ModularBlocks/Mats/Hall_block/Hall_07_-_Default_Normal.ubulk" 2258
"C:/Users/r022260k/Documents/GitHub/ConCat/Content/Construction/Art/Environments/ModularBlocks/Mats/Hall_block/Hall_07_-_Default_Normal.uasset" 2259
"C:/Users/r022260k/Documents/GitHub/ConCat/Content/Construction/Art/Environments/ModularBlocks/Mats/Hall_block/Hall_07_-_Default_Normal.uexp" 2260
"C:/Users/r022260k/Documents/GitHub/ConCat/Content/Construction/Art/Environments/ModularBlocks/Mats/Hall_block/Hall_07_-_Default_BaseColor.ubulk" 2261
"C:/Users/r022260k/Documents/GitHub/ConCat/Content/Construction/Art/Environments/ModularBlocks/Mats/Hall_block/Hall_07_-_Default_BaseColor.uasset" 2262
"C:/Users/r022260k/Documents/GitHub/ConCat/Content/Construction/Art/Environments/ModularBlocks/Mats/Hall_block/Hall_07_-_Default_BaseColor.uexp" 2263
"C:/Users/r022260k/Documents/GitHub/ConCat/Content/Construction/Art/Environments/ModularBlocks/Mats/Hall_block/Hall_block.uasset" 2264
"C:/Users/r022260k/Documents/GitHub/ConCat/Content/Construction/Art/Environments/ModularBlocks/Mats/Hall_block/Hall_block.uexp" 2265
"C:/Users/r022260k/Documents/GitHub/ConCat/Content/Construction/Art/Environments/ModularBlocks/Meshes/Hall.ubulk" 2266
"C:/Users/r022260k/Documents/GitHub/ConCat/Content/Construction/Art/Environments/ModularBlocks/Meshes/Hall.uasset" 2267
"C:/Users/r022260k/Documents/GitHub/ConCat/Content/Construction/Art/Environments/ModularBlocks/Meshes/Hall.uexp" 2268
"C:/Users/r022260k/Documents/GitHub/ConCat/Content/Construction/Tech/Blueprints/DestructibleGeometry/GeometryCollection/BuildingBlocksGC/GC_Hall.uasset" 2269
"C:/Users/r022260k/Documents/GitHub/ConCat/Content/Construction/Tech/Blueprints/DestructibleGeometry/GeometryCollection/BuildingBlocksGC/GC_Hall.uexp" 2270
"C:/Users/r022260k/Documents/GitHub/ConCat/Content/Construction/Tech/Blueprints/GridSys/GCReferences/BP_GCHall.uasset" 2271
"C:/Users/r022260k/Documents/GitHub/ConCat/Content/Construction/Tech/Blueprints/GridSys/GCReferences/BP_GCHall.uexp" 2272
"C:/Users/r022260k/Documents/GitHub/ConCat/Content/Construction/Tech/Blueprints/GridSys/BP_Hall.uasset" 2273
"C:/Users/r022260k/Documents/GitHub/ConCat/Content/Construction/Tech/Blueprints/GridSys/BP_Hall.uexp" 2274
"C:/Users/r022260k/Documents/GitHub/ConCat/Content/Construction/Tech/Materials/CornerWallIcon.ubulk" 2275
"C:/Users/r022260k/Documents/GitHub/ConCat/Content/Construction/Tech/Materials/CornerWallIcon.uasset" 2276
"C:/Users/r022260k/Documents/GitHub/ConCat/Content/Construction/Tech/Materials/CornerWallIcon.uexp" 2277
"C:/Users/r022260k/Documents/GitHub/ConCat/Content/Construction/Tech/Materials/PlatformIcon.ubulk" 2278
"C:/Users/r022260k/Documents/GitHub/ConCat/Content/Construction/Tech/Materials/PlatformIcon.uasset" 2279
"C:/Users/r022260k/Documents/GitHub/ConCat/Content/Construction/Tech/Materials/PlatformIcon.uexp" 2280
"C:/Users/r022260k/Documents/GitHub/ConCat/Content/Construction/Tech/Materials/HottestBar.uasset" 2281
"C:/Users/r022260k/Documents/GitHub/ConCat/Content/Construction/Tech/Materials/HottestBar.uexp" 2282
"C:/Users/r022260k/Documents/GitHub/ConCat/Content/Construction/Art/Environments/ModularBlocks/Mats/Stable_Wall/Stable_Wall_15_-_Default_BaseColor.ubulk" 2283
"C:/Users/r022260k/Documents/GitHub/ConCat/Content/Construction/Art/Environments/ModularBlocks/Mats/Stable_Wall/Stable_Wall_15_-_Default_BaseColor.uasset" 2284
"C:/Users/r022260k/Documents/GitHub/ConCat/Content/Construction/Art/Environments/ModularBlocks/Mats/Stable_Wall/Stable_Wall_15_-_Default_BaseColor.uexp" 2285
"C:/Users/r022260k/Documents/GitHub/ConCat/Content/Construction/Art/Environments/ModularBlocks/Mats/Stable_Wall/Stable_Wall_15_-_Default_Normal.ubulk" 2286
"C:/Users/r022260k/Documents/GitHub/ConCat/Content/Construction/Art/Environments/ModularBlocks/Mats/Stable_Wall/Stable_Wall_15_-_Default_Normal.uasset" 2287
"C:/Users/r022260k/Documents/GitHub/ConCat/Content/Construction/Art/Environments/ModularBlocks/Mats/Stable_Wall/Stable_Wall_15_-_Default_Normal.uexp" 2288
"C:/Users/r022260k/Documents/GitHub/ConCat/Content/Construction/Art/Environments/ModularBlocks/Mats/Stable_Wall/Stable_Wall_15_-_Default_OcclusionRoughnessMetallic.ubulk" 2289
"C:/Users/r022260k/Documents/GitHub/ConCat/Content/Construction/Art/Environments/ModularBlocks/Mats/Stable_Wall/Stable_Wall_15_-_Default_OcclusionRoughnessMetallic.uasset" 2290
"C:/Users/r022260k/Documents/GitHub/ConCat/Content/Construction/Art/Environments/ModularBlocks/Mats/Stable_Wall/Stable_Wall_15_-_Default_OcclusionRoughnessMetallic.uexp" 2291
"C:/Users/r022260k/Documents/GitHub/ConCat/Content/Construction/Art/Environments/ModularBlocks/Mats/Stable_Wall/Stable_Wall.uasset" 2292
"C:/Users/r022260k/Documents/GitHub/ConCat/Content/Construction/Art/Environments/ModularBlocks/Mats/Stable_Wall/Stable_Wall.uexp" 2293
"C:/Users/r022260k/Documents/GitHub/ConCat/Content/Construction/Art/Environments/ModularBlocks/Meshes/Stable_Wall.ubulk" 2294
"C:/Users/r022260k/Documents/GitHub/ConCat/Content/Construction/Art/Environments/ModularBlocks/Meshes/Stable_Wall.uasset" 2295
"C:/Users/r022260k/Documents/GitHub/ConCat/Content/Construction/Art/Environments/ModularBlocks/Meshes/Stable_Wall.uexp" 2296
"C:/Users/r022260k/Documents/GitHub/ConCat/Content/Construction/Tech/Blueprints/DestructibleGeometry/GeometryCollection/BuildingBlocksGC/GC_Stable_Wall.uasset" 2297
"C:/Users/r022260k/Documents/GitHub/ConCat/Content/Construction/Tech/Blueprints/DestructibleGeometry/GeometryCollection/BuildingBlocksGC/GC_Stable_Wall.uexp" 2298
"C:/Users/r022260k/Documents/GitHub/ConCat/Content/Construction/Tech/Blueprints/GridSys/GCReferences/BP_GCWall.uasset" 2299
"C:/Users/r022260k/Documents/GitHub/ConCat/Content/Construction/Tech/Blueprints/GridSys/GCReferences/BP_GCWall.uexp" 2300
"C:/Users/r022260k/Documents/GitHub/ConCat/Content/Construction/Tech/Blueprints/GridSys/BP_Stable_wall.uasset" 2301
"C:/Users/r022260k/Documents/GitHub/ConCat/Content/Construction/Tech/Blueprints/GridSys/BP_Stable_wall.uexp" 2302
"C:/Users/r022260k/Documents/GitHub/ConCat/Content/Construction/Art/Environments/ModularBlocks/Mats/Corner_Window_Block/Corner_Window_13_-_Default_OcclusionRoughnessMetallic.ubulk" 2303
"C:/Users/r022260k/Documents/GitHub/ConCat/Content/Construction/Art/Environments/ModularBlocks/Mats/Corner_Window_Block/Corner_Window_13_-_Default_OcclusionRoughnessMetallic.uasset" 2304
"C:/Users/r022260k/Documents/GitHub/ConCat/Content/Construction/Art/Environments/ModularBlocks/Mats/Corner_Window_Block/Corner_Window_13_-_Default_OcclusionRoughnessMetallic.uexp" 2305
"C:/Users/r022260k/Documents/GitHub/ConCat/Content/Construction/Art/Environments/ModularBlocks/Mats/Corner_Window_Block/Corner_Window_13_-_Default_BaseColor.ubulk" 2306
"C:/Users/r022260k/Documents/GitHub/ConCat/Content/Construction/Art/Environments/ModularBlocks/Mats/Corner_Window_Block/Corner_Window_13_-_Default_BaseColor.uasset" 2307
"C:/Users/r022260k/Documents/GitHub/ConCat/Content/Construction/Art/Environments/ModularBlocks/Mats/Corner_Window_Block/Corner_Window_13_-_Default_BaseColor.uexp" 2308
"C:/Users/r022260k/Documents/GitHub/ConCat/Content/Construction/Art/Environments/ModularBlocks/Mats/Corner_Window_Block/Corner_Window_13_-_Default_Normal.ubulk" 2309
"C:/Users/r022260k/Documents/GitHub/ConCat/Content/Construction/Art/Environments/ModularBlocks/Mats/Corner_Window_Block/Corner_Window_13_-_Default_Normal.uasset" 2310
"C:/Users/r022260k/Documents/GitHub/ConCat/Content/Construction/Art/Environments/ModularBlocks/Mats/Corner_Window_Block/Corner_Window_13_-_Default_Normal.uexp" 2311
"C:/Users/r022260k/Documents/GitHub/ConCat/Content/Construction/Art/Environments/ModularBlocks/Mats/Corner_Window_Block/Corner_Window_Block.uasset" 2312
"C:/Users/r022260k/Documents/GitHub/ConCat/Content/Construction/Art/Environments/ModularBlocks/Mats/Corner_Window_Block/Corner_Window_Block.uexp" 2313
"C:/Users/r022260k/Documents/GitHub/ConCat/Content/Construction/Art/Environments/ModularBlocks/Meshes/Corner_Window.ubulk" 2314
"C:/Users/r022260k/Documents/GitHub/ConCat/Content/Construction/Art/Environments/ModularBlocks/Meshes/Corner_Window.uasset" 2315
"C:/Users/r022260k/Documents/GitHub/ConCat/Content/Construction/Art/Environments/ModularBlocks/Meshes/Corner_Window.uexp" 2316
"C:/Users/r022260k/Documents/GitHub/ConCat/Content/Construction/Tech/Blueprints/GridSys/BP_Stable_Corner.uasset" 2317
"C:/Users/r022260k/Documents/GitHub/ConCat/Content/Construction/Tech/Blueprints/GridSys/BP_Stable_Corner.uexp" 2318
"../../../Engine/Content/VREditor/Sounds/UI/Click_on_Button.ubulk" 2319
"../../../Engine/Content/VREditor/Sounds/UI/Click_on_Button.uasset" 2320
"../../../Engine/Content/VREditor/Sounds/UI/Click_on_Button.uexp" 2321
"../../../Engine/Content/VREditor/Sounds/UI/Click_on_Button_Cue.uasset" 2322
"../../../Engine/Content/VREditor/Sounds/UI/Click_on_Button_Cue.uexp" 2323
"C:/Users/r022260k/Documents/GitHub/ConCat/Content/Construction/Tech/Blueprints/UI/W_BuildTypes.uasset" 2324
"C:/Users/r022260k/Documents/GitHub/ConCat/Content/Construction/Tech/Blueprints/UI/W_BuildTypes.uexp" 2325
"C:/Users/r022260k/Documents/GitHub/ConCat/Content/Construction/Tech/Blueprints/Characters/BuildPhase-Characters/Custom_Controller.uasset" 2326
"C:/Users/r022260k/Documents/GitHub/ConCat/Content/Construction/Tech/Blueprints/Characters/BuildPhase-Characters/Custom_Controller.uexp" 2327
"C:/Users/r022260k/Documents/GitHub/ConCat/Content/Construction/Tech/Blueprints/UI/W_PauseAudioSettings.uasset" 2328
"C:/Users/r022260k/Documents/GitHub/ConCat/Content/Construction/Tech/Blueprints/UI/W_PauseAudioSettings.uexp" 2329
"C:/Users/r022260k/Documents/GitHub/ConCat/Content/Construction/Tech/Blueprints/UI/W_PauseMenu.uasset" 2330
"C:/Users/r022260k/Documents/GitHub/ConCat/Content/Construction/Tech/Blueprints/UI/W_PauseMenu.uexp" 2331
"C:/Users/r022260k/Documents/GitHub/ConCat/Content/Construction/Tech/Blueprints/Data-Storage/E_GameState.uasset" 2332
"C:/Users/r022260k/Documents/GitHub/ConCat/Content/Construction/Tech/Blueprints/Data-Storage/E_GameState.uexp" 2333
"C:/Users/r022260k/Documents/GitHub/ConCat/Content/Construction/Tech/Blueprints/UI/W_BuildTutorial.uasset" 2334
"C:/Users/r022260k/Documents/GitHub/ConCat/Content/Construction/Tech/Blueprints/UI/W_BuildTutorial.uexp" 2335
"C:/Users/r022260k/Documents/GitHub/ConCat/Content/Construction/Tech/Blueprints/UI/HUD_Main_BuildPhase.uasset" 2336
"C:/Users/r022260k/Documents/GitHub/ConCat/Content/Construction/Tech/Blueprints/UI/HUD_Main_BuildPhase.uexp" 2337
"C:/Users/r022260k/Documents/GitHub/ConCat/Content/Construction/Tech/Blueprints/Gamemodes/BP_BuildManager.uasset" 2338
"C:/Users/r022260k/Documents/GitHub/ConCat/Content/Construction/Tech/Blueprints/Gamemodes/BP_BuildManager.uexp" 2339
"C:/Users/r022260k/Documents/GitHub/ConCat/Content/Construction/Tech/Blueprints/Disasters/Earthquake/BP_EarthquakeV2.uasset" 2340
"C:/Users/r022260k/Documents/GitHub/ConCat/Content/Construction/Tech/Blueprints/Disasters/Earthquake/BP_EarthquakeV2.uexp" 2341
"C:/Users/r022260k/Documents/GitHub/ConCat/Content/Construction/Tech/Blueprints/SpawnSys/BP_SpawnPoint.uasset" 2342
"C:/Users/r022260k/Documents/GitHub/ConCat/Content/Construction/Tech/Blueprints/SpawnSys/BP_SpawnPoint.uexp" 2343
"C:/Users/r022260k/Documents/GitHub/ConCat/Content/Construction/Art/Characters/Female_1/Mats/Female-Hat-Skin-Insts/Hat1-Skin-Vars/Female_1_Head_M_Hat1-SK4.uasset" 2344
"C:/Users/r022260k/Documents/GitHub/ConCat/Content/Construction/Art/Characters/Female_1/Mats/Female-Hat-Skin-Insts/Hat1-Skin-Vars/Female_1_Head_M_Hat1-SK4.uexp" 2345
"C:/Users/r022260k/Documents/GitHub/ConCat/Content/Construction/Art/Characters/Female_1/Mats/Female-Hat-Skin-Insts/Hat1-Skin-Vars/Female_1_Head_M_Hat1-SK1.uasset" 2346
"C:/Users/r022260k/Documents/GitHub/ConCat/Content/Construction/Art/Characters/Female_1/Mats/Female-Hat-Skin-Insts/Hat1-Skin-Vars/Female_1_Head_M_Hat1-SK1.uexp" 2347
"C:/Users/r022260k/Documents/GitHub/ConCat/Content/Construction/Art/Characters/Female_1/Mats/Female-Hat-Skin-Insts/Hat3-Skin-Vars/Female_1_Head_M_Hat3-SK2.uasset" 2348
"C:/Users/r022260k/Documents/GitHub/ConCat/Content/Construction/Art/Characters/Female_1/Mats/Female-Hat-Skin-Insts/Hat3-Skin-Vars/Female_1_Head_M_Hat3-SK2.uexp" 2349
"C:/Users/r022260k/Documents/GitHub/ConCat/Content/Construction/Art/Characters/Female_1/Mats/Female-Hat-Skin-Insts/Hat3-Skin-Vars/Female_1_Head_M_Hat3-SK3.uasset" 2350
"C:/Users/r022260k/Documents/GitHub/ConCat/Content/Construction/Art/Characters/Female_1/Mats/Female-Hat-Skin-Insts/Hat3-Skin-Vars/Female_1_Head_M_Hat3-SK3.uexp" 2351
"C:/Users/r022260k/Documents/GitHub/ConCat/Content/Construction/Art/Characters/Female_1/Mats/Female-Hat-Skin-Insts/Hat4-Skin-Vars/Female_1_Head_M_Hat4-SK5.uasset" 2352
"C:/Users/r022260k/Documents/GitHub/ConCat/Content/Construction/Art/Characters/Female_1/Mats/Female-Hat-Skin-Insts/Hat4-Skin-Vars/Female_1_Head_M_Hat4-SK5.uexp" 2353
"C:/Users/r022260k/Documents/GitHub/ConCat/Content/Construction/Art/Characters/Male_1/Mats/Male-SkinMatInstances/Male_1_Body_M_Inst5.uasset" 2354
"C:/Users/r022260k/Documents/GitHub/ConCat/Content/Construction/Art/Characters/Male_1/Mats/Male-SkinMatInstances/Male_1_Body_M_Inst5.uexp" 2355
"C:/Users/r022260k/Documents/GitHub/ConCat/Content/Construction/Art/Characters/Male_1/Mats/Male-HatMatInstances/Hat2-Vars/Male_1_Head_M_Hat2-SK3.uasset" 2356
"C:/Users/r022260k/Documents/GitHub/ConCat/Content/Construction/Art/Characters/Male_1/Mats/Male-HatMatInstances/Hat2-Vars/Male_1_Head_M_Hat2-SK3.uexp" 2357
"C:/Users/r022260k/Documents/GitHub/ConCat/Content/Construction/Art/Characters/Female_1/Mats/Female-Hat-Skin-Insts/Hat1-Skin-Vars/Female_1_Head_M_Hat1-SK2.uasset" 2358
"C:/Users/r022260k/Documents/GitHub/ConCat/Content/Construction/Art/Characters/Female_1/Mats/Female-Hat-Skin-Insts/Hat1-Skin-Vars/Female_1_Head_M_Hat1-SK2.uexp" 2359
"C:/Users/r022260k/Documents/GitHub/ConCat/Content/Construction/Art/Characters/Male_1/Mats/Male-HatMatInstances/Hat4-Vars/Male_1_Head_M_Hat4-SK4.uasset" 2360
"C:/Users/r022260k/Documents/GitHub/ConCat/Content/Construction/Art/Characters/Male_1/Mats/Male-HatMatInstances/Hat4-Vars/Male_1_Head_M_Hat4-SK4.uexp" 2361
"C:/Users/r022260k/Documents/GitHub/ConCat/Content/Construction/Art/Characters/Female_1/Mats/Female-Hat-Skin-Insts/Hat4-Skin-Vars/Female_1_Head_M_Hat4-SK3.uasset" 2362
"C:/Users/r022260k/Documents/GitHub/ConCat/Content/Construction/Art/Characters/Female_1/Mats/Female-Hat-Skin-Insts/Hat4-Skin-Vars/Female_1_Head_M_Hat4-SK3.uexp" 2363
"C:/Users/r022260k/Documents/GitHub/ConCat/Content/Construction/Art/Characters/Female_1/Mats/Female-Hat-Skin-Insts/Hat5-Skin-Vars/Female_1_Head_M_Hat5-SK4.uasset" 2364
"C:/Users/r022260k/Documents/GitHub/ConCat/Content/Construction/Art/Characters/Female_1/Mats/Female-Hat-Skin-Insts/Hat5-Skin-Vars/Female_1_Head_M_Hat5-SK4.uexp" 2365
"C:/Users/r022260k/Documents/GitHub/ConCat/Content/Construction/Art/Characters/Male_1/Mats/Male-SkinMatInstances/Male_1_Body_M_Inst3.uasset" 2366
"C:/Users/r022260k/Documents/GitHub/ConCat/Content/Construction/Art/Characters/Male_1/Mats/Male-SkinMatInstances/Male_1_Body_M_Inst3.uexp" 2367
"C:/Users/r022260k/Documents/GitHub/ConCat/Content/Construction/Art/Characters/Female_1/Mats/Textures/Female1_Character2_Normal.ubulk" 2368
"C:/Users/r022260k/Documents/GitHub/ConCat/Content/Construction/Art/Characters/Female_1/Mats/Textures/Female1_Character2_Normal.uasset" 2369
"C:/Users/r022260k/Documents/GitHub/ConCat/Content/Construction/Art/Characters/Female_1/Mats/Textures/Female1_Character2_Normal.uexp" 2370
"C:/Users/r022260k/Documents/GitHub/ConCat/Content/Construction/Art/Characters/Female_1/Mats/Textures/Female1_Character2_OcclusionRoughnessMetallic.ubulk" 2371
"C:/Users/r022260k/Documents/GitHub/ConCat/Content/Construction/Art/Characters/Female_1/Mats/Textures/Female1_Character2_OcclusionRoughnessMetallic.uasset" 2372
"C:/Users/r022260k/Documents/GitHub/ConCat/Content/Construction/Art/Characters/Female_1/Mats/Textures/Female1_Character2_OcclusionRoughnessMetallic.uexp" 2373
"C:/Users/r022260k/Documents/GitHub/ConCat/Content/Construction/Art/Characters/Female_1/Mats/Textures/Female1_Character2_BaseColor.ubulk" 2374
"C:/Users/r022260k/Documents/GitHub/ConCat/Content/Construction/Art/Characters/Female_1/Mats/Textures/Female1_Character2_BaseColor.uasset" 2375
"C:/Users/r022260k/Documents/GitHub/ConCat/Content/Construction/Art/Characters/Female_1/Mats/Textures/Female1_Character2_BaseColor.uexp" 2376
"C:/Users/r022260k/Documents/GitHub/ConCat/Content/Construction/Art/Characters/Female_1/Mats/Textures/Female1_LegMask.ubulk" 2377
"C:/Users/r022260k/Documents/GitHub/ConCat/Content/Construction/Art/Characters/Female_1/Mats/Textures/Female1_LegMask.uasset" 2378
"C:/Users/r022260k/Documents/GitHub/ConCat/Content/Construction/Art/Characters/Female_1/Mats/Textures/Female1_LegMask.uexp" 2379
"C:/Users/r022260k/Documents/GitHub/ConCat/Content/Construction/Art/Characters/Female_1/Mats/Female_1_Legs_M.uasset" 2380
"C:/Users/r022260k/Documents/GitHub/ConCat/Content/Construction/Art/Characters/Female_1/Mats/Female_1_Legs_M.uexp" 2381
"C:/Users/r022260k/Documents/GitHub/ConCat/Content/Construction/Art/Characters/Female_1/Mats/Female-Legs-Skin-Insts/Female_1_Legs_M_Inst5.uasset" 2382
"C:/Users/r022260k/Documents/GitHub/ConCat/Content/Construction/Art/Characters/Female_1/Mats/Female-Legs-Skin-Insts/Female_1_Legs_M_Inst5.uexp" 2383
"C:/Users/r022260k/Documents/GitHub/ConCat/Content/Construction/Art/Characters/Male_1/Mats/Male-HatMatInstances/Hat5-Vars/Male_1_Head_M_Hat5-SK5.uasset" 2384
"C:/Users/r022260k/Documents/GitHub/ConCat/Content/Construction/Art/Characters/Male_1/Mats/Male-HatMatInstances/Hat5-Vars/Male_1_Head_M_Hat5-SK5.uexp" 2385
"C:/Users/r022260k/Documents/GitHub/ConCat/Content/Construction/Art/Characters/Male_1/Mats/Male-HatMatInstances/Hat3-Vars/Male_1_Head_M_Hat3-SK1.uasset" 2386
"C:/Users/r022260k/Documents/GitHub/ConCat/Content/Construction/Art/Characters/Male_1/Mats/Male-HatMatInstances/Hat3-Vars/Male_1_Head_M_Hat3-SK1.uexp" 2387
"C:/Users/r022260k/Documents/GitHub/ConCat/Content/Construction/Art/Characters/Female_1/Mats/Female-Hat-Skin-Insts/Hat2-Skin-Vars/Female_1_Head_M_Hat2-SK2.uasset" 2388
"C:/Users/r022260k/Documents/GitHub/ConCat/Content/Construction/Art/Characters/Female_1/Mats/Female-Hat-Skin-Insts/Hat2-Skin-Vars/Female_1_Head_M_Hat2-SK2.uexp" 2389
"C:/Users/r022260k/Documents/GitHub/ConCat/Content/Construction/Art/Characters/Male_1/Mats/Male-HatMatInstances/Hat2-Vars/Male_1_Head_M_Hat2-SK4.uasset" 2390
"C:/Users/r022260k/Documents/GitHub/ConCat/Content/Construction/Art/Characters/Male_1/Mats/Male-HatMatInstances/Hat2-Vars/Male_1_Head_M_Hat2-SK4.uexp" 2391
"C:/Users/r022260k/Documents/GitHub/ConCat/Content/Construction/Art/Characters/Male_1/Mats/Male-HatMatInstances/Hat4-Vars/Male_1_Head_M_Hat4-SK3.uasset" 2392
"C:/Users/r022260k/Documents/GitHub/ConCat/Content/Construction/Art/Characters/Male_1/Mats/Male-HatMatInstances/Hat4-Vars/Male_1_Head_M_Hat4-SK3.uexp" 2393
"C:/Users/r022260k/Documents/GitHub/ConCat/Content/Construction/Art/Characters/Female_1/Mats/Female-Hat-Skin-Insts/Hat3-Skin-Vars/Female_1_Head_M_Hat3-SK4.uasset" 2394
"C:/Users/r022260k/Documents/GitHub/ConCat/Content/Construction/Art/Characters/Female_1/Mats/Female-Hat-Skin-Insts/Hat3-Skin-Vars/Female_1_Head_M_Hat3-SK4.uexp" 2395
"C:/Users/r022260k/Documents/GitHub/ConCat/Content/Construction/Art/Characters/Female_1/Mats/Female-Hat-Skin-Insts/Hat2-Skin-Vars/Female_1_Head_M_Hat2-SK5.uasset" 2396
"C:/Users/r022260k/Documents/GitHub/ConCat/Content/Construction/Art/Characters/Female_1/Mats/Female-Hat-Skin-Insts/Hat2-Skin-Vars/Female_1_Head_M_Hat2-SK5.uexp" 2397
"../../../Engine/Content/BasicShapes/Sphere.ubulk" 2398
"../../../Engine/Content/BasicShapes/Sphere.uasset" 2399
"../../../Engine/Content/BasicShapes/Sphere.uexp" 2400
"C:/Users/r022260k/Documents/GitHub/ConCat/Content/Construction/Tech/Blueprints/Disasters/Hurricane/BP/BP_Wind_Collision.uasset" 2401
"C:/Users/r022260k/Documents/GitHub/ConCat/Content/Construction/Tech/Blueprints/Disasters/Hurricane/BP/BP_Wind_Collision.uexp" 2402
"C:/Users/r022260k/Documents/GitHub/ConCat/Content/Construction/Tech/Blueprints/Disasters/Hurricane/BP/BP_Cow_Hurricane.uasset" 2403
"C:/Users/r022260k/Documents/GitHub/ConCat/Content/Construction/Tech/Blueprints/Disasters/Hurricane/BP/BP_Cow_Hurricane.uexp" 2404
"C:/Users/r022260k/Documents/GitHub/ConCat/Content/Construction/Tech/Blueprints/Disasters/Hurricane/Cloud_Textures_And_Materials/Textures/T_Smoke_SubUV.ubulk" 2405
"C:/Users/r022260k/Documents/GitHub/ConCat/Content/Construction/Tech/Blueprints/Disasters/Hurricane/Cloud_Textures_And_Materials/Textures/T_Smoke_SubUV.uasset" 2406
"C:/Users/r022260k/Documents/GitHub/ConCat/Content/Construction/Tech/Blueprints/Disasters/Hurricane/Cloud_Textures_And_Materials/Textures/T_Smoke_SubUV.uexp" 2407
"C:/Users/r022260k/Documents/GitHub/ConCat/Content/Construction/Tech/Blueprints/Disasters/Hurricane/Cloud_Textures_And_Materials/Textures/T_Smoke_Tiled_D.ubulk" 2408
"C:/Users/r022260k/Documents/GitHub/ConCat/Content/Construction/Tech/Blueprints/Disasters/Hurricane/Cloud_Textures_And_Materials/Textures/T_Smoke_Tiled_D.uasset" 2409
"C:/Users/r022260k/Documents/GitHub/ConCat/Content/Construction/Tech/Blueprints/Disasters/Hurricane/Cloud_Textures_And_Materials/Textures/T_Smoke_Tiled_D.uexp" 2410
"C:/Users/r022260k/Documents/GitHub/ConCat/Content/Construction/Tech/Blueprints/Disasters/Hurricane/Cloud_Textures_And_Materials/Materials/M_smoke_subUV.uasset" 2411
"C:/Users/r022260k/Documents/GitHub/ConCat/Content/Construction/Tech/Blueprints/Disasters/Hurricane/Cloud_Textures_And_Materials/Materials/M_smoke_subUV.uexp" 2412
"../../../Engine/Plugins/FX/Niagara/Content/Enums/ENiagaraCollisionRadiusOptions.uasset" 2413
"../../../Engine/Plugins/FX/Niagara/Content/Enums/ENiagaraCollisionRadiusOptions.uexp" 2414
"../../../Engine/Plugins/FX/Niagara/Content/DefaultAssets/DefaultSpriteMaterial.uasset" 2415
"../../../Engine/Plugins/FX/Niagara/Content/DefaultAssets/DefaultSpriteMaterial.uexp" 2416
"../../../Engine/Plugins/FX/Niagara/Content/Modules/Update/Forces/GravityForce.uasset" 2417
"../../../Engine/Plugins/FX/Niagara/Content/Modules/Update/Forces/GravityForce.uexp" 2418
"../../../Engine/Plugins/FX/Niagara/Content/Functions/FindAngleBetweenVectors.uasset" 2419
"../../../Engine/Plugins/FX/Niagara/Content/Functions/FindAngleBetweenVectors.uexp" 2420
"../../../Engine/Plugins/FX/Niagara/Content/Functions/V2/ConeMask.uasset" 2421
"../../../Engine/Plugins/FX/Niagara/Content/Functions/V2/ConeMask.uexp" 2422
"../../../Engine/Plugins/FX/Niagara/Content/VectorFields/Assets/TilingCurl32.uasset" 2423
"../../../Engine/Plugins/FX/Niagara/Content/VectorFields/Assets/TilingCurl32.uexp" 2424
"../../../Engine/Plugins/FX/Niagara/Content/Enums/ENiagaraCurlNoiseQuality.uasset" 2425
"../../../Engine/Plugins/FX/Niagara/Content/Enums/ENiagaraCurlNoiseQuality.uexp" 2426
"../../../Engine/Plugins/FX/Niagara/Content/VectorFields/Assets/TilingCurl64.uasset" 2427
"../../../Engine/Plugins/FX/Niagara/Content/VectorFields/Assets/TilingCurl64.uexp" 2428
"../../../Engine/Plugins/FX/Niagara/Content/VectorFields/Assets/TilingCurl16.uasset" 2429
"../../../Engine/Plugins/FX/Niagara/Content/VectorFields/Assets/TilingCurl16.uexp" 2430
"../../../Engine/Plugins/FX/Niagara/Content/Modules/Update/Forces/V2/CurlNoiseForce.uasset" 2431
"../../../Engine/Plugins/FX/Niagara/Content/Modules/Update/Forces/V2/CurlNoiseForce.uexp" 2432
"../../../Engine/Plugins/FX/Niagara/Content/Enums/ENiagaraFrictionMergeType.uasset" 2433
"../../../Engine/Plugins/FX/Niagara/Content/Enums/ENiagaraFrictionMergeType.uexp" 2434
"../../../Engine/Plugins/FX/Niagara/Content/Enums/ENiagara_GPUCollisionType.uasset" 2435
"../../../Engine/Plugins/FX/Niagara/Content/Enums/ENiagara_GPUCollisionType.uexp" 2436
"../../../Engine/Plugins/FX/Niagara/Content/Functions/ReflectVector.uasset" 2437
"../../../Engine/Plugins/FX/Niagara/Content/Functions/ReflectVector.uexp" 2438
"../../../Engine/Plugins/FX/Niagara/Content/DefaultAssets/Structs/CollisionEvent.uasset" 2439
"../../../Engine/Plugins/FX/Niagara/Content/DefaultAssets/Structs/CollisionEvent.uexp" 2440
"../../../Engine/Plugins/FX/Niagara/Content/Functions/Collision/RandomizeCollisionNormals.uasset" 2441
"../../../Engine/Plugins/FX/Niagara/Content/Functions/Collision/RandomizeCollisionNormals.uexp" 2442
"../../../Engine/Plugins/FX/Niagara/Content/Modules/Events/ReceiveCollisionEvent.uasset" 2443
"../../../Engine/Plugins/FX/Niagara/Content/Modules/Events/ReceiveCollisionEvent.uexp" 2444
"../../../Engine/Plugins/FX/Niagara/Content/Functions/Helpers/SetBoolByTimer.uasset" 2445
"../../../Engine/Plugins/FX/Niagara/Content/Functions/Helpers/SetBoolByTimer.uexp" 2446
"../../../Engine/Plugins/FX/Niagara/Content/Modules/Events/GenerateCollisionEvent.uasset" 2447
"../../../Engine/Plugins/FX/Niagara/Content/Modules/Events/GenerateCollisionEvent.uexp" 2448
"../../../Engine/Plugins/FX/Niagara/Content/Enums/ENiagaraCalculateRadiusOptions.uasset" 2449
"../../../Engine/Plugins/FX/Niagara/Content/Enums/ENiagaraCalculateRadiusOptions.uexp" 2450
"../../../Engine/Plugins/FX/Niagara/Content/Modules/Update/Lifetime/KillParticles.uasset" 2451
"../../../Engine/Plugins/FX/Niagara/Content/Modules/Update/Lifetime/KillParticles.uexp" 2452
"../../../Engine/Plugins/FX/Niagara/Content/Enums/ENiagara_CPUCollisionType.uasset" 2453
"../../../Engine/Plugins/FX/Niagara/Content/Enums/ENiagara_CPUCollisionType.uexp" 2454
"../../../Engine/Plugins/FX/Niagara/Content/Enums/ENiagaraRestitutionMergeType.uasset" 2455
"../../../Engine/Plugins/FX/Niagara/Content/Enums/ENiagaraRestitutionMergeType.uexp" 2456
"../../../Engine/Plugins/FX/Niagara/Content/Functions/ProjectVectorOnPlane.uasset" 2457
"../../../Engine/Plugins/FX/Niagara/Content/Functions/ProjectVectorOnPlane.uexp" 2458
"../../../Engine/Plugins/FX/Niagara/Content/Functions/CalculateRadiusFromSpriteSize.uasset" 2459
"../../../Engine/Plugins/FX/Niagara/Content/Functions/CalculateRadiusFromSpriteSize.uexp" 2460
"../../../Engine/Plugins/FX/Niagara/Content/Enums/ENiagara_Float4Channel.uasset" 2461
"../../../Engine/Plugins/FX/Niagara/Content/Enums/ENiagara_Float4Channel.uexp" 2462
"../../../Engine/Plugins/FX/Niagara/Content/Functions/Textures/CalculateA_VolumeTexturesDistanceFieldGradient.uasset" 2463
"../../../Engine/Plugins/FX/Niagara/Content/Functions/Textures/CalculateA_VolumeTexturesDistanceFieldGradient.uexp" 2464
"../../../Engine/Plugins/FX/Niagara/Content/Modules/Collision/NiagaraDistanceFieldCollisions.uasset" 2465
"../../../Engine/Plugins/FX/Niagara/Content/Modules/Collision/NiagaraDistanceFieldCollisions.uexp" 2466
"../../../Engine/Plugins/FX/Niagara/Content/Modules/Collision/SceneDepthTest.uasset" 2467
"../../../Engine/Plugins/FX/Niagara/Content/Modules/Collision/SceneDepthTest.uexp" 2468
"../../../Engine/Plugins/FX/Niagara/Content/Functions/Collision/PlaneSphereCollisionDetection.uasset" 2469
"../../../Engine/Plugins/FX/Niagara/Content/Functions/Collision/PlaneSphereCollisionDetection.uexp" 2470
"../../../Engine/Plugins/FX/Niagara/Content/Functions/Math/CentimeterMeterConversion.uasset" 2471
"../../../Engine/Plugins/FX/Niagara/Content/Functions/Math/CentimeterMeterConversion.uexp" 2472
"../../../Engine/Plugins/FX/Niagara/Content/Modules/Collision/CollisionQueryAndResponse.uasset" 2473
"../../../Engine/Plugins/FX/Niagara/Content/Modules/Collision/CollisionQueryAndResponse.uexp" 2474
"../../../Engine/Plugins/FX/Niagara/Content/Functions/Helpers/DoOnce_fn.uasset" 2475
"../../../Engine/Plugins/FX/Niagara/Content/Functions/Helpers/DoOnce_fn.uexp" 2476
"../../../Engine/Plugins/FX/Niagara/Content/Functions/CalculateMeshRadius.uasset" 2477
"../../../Engine/Plugins/FX/Niagara/Content/Functions/CalculateMeshRadius.uexp" 2478
"../../../Engine/Plugins/FX/Niagara/Content/Modules/Collision/Collision.uasset" 2479
"../../../Engine/Plugins/FX/Niagara/Content/Modules/Collision/Collision.uexp" 2480
"C:/Users/r022260k/Documents/GitHub/ConCat/Content/Construction/Tech/Blueprints/Disasters/Hurricane/FX/FX_Rain.uasset" 2481
"C:/Users/r022260k/Documents/GitHub/ConCat/Content/Construction/Tech/Blueprints/Disasters/Hurricane/FX/FX_Rain.uexp" 2482
"../../../Engine/Plugins/FX/Niagara/Content/DynamicInputs/UniformRange/V2/RandomRangeVector.uasset" 2483
"../../../Engine/Plugins/FX/Niagara/Content/DynamicInputs/UniformRange/V2/RandomRangeVector.uexp" 2484
"C:/Users/r022260k/Documents/GitHub/ConCat/Content/Construction/Tech/Blueprints/Disasters/Hurricane/FX/FX_Cloud.uasset" 2485
"C:/Users/r022260k/Documents/GitHub/ConCat/Content/Construction/Tech/Blueprints/Disasters/Hurricane/FX/FX_Cloud.uexp" 2486
"C:/Users/r022260k/Documents/GitHub/ConCat/Content/Construction/Tech/Blueprints/Disasters/Hurricane/BP/BP_Cloud.uasset" 2487
"C:/Users/r022260k/Documents/GitHub/ConCat/Content/Construction/Tech/Blueprints/Disasters/Hurricane/BP/BP_Cloud.uexp" 2488
"../../../Engine/Plugins/FX/Niagara/Content/Enums/ENiagaraMeshTransforms.uasset" 2489
"../../../Engine/Plugins/FX/Niagara/Content/Enums/ENiagaraMeshTransforms.uexp" 2490
"C:/Users/r022260k/Documents/GitHub/ConCat/Content/Construction/Tech/Blueprints/Disasters/Hurricane/Leaf_2D/Leaf_Normal/T_Leaf2.uasset" 2491
"C:/Users/r022260k/Documents/GitHub/ConCat/Content/Construction/Tech/Blueprints/Disasters/Hurricane/Leaf_2D/Leaf_Normal/T_Leaf2.uexp" 2492
"C:/Users/r022260k/Documents/GitHub/ConCat/Content/Construction/Tech/Blueprints/Disasters/Hurricane/Leaf_2D/Leaf_Normal/M_Leaf2.uasset" 2493
"C:/Users/r022260k/Documents/GitHub/ConCat/Content/Construction/Tech/Blueprints/Disasters/Hurricane/Leaf_2D/Leaf_Normal/M_Leaf2.uexp" 2494
"C:/Users/r022260k/Documents/GitHub/ConCat/Content/Construction/Tech/Blueprints/Disasters/Hurricane/Leaf_2D/Leaf_Normal/T_Leaf1.uasset" 2495
"C:/Users/r022260k/Documents/GitHub/ConCat/Content/Construction/Tech/Blueprints/Disasters/Hurricane/Leaf_2D/Leaf_Normal/T_Leaf1.uexp" 2496
"C:/Users/r022260k/Documents/GitHub/ConCat/Content/Construction/Tech/Blueprints/Disasters/Hurricane/Leaf_2D/Leaf_Normal/M_Leaf1.uasset" 2497
"C:/Users/r022260k/Documents/GitHub/ConCat/Content/Construction/Tech/Blueprints/Disasters/Hurricane/Leaf_2D/Leaf_Normal/M_Leaf1.uexp" 2498
"../../../Engine/Plugins/FX/Niagara/Content/Modules/Update/Forces/WindForce.uasset" 2499
"../../../Engine/Plugins/FX/Niagara/Content/Modules/Update/Forces/WindForce.uexp" 2500
"../../../Engine/Plugins/FX/Niagara/Content/Modules/Collision/AddRotationalVelocity.uasset" 2501
"../../../Engine/Plugins/FX/Niagara/Content/Modules/Collision/AddRotationalVelocity.uexp" 2502
"C:/Users/r022260k/Documents/GitHub/ConCat/Content/Construction/Tech/Blueprints/Disasters/Hurricane/FX/FX_Leaf_Wind.uasset" 2503
"C:/Users/r022260k/Documents/GitHub/ConCat/Content/Construction/Tech/Blueprints/Disasters/Hurricane/FX/FX_Leaf_Wind.uexp" 2504
"C:/Users/r022260k/Documents/GitHub/ConCat/Content/Construction/Tech/Blueprints/Disasters/Hurricane/BP_Leaf_And_Wind/BP_Wind_Effect_With_Normal_Leaves.uasset" 2505
"C:/Users/r022260k/Documents/GitHub/ConCat/Content/Construction/Tech/Blueprints/Disasters/Hurricane/BP_Leaf_And_Wind/BP_Wind_Effect_With_Normal_Leaves.uexp" 2506
"C:/Users/r022260k/Documents/GitHub/ConCat/Content/Construction/Tech/Blueprints/Disasters/Hurricane/Leaf_2D/Sakura_Leaf/T_Sakura1.uasset" 2507
"C:/Users/r022260k/Documents/GitHub/ConCat/Content/Construction/Tech/Blueprints/Disasters/Hurricane/Leaf_2D/Sakura_Leaf/T_Sakura1.uexp" 2508
"C:/Users/r022260k/Documents/GitHub/ConCat/Content/Construction/Tech/Blueprints/Disasters/Hurricane/Leaf_2D/Sakura_Leaf/M_Sakura1.uasset" 2509
"C:/Users/r022260k/Documents/GitHub/ConCat/Content/Construction/Tech/Blueprints/Disasters/Hurricane/Leaf_2D/Sakura_Leaf/M_Sakura1.uexp" 2510
"C:/Users/r022260k/Documents/GitHub/ConCat/Content/Construction/Tech/Blueprints/Disasters/Hurricane/FX/FX_Sakura_Leaf_Wind.uasset" 2511
"C:/Users/r022260k/Documents/GitHub/ConCat/Content/Construction/Tech/Blueprints/Disasters/Hurricane/FX/FX_Sakura_Leaf_Wind.uexp" 2512
"C:/Users/r022260k/Documents/GitHub/ConCat/Content/Construction/Tech/Blueprints/Disasters/Hurricane/BP_Leaf_And_Wind/BP_Wind_Effect_With_Sakura_Leaves.uasset" 2513
"C:/Users/r022260k/Documents/GitHub/ConCat/Content/Construction/Tech/Blueprints/Disasters/Hurricane/BP_Leaf_And_Wind/BP_Wind_Effect_With_Sakura_Leaves.uexp" 2514
"C:/Users/r022260k/Documents/GitHub/ConCat/Content/Construction/Tech/Blueprints/Disasters/Hurricane/BP/BP_Hurricane_Spawn.uasset" 2515
"C:/Users/r022260k/Documents/GitHub/ConCat/Content/Construction/Tech/Blueprints/Disasters/Hurricane/BP/BP_Hurricane_Spawn.uexp" 2516
"C:/Users/r022260k/Documents/GitHub/ConCat/Content/Construction/Art/Characters/Female_1/Mats/Female-Hands-Skin-Insts/Female_1_Hands_M_Inst5.uasset" 2517
"C:/Users/r022260k/Documents/GitHub/ConCat/Content/Construction/Art/Characters/Female_1/Mats/Female-Hands-Skin-Insts/Female_1_Hands_M_Inst5.uexp" 2518
"C:/Users/r022260k/Documents/GitHub/ConCat/Content/Construction/Art/Characters/Female_1/Mats/Female-Hat-Skin-Insts/Hat3-Skin-Vars/Female_1_Head_M_Hat3-SK5.uasset" 2519
"C:/Users/r022260k/Documents/GitHub/ConCat/Content/Construction/Art/Characters/Female_1/Mats/Female-Hat-Skin-Insts/Hat3-Skin-Vars/Female_1_Head_M_Hat3-SK5.uexp" 2520
"C:/Users/r022260k/Documents/GitHub/ConCat/Content/Construction/Art/Characters/Female_1/Mats/Female-Hat-Skin-Insts/Hat4-Skin-Vars/Female_1_Head_M_Hat4-SK4.uasset" 2521
"C:/Users/r022260k/Documents/GitHub/ConCat/Content/Construction/Art/Characters/Female_1/Mats/Female-Hat-Skin-Insts/Hat4-Skin-Vars/Female_1_Head_M_Hat4-SK4.uexp" 2522
"C:/Users/r022260k/Documents/GitHub/ConCat/Content/Construction/Art/Characters/Female_1/Mats/Female-Legs-Skin-Insts/Female_1_Legs_M_Inst3.uasset" 2523
"C:/Users/r022260k/Documents/GitHub/ConCat/Content/Construction/Art/Characters/Female_1/Mats/Female-Legs-Skin-Insts/Female_1_Legs_M_Inst3.uexp" 2524
"C:/Users/r022260k/Documents/GitHub/ConCat/Content/Construction/Art/Characters/Male_1/Mats/Male-HatMatInstances/Hat4-Vars/Male_1_Head_M_Hat4-SK5.uasset" 2525
"C:/Users/r022260k/Documents/GitHub/ConCat/Content/Construction/Art/Characters/Male_1/Mats/Male-HatMatInstances/Hat4-Vars/Male_1_Head_M_Hat4-SK5.uexp" 2526
"C:/Users/r022260k/Documents/GitHub/ConCat/Content/Construction/Art/Characters/Female_1/Mesh/Female1Rigged_PhysicsAsset.uasset" 2527
"C:/Users/r022260k/Documents/GitHub/ConCat/Content/Construction/Art/Characters/Female_1/Mesh/Female1Rigged_PhysicsAsset.uexp" 2528
"C:/Users/r022260k/Documents/GitHub/ConCat/Content/Construction/Art/Characters/Female_1/Mats/Textures/Female1_Character1_BaseColor.ubulk" 2529
"C:/Users/r022260k/Documents/GitHub/ConCat/Content/Construction/Art/Characters/Female_1/Mats/Textures/Female1_Character1_BaseColor.uasset" 2530
"C:/Users/r022260k/Documents/GitHub/ConCat/Content/Construction/Art/Characters/Female_1/Mats/Textures/Female1_Character1_BaseColor.uexp" 2531
"C:/Users/r022260k/Documents/GitHub/ConCat/Content/Construction/Art/Characters/Female_1/Mats/Textures/Female1_Character1_Normal.ubulk" 2532
"C:/Users/r022260k/Documents/GitHub/ConCat/Content/Construction/Art/Characters/Female_1/Mats/Textures/Female1_Character1_Normal.uasset" 2533
"C:/Users/r022260k/Documents/GitHub/ConCat/Content/Construction/Art/Characters/Female_1/Mats/Textures/Female1_Character1_Normal.uexp" 2534
"C:/Users/r022260k/Documents/GitHub/ConCat/Content/Construction/Art/Characters/Female_1/Mats/Textures/Female1_Character1_OcclusionRoughnessMetallic.ubulk" 2535
"C:/Users/r022260k/Documents/GitHub/ConCat/Content/Construction/Art/Characters/Female_1/Mats/Textures/Female1_Character1_OcclusionRoughnessMetallic.uasset" 2536
"C:/Users/r022260k/Documents/GitHub/ConCat/Content/Construction/Art/Characters/Female_1/Mats/Textures/Female1_Character1_OcclusionRoughnessMetallic.uexp" 2537
"C:/Users/r022260k/Documents/GitHub/ConCat/Content/Construction/Art/Characters/Female_1/Mats/Female_1_Body_M.uasset" 2538
"C:/Users/r022260k/Documents/GitHub/ConCat/Content/Construction/Art/Characters/Female_1/Mats/Female_1_Body_M.uexp" 2539
"C:/Users/r022260k/Documents/GitHub/ConCat/Content/Construction/Art/Characters/Female_1/Mesh/Female1Rigged.uasset" 2540
"C:/Users/r022260k/Documents/GitHub/ConCat/Content/Construction/Art/Characters/Female_1/Mesh/Female1Rigged.uexp" 2541
"C:/Users/r022260k/Documents/GitHub/ConCat/Content/Construction/Art/Characters/Female_1/Mats/Female-Hat-Skin-Insts/Hat1-Skin-Vars/Female_1_Head_M_Hat1-SK5.uasset" 2542
"C:/Users/r022260k/Documents/GitHub/ConCat/Content/Construction/Art/Characters/Female_1/Mats/Female-Hat-Skin-Insts/Hat1-Skin-Vars/Female_1_Head_M_Hat1-SK5.uexp" 2543
"C:/Users/r022260k/Documents/GitHub/ConCat/Content/Construction/Art/Characters/Female_1/Mats/Female-Hat-Skin-Insts/Hat2-Skin-Vars/Female_1_Head_M_Hat2-SK3.uasset" 2544
"C:/Users/r022260k/Documents/GitHub/ConCat/Content/Construction/Art/Characters/Female_1/Mats/Female-Hat-Skin-Insts/Hat2-Skin-Vars/Female_1_Head_M_Hat2-SK3.uexp" 2545
"C:/Users/r022260k/Documents/GitHub/ConCat/Content/Construction/Art/Characters/Female_1/Mats/Female-Hands-Skin-Insts/Female_1_Hands_M_Inst1.uasset" 2546
"C:/Users/r022260k/Documents/GitHub/ConCat/Content/Construction/Art/Characters/Female_1/Mats/Female-Hands-Skin-Insts/Female_1_Hands_M_Inst1.uexp" 2547
"C:/Users/r022260k/Documents/GitHub/ConCat/Content/Construction/Art/Characters/Male_1/Mats/Male-HatMatInstances/Hat5-Vars/Male_1_Head_M_Hat5-SK4.uasset" 2548
"C:/Users/r022260k/Documents/GitHub/ConCat/Content/Construction/Art/Characters/Male_1/Mats/Male-HatMatInstances/Hat5-Vars/Male_1_Head_M_Hat5-SK4.uexp" 2549
"C:/Users/r022260k/Documents/GitHub/ConCat/Content/Construction/Art/Characters/Male_1/Mats/Male-HatMatInstances/Hat5-Vars/Male_1_Head_M_Hat5-SK2.uasset" 2550
"C:/Users/r022260k/Documents/GitHub/ConCat/Content/Construction/Art/Characters/Male_1/Mats/Male-HatMatInstances/Hat5-Vars/Male_1_Head_M_Hat5-SK2.uexp" 2551
"C:/Users/r022260k/Documents/GitHub/ConCat/Content/Construction/Art/Characters/Female_1/Mats/Female-Hat-Skin-Insts/Hat5-Skin-Vars/Female_1_Head_M_Hat5-SK1.uasset" 2552
"C:/Users/r022260k/Documents/GitHub/ConCat/Content/Construction/Art/Characters/Female_1/Mats/Female-Hat-Skin-Insts/Hat5-Skin-Vars/Female_1_Head_M_Hat5-SK1.uexp" 2553
"C:/Users/r022260k/Documents/GitHub/ConCat/Content/Construction/Art/Characters/Female_1/Mats/Female-Hands-Skin-Insts/Female_1_Hands_M_Inst4.uasset" 2554
"C:/Users/r022260k/Documents/GitHub/ConCat/Content/Construction/Art/Characters/Female_1/Mats/Female-Hands-Skin-Insts/Female_1_Hands_M_Inst4.uexp" 2555
"C:/Users/r022260k/Documents/GitHub/ConCat/Content/Construction/Art/Characters/Male_1/Mats/Male-HatMatInstances/Hat2-Vars/Male_1_Head_M_Hat2-SK2.uasset" 2556
"C:/Users/r022260k/Documents/GitHub/ConCat/Content/Construction/Art/Characters/Male_1/Mats/Male-HatMatInstances/Hat2-Vars/Male_1_Head_M_Hat2-SK2.uexp" 2557
"C:/Users/r022260k/Documents/GitHub/ConCat/Content/Construction/Art/Characters/Female_1/Mats/Female-Hat-Skin-Insts/Hat3-Skin-Vars/Female_1_Head_M_Hat3-SK1.uasset" 2558
"C:/Users/r022260k/Documents/GitHub/ConCat/Content/Construction/Art/Characters/Female_1/Mats/Female-Hat-Skin-Insts/Hat3-Skin-Vars/Female_1_Head_M_Hat3-SK1.uexp" 2559
"C:/Users/r022260k/Documents/GitHub/ConCat/Content/Construction/Art/Characters/Male_1/Mats/Male-SkinMatInstances/Male_1_Body_M_Inst4.uasset" 2560
"C:/Users/r022260k/Documents/GitHub/ConCat/Content/Construction/Art/Characters/Male_1/Mats/Male-SkinMatInstances/Male_1_Body_M_Inst4.uexp" 2561
"C:/Users/r022260k/Documents/GitHub/ConCat/Content/Construction/Art/Characters/Male_1/Mats/Male-HatMatInstances/Hat4-Vars/Male_1_Head_M_Hat4-SK2.uasset" 2562
"C:/Users/r022260k/Documents/GitHub/ConCat/Content/Construction/Art/Characters/Male_1/Mats/Male-HatMatInstances/Hat4-Vars/Male_1_Head_M_Hat4-SK2.uexp" 2563
"C:/Users/r022260k/Documents/GitHub/ConCat/Content/Construction/Art/Characters/Female_1/Mats/Female-Hat-Skin-Insts/Hat4-Skin-Vars/Female_1_Head_M_Hat4-SK1.uasset" 2564
"C:/Users/r022260k/Documents/GitHub/ConCat/Content/Construction/Art/Characters/Female_1/Mats/Female-Hat-Skin-Insts/Hat4-Skin-Vars/Female_1_Head_M_Hat4-SK1.uexp" 2565
"C:/Users/r022260k/Documents/GitHub/ConCat/Content/Construction/Art/Characters/Male_1/Mats/Male-HatMatInstances/Hat2-Vars/Male_1_Head_M_Hat2-SK1.uasset" 2566
"C:/Users/r022260k/Documents/GitHub/ConCat/Content/Construction/Art/Characters/Male_1/Mats/Male-HatMatInstances/Hat2-Vars/Male_1_Head_M_Hat2-SK1.uexp" 2567
"C:/Users/r022260k/Documents/GitHub/ConCat/Content/Construction/Art/Characters/Female_1/Mats/Female-Legs-Skin-Insts/Female_1_Legs_M_Inst4.uasset" 2568
"C:/Users/r022260k/Documents/GitHub/ConCat/Content/Construction/Art/Characters/Female_1/Mats/Female-Legs-Skin-Insts/Female_1_Legs_M_Inst4.uexp" 2569
"C:/Users/r022260k/Documents/GitHub/ConCat/Content/Construction/Art/Characters/Male_1/Mats/Male-HatMatInstances/Hat3-Vars/Male_1_Head_M_Hat3-SK4.uasset" 2570
"C:/Users/r022260k/Documents/GitHub/ConCat/Content/Construction/Art/Characters/Male_1/Mats/Male-HatMatInstances/Hat3-Vars/Male_1_Head_M_Hat3-SK4.uexp" 2571
"C:/Users/r022260k/Documents/GitHub/ConCat/Content/Construction/Art/Characters/Male_1/Mats/Male-SkinMatInstances/Male_1_Body_M_Inst1.uasset" 2572
"C:/Users/r022260k/Documents/GitHub/ConCat/Content/Construction/Art/Characters/Male_1/Mats/Male-SkinMatInstances/Male_1_Body_M_Inst1.uexp" 2573
"C:/Users/r022260k/Documents/GitHub/ConCat/Content/Construction/Art/Characters/Female_1/Mats/Female-Hands-Skin-Insts/Female_1_Hands_M_Inst3.uasset" 2574
"C:/Users/r022260k/Documents/GitHub/ConCat/Content/Construction/Art/Characters/Female_1/Mats/Female-Hands-Skin-Insts/Female_1_Hands_M_Inst3.uexp" 2575
"C:/Users/r022260k/Documents/GitHub/ConCat/Content/Construction/Art/Characters/Female_1/Mats/Female-Legs-Skin-Insts/Female_1_Legs_M_Inst1.uasset" 2576
"C:/Users/r022260k/Documents/GitHub/ConCat/Content/Construction/Art/Characters/Female_1/Mats/Female-Legs-Skin-Insts/Female_1_Legs_M_Inst1.uexp" 2577
"C:/Users/r022260k/Documents/GitHub/ConCat/Content/Construction/Art/Characters/Male_1/Mats/Male-HatMatInstances/Hat3-Vars/Male_1_Head_M_Hat3-SK2.uasset" 2578
"C:/Users/r022260k/Documents/GitHub/ConCat/Content/Construction/Art/Characters/Male_1/Mats/Male-HatMatInstances/Hat3-Vars/Male_1_Head_M_Hat3-SK2.uexp" 2579
"C:/Users/r022260k/Documents/GitHub/ConCat/Content/Construction/Art/Characters/Female_1/Mats/Female-Hat-Skin-Insts/Hat2-Skin-Vars/Female_1_Head_M_Hat2-SK1.uasset" 2580
"C:/Users/r022260k/Documents/GitHub/ConCat/Content/Construction/Art/Characters/Female_1/Mats/Female-Hat-Skin-Insts/Hat2-Skin-Vars/Female_1_Head_M_Hat2-SK1.uexp" 2581
"C:/Users/r022260k/Documents/GitHub/ConCat/Content/Construction/Art/Characters/Female_1/Mats/Female-Hands-Skin-Insts/Female_1_Hands_M_Inst2.uasset" 2582
"C:/Users/r022260k/Documents/GitHub/ConCat/Content/Construction/Art/Characters/Female_1/Mats/Female-Hands-Skin-Insts/Female_1_Hands_M_Inst2.uexp" 2583
"C:/Users/r022260k/Documents/GitHub/ConCat/Content/Construction/Art/Characters/Male_1/Mats/Male-HatMatInstances/Hat4-Vars/Male_1_Head_M_Hat4-SK1.uasset" 2584
"C:/Users/r022260k/Documents/GitHub/ConCat/Content/Construction/Art/Characters/Male_1/Mats/Male-HatMatInstances/Hat4-Vars/Male_1_Head_M_Hat4-SK1.uexp" 2585
"C:/Users/r022260k/Documents/GitHub/ConCat/Content/Construction/Tech/Blueprints/UI/MyHUD.uasset" 2586
"C:/Users/r022260k/Documents/GitHub/ConCat/Content/Construction/Tech/Blueprints/UI/MyHUD.uexp" 2587
"C:/Users/r022260k/Documents/GitHub/ConCat/Content/Construction/Art/Characters/Female_1/Mats/Female-Hat-Skin-Insts/Hat5-Skin-Vars/Female_1_Head_M_Hat5-SK2.uasset" 2588
"C:/Users/r022260k/Documents/GitHub/ConCat/Content/Construction/Art/Characters/Female_1/Mats/Female-Hat-Skin-Insts/Hat5-Skin-Vars/Female_1_Head_M_Hat5-SK2.uexp" 2589
"C:/Users/r022260k/Documents/GitHub/ConCat/Content/Construction/Art/Characters/Female_1/Mats/Female-Hat-Skin-Insts/Hat2-Skin-Vars/Female_1_Head_M_Hat2-SK4.uasset" 2590
"C:/Users/r022260k/Documents/GitHub/ConCat/Content/Construction/Art/Characters/Female_1/Mats/Female-Hat-Skin-Insts/Hat2-Skin-Vars/Female_1_Head_M_Hat2-SK4.uexp" 2591
"C:/Users/r022260k/Documents/GitHub/ConCat/Content/Construction/Art/Characters/Male_1/Mats/Male-HatMatInstances/Hat5-Vars/Male_1_Head_M_Hat5-SK1.uasset" 2592
"C:/Users/r022260k/Documents/GitHub/ConCat/Content/Construction/Art/Characters/Male_1/Mats/Male-HatMatInstances/Hat5-Vars/Male_1_Head_M_Hat5-SK1.uexp" 2593
"C:/Users/r022260k/Documents/GitHub/ConCat/Content/Construction/Art/Characters/Female_1/Mats/Female-Hat-Skin-Insts/Hat4-Skin-Vars/Female_1_Head_M_Hat4-SK2.uasset" 2594
"C:/Users/r022260k/Documents/GitHub/ConCat/Content/Construction/Art/Characters/Female_1/Mats/Female-Hat-Skin-Insts/Hat4-Skin-Vars/Female_1_Head_M_Hat4-SK2.uexp" 2595
"C:/Users/r022260k/Documents/GitHub/ConCat/Content/Construction/Art/Characters/Male_1/Mats/Male-HatMatInstances/Hat5-Vars/Male_1_Head_M_Hat5-SK3.uasset" 2596
"C:/Users/r022260k/Documents/GitHub/ConCat/Content/Construction/Art/Characters/Male_1/Mats/Male-HatMatInstances/Hat5-Vars/Male_1_Head_M_Hat5-SK3.uexp" 2597
"C:/Users/r022260k/Documents/GitHub/ConCat/Content/Construction/Art/Characters/Male_1/Mats/Male-SkinMatInstances/Male_1_Body_M_Inst2.uasset" 2598
"C:/Users/r022260k/Documents/GitHub/ConCat/Content/Construction/Art/Characters/Male_1/Mats/Male-SkinMatInstances/Male_1_Body_M_Inst2.uexp" 2599
"C:/Users/r022260k/Documents/GitHub/ConCat/Content/Construction/Art/Characters/Female_1/Mats/Female-Hat-Skin-Insts/Hat5-Skin-Vars/Female_1_Head_M_Hat5-SK3.uasset" 2600
"C:/Users/r022260k/Documents/GitHub/ConCat/Content/Construction/Art/Characters/Female_1/Mats/Female-Hat-Skin-Insts/Hat5-Skin-Vars/Female_1_Head_M_Hat5-SK3.uexp" 2601
"C:/Users/r022260k/Documents/GitHub/ConCat/Content/Construction/Art/Characters/Female_1/Mats/Female-Hat-Skin-Insts/Hat5-Skin-Vars/Female_1_Head_M_Hat5-SK5.uasset" 2602
"C:/Users/r022260k/Documents/GitHub/ConCat/Content/Construction/Art/Characters/Female_1/Mats/Female-Hat-Skin-Insts/Hat5-Skin-Vars/Female_1_Head_M_Hat5-SK5.uexp" 2603
"C:/Users/r022260k/Documents/GitHub/ConCat/Content/Construction/Tech/Blueprints/Disasters/Earthquake/BP_Earthquake.uasset" 2604
"C:/Users/r022260k/Documents/GitHub/ConCat/Content/Construction/Tech/Blueprints/Disasters/Earthquake/BP_Earthquake.uexp" 2605
"C:/Users/r022260k/Documents/GitHub/ConCat/Content/Construction/Art/Characters/Female_1/Mats/Female-Legs-Skin-Insts/Female_1_Legs_M_Inst2.uasset" 2606
"C:/Users/r022260k/Documents/GitHub/ConCat/Content/Construction/Art/Characters/Female_1/Mats/Female-Legs-Skin-Insts/Female_1_Legs_M_Inst2.uexp" 2607
"C:/Users/r022260k/Documents/GitHub/ConCat/Content/Construction/Tech/Blueprints/Gamemodes/GM_ConCat.uasset" 2608
"C:/Users/r022260k/Documents/GitHub/ConCat/Content/Construction/Tech/Blueprints/Gamemodes/GM_ConCat.uexp" 2609
"C:/Users/r022260k/Documents/GitHub/ConCat/Content/Construction/Sound/Raw_WAVs/Death/CartoonDeathSound.ubulk" 2610
"C:/Users/r022260k/Documents/GitHub/ConCat/Content/Construction/Sound/Raw_WAVs/Death/CartoonDeathSound.uasset" 2611
"C:/Users/r022260k/Documents/GitHub/ConCat/Content/Construction/Sound/Raw_WAVs/Death/CartoonDeathSound.uexp" 2612
"C:/Users/r022260k/Documents/GitHub/ConCat/Content/Construction/Sound/SoundCues/Death/Death_Cue.uasset" 2613
"C:/Users/r022260k/Documents/GitHub/ConCat/Content/Construction/Sound/SoundCues/Death/Death_Cue.uexp" 2614
"C:/Users/r022260k/Documents/GitHub/ConCat/Content/Construction/Sound/Raw_WAVs/Items/PickupSound.ubulk" 2615
"C:/Users/r022260k/Documents/GitHub/ConCat/Content/Construction/Sound/Raw_WAVs/Items/PickupSound.uasset" 2616
"C:/Users/r022260k/Documents/GitHub/ConCat/Content/Construction/Sound/Raw_WAVs/Items/PickupSound.uexp" 2617
"C:/Users/r022260k/Documents/GitHub/ConCat/Content/Construction/Sound/SoundCues/Items/PickupSound_Cue.uasset" 2618
"C:/Users/r022260k/Documents/GitHub/ConCat/Content/Construction/Sound/SoundCues/Items/PickupSound_Cue.uexp" 2619
"C:/Users/r022260k/Documents/GitHub/ConCat/Content/Construction/Tech/Blueprints/Interfaces/BPI_ToolPickup.uasset" 2620
"C:/Users/r022260k/Documents/GitHub/ConCat/Content/Construction/Tech/Blueprints/Interfaces/BPI_ToolPickup.uexp" 2621
"C:/Users/r022260k/Documents/GitHub/ConCat/Content/Construction/Tech/Blueprints/UI/W_ToolIcon.uasset" 2622
"C:/Users/r022260k/Documents/GitHub/ConCat/Content/Construction/Tech/Blueprints/UI/W_ToolIcon.uexp" 2623
"C:/Users/r022260k/Documents/GitHub/ConCat/Content/Construction/Tech/Blueprints/WeaponSystem/WeaponBlueprints/BP_Weapon_Master.uasset" 2624
"C:/Users/r022260k/Documents/GitHub/ConCat/Content/Construction/Tech/Blueprints/WeaponSystem/WeaponBlueprints/BP_Weapon_Master.uexp" 2625
"C:/Users/r022260k/Documents/GitHub/ConCat/Content/Construction/Art/Characters/Male_1/Mesh/Male_1_All_Toghther_PhysicsAsset.uasset" 2626
"C:/Users/r022260k/Documents/GitHub/ConCat/Content/Construction/Art/Characters/Male_1/Mesh/Male_1_All_Toghther_PhysicsAsset.uexp" 2627
"C:/Users/r022260k/Documents/GitHub/ConCat/Content/Construction/Art/Characters/Male_1/Mesh/Male_1_All_Toghther.uasset" 2628
"C:/Users/r022260k/Documents/GitHub/ConCat/Content/Construction/Art/Characters/Male_1/Mesh/Male_1_All_Toghther.uexp" 2629
"C:/Users/r022260k/Documents/GitHub/ConCat/Content/Environment/Textures/extinguisher/SM_Extinguisher_DefaultMaterial_Normal.ubulk" 2630
"C:/Users/r022260k/Documents/GitHub/ConCat/Content/Environment/Textures/extinguisher/SM_Extinguisher_DefaultMaterial_Normal.uasset" 2631
"C:/Users/r022260k/Documents/GitHub/ConCat/Content/Environment/Textures/extinguisher/SM_Extinguisher_DefaultMaterial_Normal.uexp" 2632
"C:/Users/r022260k/Documents/GitHub/ConCat/Content/Environment/Textures/extinguisher/SM_Extinguisher_DefaultMaterial_BaseColor.ubulk" 2633
"C:/Users/r022260k/Documents/GitHub/ConCat/Content/Environment/Textures/extinguisher/SM_Extinguisher_DefaultMaterial_BaseColor.uasset" 2634
"C:/Users/r022260k/Documents/GitHub/ConCat/Content/Environment/Textures/extinguisher/SM_Extinguisher_DefaultMaterial_BaseColor.uexp" 2635
"C:/Users/r022260k/Documents/GitHub/ConCat/Content/Environment/Textures/extinguisher/SM_Extinguisher_DefaultMaterial_OcclusionRoughnessMetallic.ubulk" 2636
"C:/Users/r022260k/Documents/GitHub/ConCat/Content/Environment/Textures/extinguisher/SM_Extinguisher_DefaultMaterial_OcclusionRoughnessMetallic.uasset" 2637
"C:/Users/r022260k/Documents/GitHub/ConCat/Content/Environment/Textures/extinguisher/SM_Extinguisher_DefaultMaterial_OcclusionRoughnessMetallic.uexp" 2638
"C:/Users/r022260k/Documents/GitHub/ConCat/Content/Environment/Textures/extinguisher/Extinguisher_M.uasset" 2639
"C:/Users/r022260k/Documents/GitHub/ConCat/Content/Environment/Textures/extinguisher/Extinguisher_M.uexp" 2640
"C:/Users/r022260k/Documents/GitHub/ConCat/Content/Environment/Tools/SM_HoldingExtinguisher.ubulk" 2641
"C:/Users/r022260k/Documents/GitHub/ConCat/Content/Environment/Tools/SM_HoldingExtinguisher.uasset" 2642
"C:/Users/r022260k/Documents/GitHub/ConCat/Content/Environment/Tools/SM_HoldingExtinguisher.uexp" 2643
"C:/Users/r022260k/Documents/GitHub/ConCat/Content/Construction/Tech/Blueprints/WeaponSystem/WeaponBlueprints/Extinguisher/FX/FX_SmokeFoam.uasset" 2644
"C:/Users/r022260k/Documents/GitHub/ConCat/Content/Construction/Tech/Blueprints/WeaponSystem/WeaponBlueprints/Extinguisher/FX/FX_SmokeFoam.uexp" 2645
"C:/Users/r022260k/Documents/GitHub/ConCat/Content/Construction/Tech/Blueprints/WeaponSystem/WeaponBlueprints/Extinguisher/BP_FireExtinguisher.uasset" 2646
"C:/Users/r022260k/Documents/GitHub/ConCat/Content/Construction/Tech/Blueprints/WeaponSystem/WeaponBlueprints/Extinguisher/BP_FireExtinguisher.uexp" 2647
"C:/Users/r022260k/Documents/GitHub/ConCat/Content/Construction/Art/Characters/Animations/Idle_3_Loop__389-1x_.uasset" 2648
"C:/Users/r022260k/Documents/GitHub/ConCat/Content/Construction/Art/Characters/Animations/Idle_3_Loop__389-1x_.uexp" 2649
"C:/Users/r022260k/Documents/GitHub/ConCat/Content/Construction/Tech/Blueprints/Characters/ActionPhase-Characters/Walking_Dust_FX/Fx_Dust.uasset" 2650
"C:/Users/r022260k/Documents/GitHub/ConCat/Content/Construction/Tech/Blueprints/Characters/ActionPhase-Characters/Walking_Dust_FX/Fx_Dust.uexp" 2651
"C:/Users/r022260k/Documents/GitHub/ConCat/Content/Construction/Art/Characters/Animations/Run__50-1x_.uasset" 2652
"C:/Users/r022260k/Documents/GitHub/ConCat/Content/Construction/Art/Characters/Animations/Run__50-1x_.uexp" 2653
"C:/Users/r022260k/Documents/GitHub/ConCat/Content/Construction/Art/Characters/Animations/Walk__129-1x_.uasset" 2654
"C:/Users/r022260k/Documents/GitHub/ConCat/Content/Construction/Art/Characters/Animations/Walk__129-1x_.uexp" 2655
"C:/Users/r022260k/Documents/GitHub/ConCat/Content/Construction/Art/Characters/Animations/Blended-Animations/BS_Movement.uasset" 2656
"C:/Users/r022260k/Documents/GitHub/ConCat/Content/Construction/Art/Characters/Animations/Blended-Animations/BS_Movement.uexp" 2657
"C:/Users/r022260k/Documents/GitHub/ConCat/Content/Construction/Art/Characters/Animations/Falling_Anim__98-1x_.uasset" 2658
"C:/Users/r022260k/Documents/GitHub/ConCat/Content/Construction/Art/Characters/Animations/Falling_Anim__98-1x_.uexp" 2659
"C:/Users/r022260k/Documents/GitHub/ConCat/Content/Construction/Art/Characters/Animations/Jump__35-1_5x_.uasset" 2660
"C:/Users/r022260k/Documents/GitHub/ConCat/Content/Construction/Art/Characters/Animations/Jump__35-1_5x_.uexp" 2661
"C:/Users/r022260k/Documents/GitHub/ConCat/Content/Construction/Tech/Blueprints/Characters/ActionPhase-Characters/Animation_Blueprint/CC_Animation.uasset" 2662
"C:/Users/r022260k/Documents/GitHub/ConCat/Content/Construction/Tech/Blueprints/Characters/ActionPhase-Characters/Animation_Blueprint/CC_Animation.uexp" 2663
"C:/Users/r022260k/Documents/GitHub/ConCat/Content/Environment/Textures/sledgehammer/SM_SledgeHammer_DefaultMaterial_Normal.ubulk" 2664
"C:/Users/r022260k/Documents/GitHub/ConCat/Content/Environment/Textures/sledgehammer/SM_SledgeHammer_DefaultMaterial_Normal.uasset" 2665
"C:/Users/r022260k/Documents/GitHub/ConCat/Content/Environment/Textures/sledgehammer/SM_SledgeHammer_DefaultMaterial_Normal.uexp" 2666
"C:/Users/r022260k/Documents/GitHub/ConCat/Content/Environment/Textures/sledgehammer/SM_SledgeHammer_DefaultMaterial_OcclusionRoughnessMetallic.ubulk" 2667
"C:/Users/r022260k/Documents/GitHub/ConCat/Content/Environment/Textures/sledgehammer/SM_SledgeHammer_DefaultMaterial_OcclusionRoughnessMetallic.uasset" 2668
"C:/Users/r022260k/Documents/GitHub/ConCat/Content/Environment/Textures/sledgehammer/SM_SledgeHammer_DefaultMaterial_OcclusionRoughnessMetallic.uexp" 2669
"C:/Users/r022260k/Documents/GitHub/ConCat/Content/Environment/Textures/sledgehammer/SM_SledgeHammer_DefaultMaterial_BaseColor.ubulk" 2670
"C:/Users/r022260k/Documents/GitHub/ConCat/Content/Environment/Textures/sledgehammer/SM_SledgeHammer_DefaultMaterial_BaseColor.uasset" 2671
"C:/Users/r022260k/Documents/GitHub/ConCat/Content/Environment/Textures/sledgehammer/SM_SledgeHammer_DefaultMaterial_BaseColor.uexp" 2672
"C:/Users/r022260k/Documents/GitHub/ConCat/Content/Environment/Textures/sledgehammer/SledgeHammer_M.uasset" 2673
"C:/Users/r022260k/Documents/GitHub/ConCat/Content/Environment/Textures/sledgehammer/SledgeHammer_M.uexp" 2674
"C:/Users/r022260k/Documents/GitHub/ConCat/Content/Environment/Tools/SM_SledgeHammer.ubulk" 2675
"C:/Users/r022260k/Documents/GitHub/ConCat/Content/Environment/Tools/SM_SledgeHammer.uasset" 2676
"C:/Users/r022260k/Documents/GitHub/ConCat/Content/Environment/Tools/SM_SledgeHammer.uexp" 2677
"C:/Users/r022260k/Documents/GitHub/ConCat/Content/Construction/Tech/Blueprints/WeaponSystem/WeaponBlueprints/BP_Sledgehammer.uasset" 2678
"C:/Users/r022260k/Documents/GitHub/ConCat/Content/Construction/Tech/Blueprints/WeaponSystem/WeaponBlueprints/BP_Sledgehammer.uexp" 2679
"C:/Users/r022260k/Documents/GitHub/ConCat/Content/Environment/Textures/CinderBlock/SM_CinderBlock_DefaultMaterial_BaseColor.ubulk" 2680
"C:/Users/r022260k/Documents/GitHub/ConCat/Content/Environment/Textures/CinderBlock/SM_CinderBlock_DefaultMaterial_BaseColor.uasset" 2681
"C:/Users/r022260k/Documents/GitHub/ConCat/Content/Environment/Textures/CinderBlock/SM_CinderBlock_DefaultMaterial_BaseColor.uexp" 2682
"C:/Users/r022260k/Documents/GitHub/ConCat/Content/Environment/Textures/CinderBlock/SM_CinderBlock_DefaultMaterial_OcclusionRoughnessMetallic.ubulk" 2683
"C:/Users/r022260k/Documents/GitHub/ConCat/Content/Environment/Textures/CinderBlock/SM_CinderBlock_DefaultMaterial_OcclusionRoughnessMetallic.uasset" 2684
"C:/Users/r022260k/Documents/GitHub/ConCat/Content/Environment/Textures/CinderBlock/SM_CinderBlock_DefaultMaterial_OcclusionRoughnessMetallic.uexp" 2685
"C:/Users/r022260k/Documents/GitHub/ConCat/Content/Environment/Textures/CinderBlock/SM_CinderBlock_DefaultMaterial_Normal.ubulk" 2686
"C:/Users/r022260k/Documents/GitHub/ConCat/Content/Environment/Textures/CinderBlock/SM_CinderBlock_DefaultMaterial_Normal.uasset" 2687
"C:/Users/r022260k/Documents/GitHub/ConCat/Content/Environment/Textures/CinderBlock/SM_CinderBlock_DefaultMaterial_Normal.uexp" 2688
"C:/Users/r022260k/Documents/GitHub/ConCat/Content/Environment/Textures/CinderBlock/CinderBlock_M.uasset" 2689
"C:/Users/r022260k/Documents/GitHub/ConCat/Content/Environment/Textures/CinderBlock/CinderBlock_M.uexp" 2690
"C:/Users/r022260k/Documents/GitHub/ConCat/Content/Environment/Textures/ducttape/SM_DuctTape_DefaultMaterial_OcclusionRoughnessMetallic.ubulk" 2691
"C:/Users/r022260k/Documents/GitHub/ConCat/Content/Environment/Textures/ducttape/SM_DuctTape_DefaultMaterial_OcclusionRoughnessMetallic.uasset" 2692
"C:/Users/r022260k/Documents/GitHub/ConCat/Content/Environment/Textures/ducttape/SM_DuctTape_DefaultMaterial_OcclusionRoughnessMetallic.uexp" 2693
"C:/Users/r022260k/Documents/GitHub/ConCat/Content/Environment/Textures/ducttape/SM_DuctTape_DefaultMaterial_Normal.ubulk" 2694
"C:/Users/r022260k/Documents/GitHub/ConCat/Content/Environment/Textures/ducttape/SM_DuctTape_DefaultMaterial_Normal.uasset" 2695
"C:/Users/r022260k/Documents/GitHub/ConCat/Content/Environment/Textures/ducttape/SM_DuctTape_DefaultMaterial_Normal.uexp" 2696
"C:/Users/r022260k/Documents/GitHub/ConCat/Content/Environment/Textures/ducttape/SM_DuctTape_DefaultMaterial_BaseColor.ubulk" 2697
"C:/Users/r022260k/Documents/GitHub/ConCat/Content/Environment/Textures/ducttape/SM_DuctTape_DefaultMaterial_BaseColor.uasset" 2698
"C:/Users/r022260k/Documents/GitHub/ConCat/Content/Environment/Textures/ducttape/SM_DuctTape_DefaultMaterial_BaseColor.uexp" 2699
"C:/Users/r022260k/Documents/GitHub/ConCat/Content/Environment/Textures/ducttape/DuctTape_M.uasset" 2700
"C:/Users/r022260k/Documents/GitHub/ConCat/Content/Environment/Textures/ducttape/DuctTape_M.uexp" 2701
"C:/Users/r022260k/Documents/GitHub/ConCat/Content/Environment/Tools/SM_DuctTape.ubulk" 2702
"C:/Users/r022260k/Documents/GitHub/ConCat/Content/Environment/Tools/SM_DuctTape.uasset" 2703
"C:/Users/r022260k/Documents/GitHub/ConCat/Content/Environment/Tools/SM_DuctTape.uexp" 2704
"C:/Users/r022260k/Documents/GitHub/ConCat/Content/Construction/Tech/Blueprints/WeaponSystem/WeaponBlueprints/BP_FlexTape.uasset" 2705
"C:/Users/r022260k/Documents/GitHub/ConCat/Content/Construction/Tech/Blueprints/WeaponSystem/WeaponBlueprints/BP_FlexTape.uexp" 2706
"C:/Users/r022260k/Documents/GitHub/ConCat/Content/Environment/Textures/clawhammer/SM_ClawHammer_DefaultMaterial_OcclusionRoughnessMetallic.ubulk" 2707
"C:/Users/r022260k/Documents/GitHub/ConCat/Content/Environment/Textures/clawhammer/SM_ClawHammer_DefaultMaterial_OcclusionRoughnessMetallic.uasset" 2708
"C:/Users/r022260k/Documents/GitHub/ConCat/Content/Environment/Textures/clawhammer/SM_ClawHammer_DefaultMaterial_OcclusionRoughnessMetallic.uexp" 2709
"C:/Users/r022260k/Documents/GitHub/ConCat/Content/Environment/Textures/clawhammer/SM_ClawHammer_DefaultMaterial_BaseColor.ubulk" 2710
"C:/Users/r022260k/Documents/GitHub/ConCat/Content/Environment/Textures/clawhammer/SM_ClawHammer_DefaultMaterial_BaseColor.uasset" 2711
"C:/Users/r022260k/Documents/GitHub/ConCat/Content/Environment/Textures/clawhammer/SM_ClawHammer_DefaultMaterial_BaseColor.uexp" 2712
"C:/Users/r022260k/Documents/GitHub/ConCat/Content/Environment/Textures/clawhammer/SM_ClawHammer_DefaultMaterial_Normal.ubulk" 2713
"C:/Users/r022260k/Documents/GitHub/ConCat/Content/Environment/Textures/clawhammer/SM_ClawHammer_DefaultMaterial_Normal.uasset" 2714
"C:/Users/r022260k/Documents/GitHub/ConCat/Content/Environment/Textures/clawhammer/SM_ClawHammer_DefaultMaterial_Normal.uexp" 2715
"C:/Users/r022260k/Documents/GitHub/ConCat/Content/Environment/Textures/clawhammer/ClawHammer_M.uasset" 2716
"C:/Users/r022260k/Documents/GitHub/ConCat/Content/Environment/Textures/clawhammer/ClawHammer_M.uexp" 2717
"C:/Users/r022260k/Documents/GitHub/ConCat/Content/Environment/Tools/SM_ClawHammer.ubulk" 2718
"C:/Users/r022260k/Documents/GitHub/ConCat/Content/Environment/Tools/SM_ClawHammer.uasset" 2719
"C:/Users/r022260k/Documents/GitHub/ConCat/Content/Environment/Tools/SM_ClawHammer.uexp" 2720
"C:/Users/r022260k/Documents/GitHub/ConCat/Content/Construction/Tech/Blueprints/WeaponSystem/WeaponBlueprints/BP_SmallHammer.uasset" 2721
"C:/Users/r022260k/Documents/GitHub/ConCat/Content/Construction/Tech/Blueprints/WeaponSystem/WeaponBlueprints/BP_SmallHammer.uexp" 2722
"C:/Users/r022260k/Documents/GitHub/ConCat/Content/Construction/Tech/Blueprints/WeaponSystem/WeaponValues/FTools.uasset" 2723
"C:/Users/r022260k/Documents/GitHub/ConCat/Content/Construction/Tech/Blueprints/WeaponSystem/WeaponValues/FTools.uexp" 2724
"C:/Users/r022260k/Documents/GitHub/ConCat/Content/Construction/Tech/Blueprints/WeaponSystem/WeaponValues/ToolValues.uasset" 2725
"C:/Users/r022260k/Documents/GitHub/ConCat/Content/Construction/Tech/Blueprints/WeaponSystem/WeaponValues/ToolValues.uexp" 2726
"C:/Users/r022260k/Documents/GitHub/ConCat/Content/Construction/Tech/Blueprints/Characters/ActionPhase-Characters/CustomCharacter.uasset" 2727
"C:/Users/r022260k/Documents/GitHub/ConCat/Content/Construction/Tech/Blueprints/Characters/ActionPhase-Characters/CustomCharacter.uexp" 2728
"C:/Users/r022260k/Documents/GitHub/ConCat/Content/Construction/Tech/Blueprints/Interfaces/BPI_Damage.uasset" 2729
"C:/Users/r022260k/Documents/GitHub/ConCat/Content/Construction/Tech/Blueprints/Interfaces/BPI_Damage.uexp" 2730
"../../../Engine/Plugins/FX/NiagaraFluids/Content/Modules/Grid3D/Grid3D_FLIP_Tank_Spawn.uasset" 2731
"../../../Engine/Plugins/FX/NiagaraFluids/Content/Modules/Grid3D/Grid3D_FLIP_Tank_Spawn.uexp" 2732
"../../../Engine/Plugins/FX/NiagaraFluids/Content/Materials/Functions/Niagara_Liquid_Generate_WPO.uasset" 2733
"../../../Engine/Plugins/FX/NiagaraFluids/Content/Materials/Functions/Niagara_Liquid_Generate_WPO.uexp" 2734
"../../../Engine/Plugins/FX/NiagaraFluids/Content/Materials/Grid3D/M_WaterSDF.uasset" 2735
"../../../Engine/Plugins/FX/NiagaraFluids/Content/Materials/Grid3D/M_WaterSDF.uexp" 2736
"../../../Engine/Plugins/FX/NiagaraFluids/Content/Materials/Grid3D/Instances/M_WaterSDF_Inst.uasset" 2737
"../../../Engine/Plugins/FX/NiagaraFluids/Content/Materials/Grid3D/Instances/M_WaterSDF_Inst.uexp" 2738
"../../../Engine/Plugins/FX/NiagaraFluids/Content/Modules/Grid3D/Grid3D_ComputeGradient.uasset" 2739
"../../../Engine/Plugins/FX/NiagaraFluids/Content/Modules/Grid3D/Grid3D_ComputeGradient.uexp" 2740
"../../../Engine/Plugins/FX/Niagara/Content/Functions/RandomUnitVector.uasset" 2741
"../../../Engine/Plugins/FX/Niagara/Content/Functions/RandomUnitVector.uexp" 2742
"../../../Engine/Plugins/FX/NiagaraFluids/Content/Modules/Grid3D/Secondary/Grid3D_Secondary_SpawnParticles.uasset" 2743
"../../../Engine/Plugins/FX/NiagaraFluids/Content/Modules/Grid3D/Secondary/Grid3D_Secondary_SpawnParticles.uexp" 2744
"../../../Engine/Plugins/FX/NiagaraFluids/Content/Modules/Grid3D/Grid3D_Flip_GridParticles.uasset" 2745
"../../../Engine/Plugins/FX/NiagaraFluids/Content/Modules/Grid3D/Grid3D_Flip_GridParticles.uexp" 2746
"../../../Engine/Content/EngineMeshes/s_cube_1cm_flippednormals.ubulk" 2747
"../../../Engine/Content/EngineMeshes/s_cube_1cm_flippednormals.uasset" 2748
"../../../Engine/Content/EngineMeshes/s_cube_1cm_flippednormals.uexp" 2749
"../../../Engine/Plugins/FX/NiagaraFluids/Content/Modules/Grid3D/RasterizationGrid_ParticleSource.uasset" 2750
"../../../Engine/Plugins/FX/NiagaraFluids/Content/Modules/Grid3D/RasterizationGrid_ParticleSource.uexp" 2751
"../../../Engine/Plugins/FX/NiagaraFluids/Content/Modules/Grid3D/RasterizationGrid3D_Initialize.uasset" 2752
"../../../Engine/Plugins/FX/NiagaraFluids/Content/Modules/Grid3D/RasterizationGrid3D_Initialize.uexp" 2753
"../../../Engine/Plugins/FX/NiagaraFluids/Content/Modules/Grid3D/Grid3D_Landscape_Boundary.uasset" 2754
"../../../Engine/Plugins/FX/NiagaraFluids/Content/Modules/Grid3D/Grid3D_Landscape_Boundary.uexp" 2755
"../../../Engine/Plugins/FX/NiagaraFluids/Content/Modules/Grid3D/Grid3D_InitRT.uasset" 2756
"../../../Engine/Plugins/FX/NiagaraFluids/Content/Modules/Grid3D/Grid3D_InitRT.uexp" 2757
"../../../Engine/Plugins/FX/NiagaraFluids/Content/Enums/ENiagaraSDFSmoothingMethodMethod.uasset" 2758
"../../../Engine/Plugins/FX/NiagaraFluids/Content/Enums/ENiagaraSDFSmoothingMethodMethod.uexp" 2759
"../../../Engine/Plugins/FX/Niagara/Content/Functions/Rotation/AxisAngleToRotationMatrix.uasset" 2760
"../../../Engine/Plugins/FX/Niagara/Content/Functions/Rotation/AxisAngleToRotationMatrix.uexp" 2761
"../../../Engine/Plugins/FX/Niagara/Content/Enums/ENiagaraVector4_Channels.uasset" 2762
"../../../Engine/Plugins/FX/Niagara/Content/Enums/ENiagaraVector4_Channels.uexp" 2763
"../../../Engine/Plugins/FX/Niagara/Content/Functions/ChannelMasks/SelectV4Channel.uasset" 2764
"../../../Engine/Plugins/FX/Niagara/Content/Functions/ChannelMasks/SelectV4Channel.uexp" 2765
"../../../Engine/Plugins/FX/Niagara/Content/Functions/Localspace/PositionToVector.uasset" 2766
"../../../Engine/Plugins/FX/Niagara/Content/Functions/Localspace/PositionToVector.uexp" 2767
"../../../Engine/Plugins/FX/Niagara/Content/Functions/Rotation/QuaternionToRotationMatrix.uasset" 2768
"../../../Engine/Plugins/FX/Niagara/Content/Functions/Rotation/QuaternionToRotationMatrix.uexp" 2769
"../../../Engine/Plugins/FX/NiagaraFluids/Content/Modules/Grid3D/Grid3D_CreateUnitToWorldTransform.uasset" 2770
"../../../Engine/Plugins/FX/NiagaraFluids/Content/Modules/Grid3D/Grid3D_CreateUnitToWorldTransform.uexp" 2771
"../../../Engine/Plugins/FX/Niagara/Content/DynamicInputs/Multiply/Multiply_Float.uasset" 2772
"../../../Engine/Plugins/FX/Niagara/Content/DynamicInputs/Multiply/Multiply_Float.uexp" 2773
"../../../Engine/Plugins/FX/Niagara/Content/DynamicInputs/Math/Frac_Float.uasset" 2774
"../../../Engine/Plugins/FX/Niagara/Content/DynamicInputs/Math/Frac_Float.uexp" 2775
"../../../Engine/Plugins/FX/NiagaraFluids/Content/Modules/Grid3D/Grid3D_SetFloatValue.uasset" 2776
"../../../Engine/Plugins/FX/NiagaraFluids/Content/Modules/Grid3D/Grid3D_SetFloatValue.uexp" 2777
"../../../Engine/Plugins/FX/NiagaraFluids/Content/Enums/ENiagaraSDFModifyMethod.uasset" 2778
"../../../Engine/Plugins/FX/NiagaraFluids/Content/Enums/ENiagaraSDFModifyMethod.uexp" 2779
"../../../Engine/Plugins/FX/NiagaraFluids/Content/Functions/Grid3D/Grid3D_ModifySDF.uasset" 2780
"../../../Engine/Plugins/FX/NiagaraFluids/Content/Functions/Grid3D/Grid3D_ModifySDF.uexp" 2781
"../../../Engine/Plugins/FX/NiagaraFluids/Content/Enums/ENiagaraGrid2DResolution.uasset" 2782
"../../../Engine/Plugins/FX/NiagaraFluids/Content/Enums/ENiagaraGrid2DResolution.uexp" 2783
"../../../Engine/Plugins/FX/NiagaraFluids/Content/Modules/Grid3D/Grid3D_SetResolution.uasset" 2784
"../../../Engine/Plugins/FX/NiagaraFluids/Content/Modules/Grid3D/Grid3D_SetResolution.uexp" 2785
"../../../Engine/Plugins/FX/NiagaraFluids/Content/Enums/ENiagaraGrid3DVolumePlane.uasset" 2786
"../../../Engine/Plugins/FX/NiagaraFluids/Content/Enums/ENiagaraGrid3DVolumePlane.uexp" 2787
"../../../Engine/Plugins/FX/NiagaraFluids/Content/Modules/Grid3D/Grid3D_ComputeDivergence.uasset" 2788
"../../../Engine/Plugins/FX/NiagaraFluids/Content/Modules/Grid3D/Grid3D_ComputeDivergence.uexp" 2789
"../../../Engine/Plugins/FX/Niagara/Content/Functions/Localspace/VectorToPosition.uasset" 2790
"../../../Engine/Plugins/FX/Niagara/Content/Functions/Localspace/VectorToPosition.uexp" 2791
"../../../Engine/Plugins/FX/NiagaraFluids/Content/Functions/General/SceneDepthQuery_CheckOccluded.uasset" 2792
"../../../Engine/Plugins/FX/NiagaraFluids/Content/Functions/General/SceneDepthQuery_CheckOccluded.uexp" 2793
"../../../Engine/Plugins/FX/NiagaraFluids/Content/Modules/Grid3D/Grid3D_ComputeBoundary.uasset" 2794
"../../../Engine/Plugins/FX/NiagaraFluids/Content/Modules/Grid3D/Grid3D_ComputeBoundary.uexp" 2795
"../../../Engine/Plugins/FX/NiagaraFluids/Content/Materials/Grid3D/M_DebugVolumeSlice.uasset" 2796
"../../../Engine/Plugins/FX/NiagaraFluids/Content/Materials/Grid3D/M_DebugVolumeSlice.uexp" 2797
"../../../Engine/Plugins/FX/NiagaraFluids/Content/Materials/Grid3D/Instances/MI_DebugVolumeSlice.uasset" 2798
"../../../Engine/Plugins/FX/NiagaraFluids/Content/Materials/Grid3D/Instances/MI_DebugVolumeSlice.uexp" 2799
"../../../Engine/Plugins/FX/NiagaraFluids/Content/Materials/Grid3D/M_DebugSDF.uasset" 2800
"../../../Engine/Plugins/FX/NiagaraFluids/Content/Materials/Grid3D/M_DebugSDF.uexp" 2801
"../../../Engine/Plugins/FX/NiagaraFluids/Content/Materials/Grid3D/Instances/M_DebugSDF_Inst.uasset" 2802
"../../../Engine/Plugins/FX/NiagaraFluids/Content/Materials/Grid3D/Instances/M_DebugSDF_Inst.uexp" 2803
"../../../Engine/Plugins/FX/Niagara/Content/Modules/Emitter/SpawnPerFrame.uasset" 2804
"../../../Engine/Plugins/FX/Niagara/Content/Modules/Emitter/SpawnPerFrame.uexp" 2805
"../../../Engine/Content/EngineMeshes/s_cube_1cm.ubulk" 2806
"../../../Engine/Content/EngineMeshes/s_cube_1cm.uasset" 2807
"../../../Engine/Content/EngineMeshes/s_cube_1cm.uexp" 2808
"../../../Engine/Plugins/FX/NiagaraFluids/Content/Modules/Grid3D/RasterizationGrid3D_SetResolution.uasset" 2809
"../../../Engine/Plugins/FX/NiagaraFluids/Content/Modules/Grid3D/RasterizationGrid3D_SetResolution.uexp" 2810
"../../../Engine/Plugins/FX/Niagara/Content/Functions/SimulationStageIterationInfo.uasset" 2811
"../../../Engine/Plugins/FX/Niagara/Content/Functions/SimulationStageIterationInfo.uexp" 2812
"../../../Engine/Plugins/FX/NiagaraFluids/Content/Modules/Grid3D/Grid3D_PressureIteration.uasset" 2813
"../../../Engine/Plugins/FX/NiagaraFluids/Content/Modules/Grid3D/Grid3D_PressureIteration.uexp" 2814
"../../../Engine/Plugins/FX/Niagara/Content/DynamicInputs/Multiply/Multiply_Vector.uasset" 2815
"../../../Engine/Plugins/FX/Niagara/Content/DynamicInputs/Multiply/Multiply_Vector.uexp" 2816
"../../../Engine/Plugins/FX/NiagaraFluids/Content/Enums/ENiagaraScalabilityQualityLevels.uasset" 2817
"../../../Engine/Plugins/FX/NiagaraFluids/Content/Enums/ENiagaraScalabilityQualityLevels.uexp" 2818
"../../../Engine/Plugins/FX/NiagaraFluids/Content/Materials/Particles/WhitewaterMaterial.uasset" 2819
"../../../Engine/Plugins/FX/NiagaraFluids/Content/Materials/Particles/WhitewaterMaterial.uexp" 2820
"../../../Engine/Plugins/FX/NiagaraFluids/Content/Modules/Grid3D/Secondary/Grid3D_Secondary_EmissionPoints.uasset" 2821
"../../../Engine/Plugins/FX/NiagaraFluids/Content/Modules/Grid3D/Secondary/Grid3D_Secondary_EmissionPoints.uexp" 2822
"../../../Engine/Plugins/FX/NiagaraFluids/Content/Modules/Grid3D/RasterizationGrid3D_SDFToRT.uasset" 2823
"../../../Engine/Plugins/FX/NiagaraFluids/Content/Modules/Grid3D/RasterizationGrid3D_SDFToRT.uexp" 2824
"../../../Engine/Plugins/FX/Niagara/Content/Functions/Math/GetMatrixScale.uasset" 2825
"../../../Engine/Plugins/FX/Niagara/Content/Functions/Math/GetMatrixScale.uexp" 2826
"../../../Engine/Plugins/FX/NiagaraFluids/Content/Modules/Grid3D/Grid3D_DrawBoundsOverlay.uasset" 2827
"../../../Engine/Plugins/FX/NiagaraFluids/Content/Modules/Grid3D/Grid3D_DrawBoundsOverlay.uexp" 2828
"../../../Engine/Plugins/FX/NiagaraFluids/Content/Modules/Grid3D/Grid3D_ProjectPressure.uasset" 2829
"../../../Engine/Plugins/FX/NiagaraFluids/Content/Modules/Grid3D/Grid3D_ProjectPressure.uexp" 2830
"../../../Engine/Plugins/FX/NiagaraFluids/Content/Modules/Grid3D/Grid3D_SetBoundaryGridValues.uasset" 2831
"../../../Engine/Plugins/FX/NiagaraFluids/Content/Modules/Grid3D/Grid3D_SetBoundaryGridValues.uexp" 2832
"../../../Engine/Plugins/FX/NiagaraFluids/Content/Modules/Grid3D/Grid3D_FLIP_ParticleUpdate.uasset" 2833
"../../../Engine/Plugins/FX/NiagaraFluids/Content/Modules/Grid3D/Grid3D_FLIP_ParticleUpdate.uexp" 2834
"../../../Engine/Content/Functions/Engine_MaterialFunctions02/ExampleContent/Textures/SphereRenderNormalsMap.ubulk" 2835
"../../../Engine/Content/Functions/Engine_MaterialFunctions02/ExampleContent/Textures/SphereRenderNormalsMap.uasset" 2836
"../../../Engine/Content/Functions/Engine_MaterialFunctions02/ExampleContent/Textures/SphereRenderNormalsMap.uexp" 2837
"../../../Engine/Content/Functions/Engine_MaterialFunctions02/ExampleContent/Textures/SphereRenderMask.ubulk" 2838
"../../../Engine/Content/Functions/Engine_MaterialFunctions02/ExampleContent/Textures/SphereRenderMask.uasset" 2839
"../../../Engine/Content/Functions/Engine_MaterialFunctions02/ExampleContent/Textures/SphereRenderMask.uexp" 2840
"../../../Engine/Content/Functions/Engine_MaterialFunctions02/WorldPositionOffset/Sprite_Ellipsoid.uasset" 2841
"../../../Engine/Content/Functions/Engine_MaterialFunctions02/WorldPositionOffset/Sprite_Ellipsoid.uexp" 2842
"../../../Engine/Plugins/FX/NiagaraFluids/Content/Materials/Particles/Debug3DFlip.uasset" 2843
"../../../Engine/Plugins/FX/NiagaraFluids/Content/Materials/Particles/Debug3DFlip.uexp" 2844
"../../../Engine/Plugins/FX/NiagaraFluids/Content/Modules/Grid3D/Grid3D_GetTransientsFromGridValues.uasset" 2845
"../../../Engine/Plugins/FX/NiagaraFluids/Content/Modules/Grid3D/Grid3D_GetTransientsFromGridValues.uexp" 2846
"../../../Engine/Plugins/FX/NiagaraFluids/Content/Modules/Grid3D/Grid3D_FLIP_IntegrateParticleVelocity.uasset" 2847
"../../../Engine/Plugins/FX/NiagaraFluids/Content/Modules/Grid3D/Grid3D_FLIP_IntegrateParticleVelocity.uexp" 2848
"../../../Engine/Plugins/FX/NiagaraFluids/Content/Modules/Grid3D/Grid3D_SetBounds.uasset" 2849
"../../../Engine/Plugins/FX/NiagaraFluids/Content/Modules/Grid3D/Grid3D_SetBounds.uexp" 2850
"../../../Engine/Plugins/FX/NiagaraFluids/Content/Modules/Grid3D/Grid3D_ExtrapolateVelocity.uasset" 2851
"../../../Engine/Plugins/FX/NiagaraFluids/Content/Modules/Grid3D/Grid3D_ExtrapolateVelocity.uexp" 2852
"../../../Engine/Plugins/FX/NiagaraFluids/Content/Modules/Grid3D/Grid3D_UpdateSimAttributes.uasset" 2853
"../../../Engine/Plugins/FX/NiagaraFluids/Content/Modules/Grid3D/Grid3D_UpdateSimAttributes.uexp" 2854
"../../../Engine/Plugins/FX/NiagaraFluids/Content/Modules/Grid3D/Grid3D_FLIP_RasterizeParticles.uasset" 2855
"../../../Engine/Plugins/FX/NiagaraFluids/Content/Modules/Grid3D/Grid3D_FLIP_RasterizeParticles.uexp" 2856
"../../../Engine/Plugins/FX/NiagaraFluids/Content/Modules/Grid3D/Grid3D_Visualize_VectorField.uasset" 2857
"../../../Engine/Plugins/FX/NiagaraFluids/Content/Modules/Grid3D/Grid3D_Visualize_VectorField.uexp" 2858
"../../../Engine/Plugins/FX/NiagaraFluids/Content/Modules/Grid3D/Grid3D_FLIP_SCALABILITY_SPAWN.uasset" 2859
"../../../Engine/Plugins/FX/NiagaraFluids/Content/Modules/Grid3D/Grid3D_FLIP_SCALABILITY_SPAWN.uexp" 2860
"../../../Engine/Plugins/FX/NiagaraFluids/Content/Modules/Grid3D/Grid3D_FLIP_FLUID_CONTROLS.uasset" 2861
"../../../Engine/Plugins/FX/NiagaraFluids/Content/Modules/Grid3D/Grid3D_FLIP_FLUID_CONTROLS.uexp" 2862
"../../../Engine/Plugins/FX/Niagara/Content/DynamicInputs/TypeConversions/MakeFloatFromInt.uasset" 2863
"../../../Engine/Plugins/FX/Niagara/Content/DynamicInputs/TypeConversions/MakeFloatFromInt.uexp" 2864
"../../../Engine/Plugins/FX/NiagaraFluids/Content/Modules/Grid3D/Secondary/Grid3D_Secondary_UpdateParticles.uasset" 2865
"../../../Engine/Plugins/FX/NiagaraFluids/Content/Modules/Grid3D/Secondary/Grid3D_Secondary_UpdateParticles.uexp" 2866
"../../../Engine/Plugins/FX/NiagaraFluids/Content/Modules/Grid2D/Grid2D_SetResolution.uasset" 2867
"../../../Engine/Plugins/FX/NiagaraFluids/Content/Modules/Grid2D/Grid2D_SetResolution.uexp" 2868
"C:/Users/r022260k/Documents/GitHub/ConCat/Content/Construction/Tech/Blueprints/Disasters/Tsunami/OLD_Original_Tsunami/FX_Tsunami.uasset" 2869
"C:/Users/r022260k/Documents/GitHub/ConCat/Content/Construction/Tech/Blueprints/Disasters/Tsunami/OLD_Original_Tsunami/FX_Tsunami.uexp" 2870
"C:/Users/r022260k/Documents/GitHub/ConCat/Content/Construction/Tech/Blueprints/Disasters/Tsunami/OLD_Original_Tsunami/BP_Tsunami_Large_Left.uasset" 2871
"C:/Users/r022260k/Documents/GitHub/ConCat/Content/Construction/Tech/Blueprints/Disasters/Tsunami/OLD_Original_Tsunami/BP_Tsunami_Large_Left.uexp" 2872
"../../../Engine/Plugins/FX/NiagaraFluids/Content/Materials/ShallowWater/ApplyProfileBuffer.uasset" 2873
"../../../Engine/Plugins/FX/NiagaraFluids/Content/Materials/ShallowWater/ApplyProfileBuffer.uexp" 2874
"../../../Engine/Content/EngineResources/Black.uasset" 2875
"../../../Engine/Content/EngineResources/Black.uexp" 2876
"../../../Engine/Plugins/FX/NiagaraFluids/Content/Materials/ShallowWater/WaterMaterial.uasset" 2877
"../../../Engine/Plugins/FX/NiagaraFluids/Content/Materials/ShallowWater/WaterMaterial.uexp" 2878
"../../../Engine/Plugins/FX/NiagaraFluids/Content/Materials/ShallowWater/Instances/WaterMaterial_Inst.uasset" 2879
"../../../Engine/Plugins/FX/NiagaraFluids/Content/Materials/ShallowWater/Instances/WaterMaterial_Inst.uexp" 2880
"../../../Engine/Plugins/FX/NiagaraFluids/Content/Modules/Grid2D/ShallowWater/Grid2D_SW_ExtrapolateVelocities.uasset" 2881
"../../../Engine/Plugins/FX/NiagaraFluids/Content/Modules/Grid2D/ShallowWater/Grid2D_SW_ExtrapolateVelocities.uexp" 2882
"../../../Engine/Plugins/FX/NiagaraFluids/Content/Modules/Grid2D/Grid2D_InitRT.uasset" 2883
"../../../Engine/Plugins/FX/NiagaraFluids/Content/Modules/Grid2D/Grid2D_InitRT.uexp" 2884
"../../../Engine/Plugins/FX/Niagara/Content/DynamicInputs/TypeConversions/MakeVector.uasset" 2885
"../../../Engine/Plugins/FX/Niagara/Content/DynamicInputs/TypeConversions/MakeVector.uexp" 2886
"../../../Engine/Plugins/FX/Niagara/Content/DynamicInputs/Divide/Divide_Vector.uasset" 2887
"../../../Engine/Plugins/FX/Niagara/Content/DynamicInputs/Divide/Divide_Vector.uexp" 2888
"../../../Engine/Plugins/FX/Niagara/Content/Enums/ENiagaraVector3_Channels.uasset" 2889
"../../../Engine/Plugins/FX/Niagara/Content/Enums/ENiagaraVector3_Channels.uexp" 2890
"../../../Engine/Plugins/FX/Niagara/Content/DynamicInputs/Angles/Cosine.uasset" 2891
"../../../Engine/Plugins/FX/Niagara/Content/DynamicInputs/Angles/Cosine.uexp" 2892
"../../../Engine/Plugins/FX/NiagaraFluids/Content/Modules/Grid2D/ShallowWater/Grid2D_SW_SmoothBoundaryCells.uasset" 2893
"../../../Engine/Plugins/FX/NiagaraFluids/Content/Modules/Grid2D/ShallowWater/Grid2D_SW_SmoothBoundaryCells.uexp" 2894
"../../../Engine/Content/EngineMeshes/MaterialSphere.ubulk" 2895
"../../../Engine/Content/EngineMeshes/MaterialSphere.uasset" 2896
"../../../Engine/Content/EngineMeshes/MaterialSphere.uexp" 2897
"../../../Engine/Plugins/FX/NiagaraFluids/Content/Modules/Grid2D/ShallowWater/Grid2D_SW_ExtrapolateHeight.uasset" 2898
"../../../Engine/Plugins/FX/NiagaraFluids/Content/Modules/Grid2D/ShallowWater/Grid2D_SW_ExtrapolateHeight.uexp" 2899
"../../../Engine/Plugins/FX/Niagara/Content/DynamicInputs/Multiply/Multiply_VectorByFloat.uasset" 2900
"../../../Engine/Plugins/FX/Niagara/Content/DynamicInputs/Multiply/Multiply_VectorByFloat.uexp" 2901
"../../../Engine/Plugins/FX/Niagara/Content/Enums/ENiagaraVector2_Channels.uasset" 2902
"../../../Engine/Plugins/FX/Niagara/Content/Enums/ENiagaraVector2_Channels.uexp" 2903
"../../../Engine/Plugins/FX/NiagaraFluids/Content/Modules/Grid2D/ShallowWater/Grid2D_SW_UpdateDepthGrid.uasset" 2904
"../../../Engine/Plugins/FX/NiagaraFluids/Content/Modules/Grid2D/ShallowWater/Grid2D_SW_UpdateDepthGrid.uexp" 2905
"../../../Engine/Plugins/FX/NiagaraFluids/Content/Modules/Grid2D/ShallowWater/Grid2D_SW_UpdateVelocity.uasset" 2906
"../../../Engine/Plugins/FX/NiagaraFluids/Content/Modules/Grid2D/ShallowWater/Grid2D_SW_UpdateVelocity.uexp" 2907
"../../../Engine/Plugins/FX/Niagara/Content/Enums/Transforms/ENiagara_LWCConvertPosToVec.uasset" 2908
"../../../Engine/Plugins/FX/Niagara/Content/Enums/Transforms/ENiagara_LWCConvertPosToVec.uexp" 2909
"../../../Engine/Plugins/FX/Niagara/Content/DynamicInputs/Transforms/ConvertPositionToVector.uasset" 2910
"../../../Engine/Plugins/FX/Niagara/Content/DynamicInputs/Transforms/ConvertPositionToVector.uexp" 2911
"../../../Engine/Plugins/FX/Niagara/Content/Functions/ChannelMasks/SelectV2Channel.uasset" 2912
"../../../Engine/Plugins/FX/Niagara/Content/Functions/ChannelMasks/SelectV2Channel.uexp" 2913
"../../../Engine/Plugins/FX/Niagara/Content/DynamicInputs/TypeConversions/MakeFloatFromVector2d.uasset" 2914
"../../../Engine/Plugins/FX/Niagara/Content/DynamicInputs/TypeConversions/MakeFloatFromVector2d.uexp" 2915
"../../../Engine/Plugins/FX/NiagaraFluids/Content/Modules/Grid2D/Grid2D_SetBounds.uasset" 2916
"../../../Engine/Plugins/FX/NiagaraFluids/Content/Modules/Grid2D/Grid2D_SetBounds.uexp" 2917
"../../../Engine/Plugins/FX/NiagaraFluids/Content/Modules/Grid2D/ShallowWater/Grid2D_SW_UpdateSimAttributes.uasset" 2918
"../../../Engine/Plugins/FX/NiagaraFluids/Content/Modules/Grid2D/ShallowWater/Grid2D_SW_UpdateSimAttributes.uexp" 2919
"../../../Engine/Plugins/FX/NiagaraFluids/Content/Modules/Grid2D/ShallowWater/Grid2D_SW_ExtrapolateRenderHeight.uasset" 2920
"../../../Engine/Plugins/FX/NiagaraFluids/Content/Modules/Grid2D/ShallowWater/Grid2D_SW_ExtrapolateRenderHeight.uexp" 2921
"../../../Engine/Plugins/FX/NiagaraFluids/Content/Modules/Grid2D/ShallowWater/Grid2D_SW_DistributeOverlapVolume.uasset" 2922
"../../../Engine/Plugins/FX/NiagaraFluids/Content/Modules/Grid2D/ShallowWater/Grid2D_SW_DistributeOverlapVolume.uexp" 2923
"../../../Engine/Plugins/FX/NiagaraFluids/Content/Modules/Grid2D/Grid2D_Gas_SetRTValues.uasset" 2924
"../../../Engine/Plugins/FX/NiagaraFluids/Content/Modules/Grid2D/Grid2D_Gas_SetRTValues.uexp" 2925
"../../../Engine/Plugins/FX/Niagara/Content/DynamicInputs/TypeConversions/VectorFromFloat.uasset" 2926
"../../../Engine/Plugins/FX/Niagara/Content/DynamicInputs/TypeConversions/VectorFromFloat.uexp" 2927
"../../../Engine/Plugins/FX/Niagara/Content/Functions/ChannelMasks/SelectV3Channel.uasset" 2928
"../../../Engine/Plugins/FX/Niagara/Content/Functions/ChannelMasks/SelectV3Channel.uexp" 2929
"../../../Engine/Plugins/FX/Niagara/Content/DynamicInputs/TypeConversions/MakeFloatFromVector.uasset" 2930
"../../../Engine/Plugins/FX/Niagara/Content/DynamicInputs/TypeConversions/MakeFloatFromVector.uexp" 2931
"../../../Engine/Plugins/FX/NiagaraFluids/Content/Modules/Grid2D/ShallowWater/Grid2D_SW_Advect.uasset" 2932
"../../../Engine/Plugins/FX/NiagaraFluids/Content/Modules/Grid2D/ShallowWater/Grid2D_SW_Advect.uexp" 2933
"../../../Engine/Plugins/FX/NiagaraFluids/Content/Modules/Grid2D/Grid2D_CreateUnitToWorldTransform.uasset" 2934
"../../../Engine/Plugins/FX/NiagaraFluids/Content/Modules/Grid2D/Grid2D_CreateUnitToWorldTransform.uexp" 2935
"../../../Engine/Plugins/FX/NiagaraFluids/Content/Modules/Grid2D/ShallowWater/Grid2D_UpdateCollisions.uasset" 2936
"../../../Engine/Plugins/FX/NiagaraFluids/Content/Modules/Grid2D/ShallowWater/Grid2D_UpdateCollisions.uexp" 2937
"../../../Engine/Plugins/FX/NiagaraFluids/Content/Modules/Grid2D/ShallowWater/Grid2D_SW_ComputeNormals.uasset" 2938
"../../../Engine/Plugins/FX/NiagaraFluids/Content/Modules/Grid2D/ShallowWater/Grid2D_SW_ComputeNormals.uexp" 2939
"../../../Engine/Plugins/FX/NiagaraFluids/Content/Modules/Grid2D/ShallowWater/Grid2D_SW_Init.uasset" 2940
"../../../Engine/Plugins/FX/NiagaraFluids/Content/Modules/Grid2D/ShallowWater/Grid2D_SW_Init.uexp" 2941
"../../../Engine/Plugins/FX/NiagaraFluids/Content/Meshes/plane512.ubulk" 2942
"../../../Engine/Plugins/FX/NiagaraFluids/Content/Meshes/plane512.uasset" 2943
"../../../Engine/Plugins/FX/NiagaraFluids/Content/Meshes/plane512.uexp" 2944
"../../../Engine/Plugins/FX/Niagara/Content/Modules/PostSolvers/CalculateAccurateVelocity.uasset" 2945
"../../../Engine/Plugins/FX/Niagara/Content/Modules/PostSolvers/CalculateAccurateVelocity.uexp" 2946
"../../../Engine/Plugins/FX/Niagara/Content/DynamicInputs/Add/Add_Vector.uasset" 2947
"../../../Engine/Plugins/FX/Niagara/Content/DynamicInputs/Add/Add_Vector.uexp" 2948
"../../../Engine/Plugins/FX/Niagara/Content/Modules/Update/Color/Color.uasset" 2949
"../../../Engine/Plugins/FX/Niagara/Content/Modules/Update/Color/Color.uexp" 2950
"C:/Users/r022260k/Documents/GitHub/ConCat/Content/Construction/Tech/Blueprints/Disasters/Tsunami/FX/FX_Water_DEV.uasset" 2951
"C:/Users/r022260k/Documents/GitHub/ConCat/Content/Construction/Tech/Blueprints/Disasters/Tsunami/FX/FX_Water_DEV.uexp" 2952
"C:/Users/r022260k/Documents/GitHub/ConCat/Content/Construction/Tech/Blueprints/Disasters/Tsunami/BP/BP_New_Move_Up_Water.uasset" 2953
"C:/Users/r022260k/Documents/GitHub/ConCat/Content/Construction/Tech/Blueprints/Disasters/Tsunami/BP/BP_New_Move_Up_Water.uexp" 2954
"C:/Users/r022260k/Documents/GitHub/ConCat/Content/Construction/Tech/Blueprints/Disasters/Tsunami/OLD_Original_Tsunami/BP_Tsunami_Spawner_USE_THIS.uasset" 2955
"C:/Users/r022260k/Documents/GitHub/ConCat/Content/Construction/Tech/Blueprints/Disasters/Tsunami/OLD_Original_Tsunami/BP_Tsunami_Spawner_USE_THIS.uexp" 2956
"C:/Users/r022260k/Documents/GitHub/ConCat/Content/Construction/Tech/Blueprints/Disasters/Tsunami/Water_Cartoon/Textures/T_NormalWater.ubulk" 2957
"C:/Users/r022260k/Documents/GitHub/ConCat/Content/Construction/Tech/Blueprints/Disasters/Tsunami/Water_Cartoon/Textures/T_NormalWater.uasset" 2958
"C:/Users/r022260k/Documents/GitHub/ConCat/Content/Construction/Tech/Blueprints/Disasters/Tsunami/Water_Cartoon/Textures/T_NormalWater.uexp" 2959
"C:/Users/r022260k/Documents/GitHub/ConCat/Content/Construction/Tech/Blueprints/Disasters/Tsunami/Water_Cartoon/Textures/T_Caustics.ubulk" 2960
"C:/Users/r022260k/Documents/GitHub/ConCat/Content/Construction/Tech/Blueprints/Disasters/Tsunami/Water_Cartoon/Textures/T_Caustics.uasset" 2961
"C:/Users/r022260k/Documents/GitHub/ConCat/Content/Construction/Tech/Blueprints/Disasters/Tsunami/Water_Cartoon/Textures/T_Caustics.uexp" 2962
"C:/Users/r022260k/Documents/GitHub/ConCat/Content/Construction/Tech/Blueprints/Disasters/Tsunami/Water_Cartoon/DONT_EDIT/M_Water_Cartoon_Original_DONT_EDIT.uasset" 2963
"C:/Users/r022260k/Documents/GitHub/ConCat/Content/Construction/Tech/Blueprints/Disasters/Tsunami/Water_Cartoon/DONT_EDIT/M_Water_Cartoon_Original_DONT_EDIT.uexp" 2964
"C:/Users/r022260k/Documents/GitHub/ConCat/Content/Construction/Tech/Blueprints/Disasters/Tsunami/Water_Cartoon/Materials/M_Water_Cartoon_Calm.uasset" 2965
"C:/Users/r022260k/Documents/GitHub/ConCat/Content/Construction/Tech/Blueprints/Disasters/Tsunami/Water_Cartoon/Materials/M_Water_Cartoon_Calm.uexp" 2966
"C:/Users/r022260k/Documents/GitHub/ConCat/Content/Construction/Tech/Blueprints/Disasters/Tsunami/Water_Cartoon/Materials/M_Water_Cartoon_Inst_Tsunami.uasset" 2967
"C:/Users/r022260k/Documents/GitHub/ConCat/Content/Construction/Tech/Blueprints/Disasters/Tsunami/Water_Cartoon/Materials/M_Water_Cartoon_Inst_Tsunami.uexp" 2968
"C:/Users/r022260k/Documents/GitHub/ConCat/Content/Construction/Tech/Blueprints/Disasters/Tsunami/BP/BP_New_Water.uasset" 2969
"C:/Users/r022260k/Documents/GitHub/ConCat/Content/Construction/Tech/Blueprints/Disasters/Tsunami/BP/BP_New_Water.uexp" 2970
"C:/Users/r022260k/Documents/GitHub/ConCat/Content/Construction/Tech/Blueprints/Disasters/Tsunami/Water_Cartoon/Materials/M_Water_Cartoon_TEST.uasset" 2971
"C:/Users/r022260k/Documents/GitHub/ConCat/Content/Construction/Tech/Blueprints/Disasters/Tsunami/Water_Cartoon/Materials/M_Water_Cartoon_TEST.uexp" 2972
"../../../Engine/Plugins/Enterprise/DatasmithContent/Content/Materials/Water/Textures/T_WaterNormal01_N.ubulk" 2973
"../../../Engine/Plugins/Enterprise/DatasmithContent/Content/Materials/Water/Textures/T_WaterNormal01_N.uasset" 2974
"../../../Engine/Plugins/Enterprise/DatasmithContent/Content/Materials/Water/Textures/T_WaterNormal01_N.uexp" 2975
"C:/Users/r022260k/Documents/GitHub/ConCat/Content/Construction/Tech/Blueprints/Disasters/Tsunami/Water_Cartoon/Materials/M_WaterMaterial_For_Niagara_Effect.uasset" 2976
"C:/Users/r022260k/Documents/GitHub/ConCat/Content/Construction/Tech/Blueprints/Disasters/Tsunami/Water_Cartoon/Materials/M_WaterMaterial_For_Niagara_Effect.uexp" 2977
"C:/Users/r022260k/Documents/GitHub/ConCat/Content/Construction/Tech/Blueprints/Disasters/Tsunami/OLD_Original_Tsunami/BP_Tsunami_Small_NOT_USED.uasset" 2978
"C:/Users/r022260k/Documents/GitHub/ConCat/Content/Construction/Tech/Blueprints/Disasters/Tsunami/OLD_Original_Tsunami/BP_Tsunami_Small_NOT_USED.uexp" 2979
"../../../Engine/Plugins/FX/Niagara/Content/Functions/RandomPointInSphere.uasset" 2980
"../../../Engine/Plugins/FX/Niagara/Content/Functions/RandomPointInSphere.uexp" 2981
"../../../Engine/Plugins/FX/Niagara/Content/Modules/Spawn/Location/SphereLocation.uasset" 2982
"../../../Engine/Plugins/FX/Niagara/Content/Modules/Spawn/Location/SphereLocation.uexp" 2983
"C:/Users/r022260k/Documents/GitHub/ConCat/Content/Construction/Tech/Blueprints/Disasters/Tsunami/OLD_Original_Tsunami/FX_Fill_Up.uasset" 2984
"C:/Users/r022260k/Documents/GitHub/ConCat/Content/Construction/Tech/Blueprints/Disasters/Tsunami/OLD_Original_Tsunami/FX_Fill_Up.uexp" 2985
"C:/Users/r022260k/Documents/GitHub/ConCat/Content/Construction/Tech/Blueprints/Disasters/Tsunami/OLD_Original_Tsunami/BP_Fill_Up.uasset" 2986
"C:/Users/r022260k/Documents/GitHub/ConCat/Content/Construction/Tech/Blueprints/Disasters/Tsunami/OLD_Original_Tsunami/BP_Fill_Up.uexp" 2987
"../../../Engine/Plugins/FX/Niagara/Content/DynamicInputs/Add/Add_Integer.uasset" 2988
"../../../Engine/Plugins/FX/Niagara/Content/DynamicInputs/Add/Add_Integer.uexp" 2989
"../../../Engine/Plugins/FX/Niagara/Content/DynamicInputs/LinearColor/MultiplyLinearColor.uasset" 2990
"../../../Engine/Plugins/FX/Niagara/Content/DynamicInputs/LinearColor/MultiplyLinearColor.uexp" 2991
"../../../Engine/Plugins/FX/NiagaraFluids/Content/Modules/Grid3D/Grid3D_GAS_CONTROLS_SPAWN.uasset" 2992
"../../../Engine/Plugins/FX/NiagaraFluids/Content/Modules/Grid3D/Grid3D_GAS_CONTROLS_SPAWN.uexp" 2993
"../../../Engine/Plugins/FX/Niagara/Content/Enums/Transforms/ENiagara_LWCConvertVecToPos.uasset" 2994
"../../../Engine/Plugins/FX/Niagara/Content/Enums/Transforms/ENiagara_LWCConvertVecToPos.uexp" 2995
"../../../Engine/Plugins/FX/Niagara/Content/DynamicInputs/Transforms/ConvertVectorToPosition.uasset" 2996
"../../../Engine/Plugins/FX/Niagara/Content/DynamicInputs/Transforms/ConvertVectorToPosition.uexp" 2997
"../../../Engine/Plugins/FX/Niagara/Content/Enums/ENiagara_IDAttributes.uasset" 2998
"../../../Engine/Plugins/FX/Niagara/Content/Enums/ENiagara_IDAttributes.uexp" 2999
"../../../Engine/Plugins/FX/Niagara/Content/DynamicInputs/Execution/V2/ReturnParticleIDAttributes.uasset" 3000
"../../../Engine/Plugins/FX/Niagara/Content/DynamicInputs/Execution/V2/ReturnParticleIDAttributes.uexp" 3001
"../../../Engine/Plugins/FX/Niagara/Content/DynamicInputs/Helpers/MaskFloatBySpawnGroup.uasset" 3002
"../../../Engine/Plugins/FX/Niagara/Content/DynamicInputs/Helpers/MaskFloatBySpawnGroup.uexp" 3003
"../../../Engine/Plugins/FX/Niagara/Content/DynamicInputs/Helpers/SimulationPosition.uasset" 3004
"../../../Engine/Plugins/FX/Niagara/Content/DynamicInputs/Helpers/SimulationPosition.uexp" 3005
"../../../Engine/Plugins/FX/Niagara/Content/DynamicInputs/Add/Add_Float.uasset" 3006
"../../../Engine/Plugins/FX/Niagara/Content/DynamicInputs/Add/Add_Float.uexp" 3007
"../../../Engine/Plugins/FX/NiagaraFluids/Content/Materials/Utility/M_SolidParticle.uasset" 3008
"../../../Engine/Plugins/FX/NiagaraFluids/Content/Materials/Utility/M_SolidParticle.uexp" 3009
"../../../Engine/Plugins/FX/NiagaraFluids/Content/Modules/Particles/SetFluidSourceAttributes.uasset" 3010
"../../../Engine/Plugins/FX/NiagaraFluids/Content/Modules/Particles/SetFluidSourceAttributes.uexp" 3011
"../../../Engine/Plugins/FX/Niagara/Content/Enums/ENiagaraBooleanLogicOps.uasset" 3012
"../../../Engine/Plugins/FX/Niagara/Content/Enums/ENiagaraBooleanLogicOps.uexp" 3013
"../../../Engine/Plugins/FX/Niagara/Content/Enums/ENiagaraBooleanLogicOps_v2.uasset" 3014
"../../../Engine/Plugins/FX/Niagara/Content/Enums/ENiagaraBooleanLogicOps_v2.uexp" 3015
"../../../Engine/Plugins/FX/Niagara/Content/DynamicInputs/Bool/v2/SetBoolByFloatComparison.uasset" 3016
"../../../Engine/Plugins/FX/Niagara/Content/DynamicInputs/Bool/v2/SetBoolByFloatComparison.uexp" 3017
"../../../Engine/Plugins/FX/Niagara/Content/DynamicInputs/Fmod/ModuloInt.uasset" 3018
"../../../Engine/Plugins/FX/Niagara/Content/DynamicInputs/Fmod/ModuloInt.uexp" 3019
"../../../Engine/Plugins/FX/Niagara/Content/DynamicInputs/TypeConversions/VectorLength.uasset" 3020
"../../../Engine/Plugins/FX/Niagara/Content/DynamicInputs/TypeConversions/VectorLength.uexp" 3021
"../../../Engine/Plugins/FX/Niagara/Content/DynamicInputs/LinearColor/MakeFloat4FromVectorAndFloat.uasset" 3022
"../../../Engine/Plugins/FX/Niagara/Content/DynamicInputs/LinearColor/MakeFloat4FromVectorAndFloat.uexp" 3023
"../../../Engine/Plugins/FX/Niagara/Content/DynamicInputs/Helpers/MaskIntBySpawnGroup.uasset" 3024
"../../../Engine/Plugins/FX/Niagara/Content/DynamicInputs/Helpers/MaskIntBySpawnGroup.uexp" 3025
"../../../Engine/Plugins/FX/Niagara/Content/DynamicInputs/Power/Power.uasset" 3026
"../../../Engine/Plugins/FX/Niagara/Content/DynamicInputs/Power/Power.uexp" 3027
"../../../Engine/Plugins/FX/Niagara/Content/DynamicInputs/Clamp/Float/RemapRange.uasset" 3028
"../../../Engine/Plugins/FX/Niagara/Content/DynamicInputs/Clamp/Float/RemapRange.uexp" 3029
"../../../Engine/Plugins/FX/Niagara/Content/DynamicInputs/Subtract/Subtract_Vector.uasset" 3030
"../../../Engine/Plugins/FX/Niagara/Content/DynamicInputs/Subtract/Subtract_Vector.uexp" 3031
"../../../Engine/Plugins/FX/Niagara/Content/DynamicInputs/Math/Min_Float.uasset" 3032
"../../../Engine/Plugins/FX/Niagara/Content/DynamicInputs/Math/Min_Float.uexp" 3033
"../../../Engine/Plugins/FX/NiagaraFluids/Content/Modules/Grid3D/Grid3D_ResampleVector.uasset" 3034
"../../../Engine/Plugins/FX/NiagaraFluids/Content/Modules/Grid3D/Grid3D_ResampleVector.uexp" 3035
"../../../Engine/Plugins/FX/NiagaraFluids/Content/Modules/Grid3D/Grid3D_VorticityConfinementForce.uasset" 3036
"../../../Engine/Plugins/FX/NiagaraFluids/Content/Modules/Grid3D/Grid3D_VorticityConfinementForce.uexp" 3037
"../../../Engine/Plugins/FX/Niagara/Content/DynamicInputs/TypeConversions/MakeCustomVectorFromBool.uasset" 3038
"../../../Engine/Plugins/FX/Niagara/Content/DynamicInputs/TypeConversions/MakeCustomVectorFromBool.uexp" 3039
"../../../Engine/Plugins/FX/NiagaraFluids/Content/Modules/Grid3D/Grid3D_GAS_SCALABILITY_UPDATE.uasset" 3040
"../../../Engine/Plugins/FX/NiagaraFluids/Content/Modules/Grid3D/Grid3D_GAS_SCALABILITY_UPDATE.uexp" 3041
"../../../Engine/Plugins/FX/NiagaraFluids/Content/Enums/ENiagaraAdvectionMethod.uasset" 3042
"../../../Engine/Plugins/FX/NiagaraFluids/Content/Enums/ENiagaraAdvectionMethod.uexp" 3043
"../../../Engine/Plugins/FX/NiagaraFluids/Content/Modules/Grid3D/Grid3D_AdvectScalar.uasset" 3044
"../../../Engine/Plugins/FX/NiagaraFluids/Content/Modules/Grid3D/Grid3D_AdvectScalar.uexp" 3045
"../../../Engine/Plugins/FX/NiagaraFluids/Content/Enums/ENiagaraFluidAttributeList.uasset" 3046
"../../../Engine/Plugins/FX/NiagaraFluids/Content/Enums/ENiagaraFluidAttributeList.uexp" 3047
"../../../Engine/Plugins/FX/NiagaraFluids/Content/Functions/Grid3D/Grid3D_IndexFromNamedAttribute.uasset" 3048
"../../../Engine/Plugins/FX/NiagaraFluids/Content/Functions/Grid3D/Grid3D_IndexFromNamedAttribute.uexp" 3049
"../../../Engine/Plugins/FX/NiagaraFluids/Content/DynamicInput/Grid3D_GetGridIndexFromName.uasset" 3050
"../../../Engine/Plugins/FX/NiagaraFluids/Content/DynamicInput/Grid3D_GetGridIndexFromName.uexp" 3051
"../../../Engine/Plugins/FX/NiagaraFluids/Content/Modules/Grid3D/Grid3D_ModifyGridScale.uasset" 3052
"../../../Engine/Plugins/FX/NiagaraFluids/Content/Modules/Grid3D/Grid3D_ModifyGridScale.uexp" 3053
"../../../Engine/Plugins/FX/NiagaraFluids/Content/Modules/Grid3D/Grid3D_Gas_Buoyancy.uasset" 3054
"../../../Engine/Plugins/FX/NiagaraFluids/Content/Modules/Grid3D/Grid3D_Gas_Buoyancy.uexp" 3055
"../../../Engine/Plugins/FX/NiagaraFluids/Content/Modules/Grid3D/Grid3D_ComputeCurl.uasset" 3056
"../../../Engine/Plugins/FX/NiagaraFluids/Content/Modules/Grid3D/Grid3D_ComputeCurl.uexp" 3057
"../../../Engine/Plugins/FX/NiagaraFluids/Content/Enums/ENiagaraGasDensityRenderTypes.uasset" 3058
"../../../Engine/Plugins/FX/NiagaraFluids/Content/Enums/ENiagaraGasDensityRenderTypes.uexp" 3059
"../../../Engine/Plugins/FX/NiagaraFluids/Content/Enums/ENiagaraGasTemperatureRenderTypes.uasset" 3060
"../../../Engine/Plugins/FX/NiagaraFluids/Content/Enums/ENiagaraGasTemperatureRenderTypes.uexp" 3061
"../../../Engine/Plugins/FX/NiagaraFluids/Content/Modules/Grid3D/Grid3D_GAS_CONTROLS_UPDATE.uasset" 3062
"../../../Engine/Plugins/FX/NiagaraFluids/Content/Modules/Grid3D/Grid3D_GAS_CONTROLS_UPDATE.uexp" 3063
"../../../Engine/Plugins/FX/NiagaraFluids/Content/Functions/General/DissipateVector.uasset" 3064
"../../../Engine/Plugins/FX/NiagaraFluids/Content/Functions/General/DissipateVector.uexp" 3065
"../../../Engine/Plugins/FX/NiagaraFluids/Content/Materials/Functions/Niagara_Grid3D_BoxIntersection.uasset" 3066
"../../../Engine/Plugins/FX/NiagaraFluids/Content/Materials/Functions/Niagara_Grid3D_BoxIntersection.uexp" 3067
"../../../Engine/Content/Functions/Engine_MaterialFunctions01/Volumetrics/SchlickPhase.uasset" 3068
"../../../Engine/Content/Functions/Engine_MaterialFunctions01/Volumetrics/SchlickPhase.uexp" 3069
"../../../Engine/Plugins/FX/NiagaraFluids/Content/Materials/Grid3D/M_RayMarch_Smoke.uasset" 3070
"../../../Engine/Plugins/FX/NiagaraFluids/Content/Materials/Grid3D/M_RayMarch_Smoke.uexp" 3071
"../../../Engine/Plugins/FX/NiagaraFluids/Content/Materials/Grid3D/Instances/M_RayMarch_Smoke_Inst.uasset" 3072
"../../../Engine/Plugins/FX/NiagaraFluids/Content/Materials/Grid3D/Instances/M_RayMarch_Smoke_Inst.uexp" 3073
"../../../Engine/Plugins/FX/NiagaraFluids/Content/Modules/Grid3D/Grid3D_CreateGridAttributeIndices.uasset" 3074
"../../../Engine/Plugins/FX/NiagaraFluids/Content/Modules/Grid3D/Grid3D_CreateGridAttributeIndices.uexp" 3075
"../../../Engine/Plugins/FX/NiagaraFluids/Content/Modules/Grid3D/Grid3D_SetVectorValue.uasset" 3076
"../../../Engine/Plugins/FX/NiagaraFluids/Content/Modules/Grid3D/Grid3D_SetVectorValue.uexp" 3077
"../../../Engine/Plugins/FX/NiagaraFluids/Content/Modules/Grid3D/Grid3D_IntegrateForces.uasset" 3078
"../../../Engine/Plugins/FX/NiagaraFluids/Content/Modules/Grid3D/Grid3D_IntegrateForces.uexp" 3079
"../../../Engine/Plugins/FX/NiagaraFluids/Content/Modules/Grid3D/Grid3D_GetVector.uasset" 3080
"../../../Engine/Plugins/FX/NiagaraFluids/Content/Modules/Grid3D/Grid3D_GetVector.uexp" 3081
"../../../Engine/Plugins/FX/NiagaraFluids/Content/Functions/General/RayBoxIntersection.uasset" 3082
"../../../Engine/Plugins/FX/NiagaraFluids/Content/Functions/General/RayBoxIntersection.uexp" 3083
"../../../Engine/Plugins/FX/NiagaraFluids/Content/Modules/Grid3D/Grid3D_BakeDirectionalLight.uasset" 3084
"../../../Engine/Plugins/FX/NiagaraFluids/Content/Modules/Grid3D/Grid3D_BakeDirectionalLight.uexp" 3085
"../../../Engine/Plugins/FX/NiagaraFluids/Content/Modules/Grid3D/Grid3D_GAS_SCALABILITY_SPAWN.uasset" 3086
"../../../Engine/Plugins/FX/NiagaraFluids/Content/Modules/Grid3D/Grid3D_GAS_SCALABILITY_SPAWN.uexp" 3087
"../../../Engine/Plugins/FX/Niagara/Content/DynamicInputs/Clamp/ClampFloat.uasset" 3088
"../../../Engine/Plugins/FX/Niagara/Content/DynamicInputs/Clamp/ClampFloat.uexp" 3089
"../../../Engine/Plugins/FX/NiagaraFluids/Content/Functions/General/DissipateFloat.uasset" 3090
"../../../Engine/Plugins/FX/NiagaraFluids/Content/Functions/General/DissipateFloat.uexp" 3091
"../../../Engine/Plugins/FX/NiagaraFluids/Content/Functions/General/SceneDepthQuery_IntersectMask.uasset" 3092
"../../../Engine/Plugins/FX/NiagaraFluids/Content/Functions/General/SceneDepthQuery_IntersectMask.uexp" 3093
"../../../Engine/Plugins/FX/NiagaraFluids/Content/Modules/Grid3D/Grid3D_Gas_Init.uasset" 3094
"../../../Engine/Plugins/FX/NiagaraFluids/Content/Modules/Grid3D/Grid3D_Gas_Init.uexp" 3095
"../../../Engine/Plugins/FX/NiagaraFluids/Content/Modules/Grid3D/Grid3D_ResampleFloat.uasset" 3096
"../../../Engine/Plugins/FX/NiagaraFluids/Content/Modules/Grid3D/Grid3D_ResampleFloat.uexp" 3097
"../../../Engine/Plugins/FX/NiagaraFluids/Content/Modules/Grid3D/Grid3D_SetRTValues.uasset" 3098
"../../../Engine/Plugins/FX/NiagaraFluids/Content/Modules/Grid3D/Grid3D_SetRTValues.uexp" 3099
"../../../Engine/Plugins/FX/NiagaraFluids/Content/Modules/Grid3D/Grid3D_AdvectVector.uasset" 3100
"../../../Engine/Plugins/FX/NiagaraFluids/Content/Modules/Grid3D/Grid3D_AdvectVector.uexp" 3101
"../../../Engine/Content/ArtTools/RenderToTexture/Textures/127grey.uasset" 3102
"../../../Engine/Content/ArtTools/RenderToTexture/Textures/127grey.uexp" 3103
"../../../Engine/Plugins/FX/NiagaraFluids/Content/Materials/Grid3D/M_RayMarch_Fire_Ramps.uasset" 3104
"../../../Engine/Plugins/FX/NiagaraFluids/Content/Materials/Grid3D/M_RayMarch_Fire_Ramps.uexp" 3105
"../../../Engine/Plugins/FX/NiagaraFluids/Content/Materials/Grid3D/Instances/MI_RayMarch_Fire_Ramps.uasset" 3106
"../../../Engine/Plugins/FX/NiagaraFluids/Content/Materials/Grid3D/Instances/MI_RayMarch_Fire_Ramps.uexp" 3107
"../../../Engine/Plugins/FX/NiagaraFluids/Content/Modules/Grid3D/Grid3D_Turbulence.uasset" 3108
"../../../Engine/Plugins/FX/NiagaraFluids/Content/Modules/Grid3D/Grid3D_Turbulence.uexp" 3109
"../../../Engine/Plugins/FX/Niagara/Content/DynamicInputs/Subtract/Subtract_Float.uasset" 3110
"../../../Engine/Plugins/FX/Niagara/Content/DynamicInputs/Subtract/Subtract_Float.uexp" 3111
"../../../Engine/Plugins/FX/Niagara/Content/DynamicInputs/Divide/Divide_Float.uasset" 3112
"../../../Engine/Plugins/FX/Niagara/Content/DynamicInputs/Divide/Divide_Float.uexp" 3113
"../../../Engine/Plugins/FX/Niagara/Content/DynamicInputs/TypeConversions/MakeCustomFloatFromBool.uasset" 3114
"../../../Engine/Plugins/FX/Niagara/Content/DynamicInputs/TypeConversions/MakeCustomFloatFromBool.uexp" 3115
"../../../Engine/Plugins/FX/Niagara/Content/DynamicInputs/Math/Max_Float.uasset" 3116
"../../../Engine/Plugins/FX/Niagara/Content/DynamicInputs/Math/Max_Float.uexp" 3117
"../../../Engine/Plugins/FX/NiagaraFluids/Content/DynamicInput/MaxVectorByLength.uasset" 3118
"../../../Engine/Plugins/FX/NiagaraFluids/Content/DynamicInput/MaxVectorByLength.uexp" 3119
"../../../Engine/Plugins/FX/NiagaraFluids/Content/Functions/Grid3D/Grid3D_Splat_Scalar.uasset" 3120
"../../../Engine/Plugins/FX/NiagaraFluids/Content/Functions/Grid3D/Grid3D_Splat_Scalar.uexp" 3121
"../../../Engine/Plugins/FX/NiagaraFluids/Content/Functions/Grid3D/Grid3D_Splat_Vector.uasset" 3122
"../../../Engine/Plugins/FX/NiagaraFluids/Content/Functions/Grid3D/Grid3D_Splat_Vector.uexp" 3123
"../../../Engine/Plugins/FX/NiagaraFluids/Content/Modules/Grid3D/Grid3D_Gas_ParticleScatterSource.uasset" 3124
"../../../Engine/Plugins/FX/NiagaraFluids/Content/Modules/Grid3D/Grid3D_Gas_ParticleScatterSource.uexp" 3125
"C:/Users/r022260k/Documents/GitHub/ConCat/Content/Construction/Tech/Blueprints/Disasters/MeteorShower/Explosion_Dust_DEV_OLD/T_Test_Bake_EXPOSION.ubulk" 3126
"C:/Users/r022260k/Documents/GitHub/ConCat/Content/Construction/Tech/Blueprints/Disasters/MeteorShower/Explosion_Dust_DEV_OLD/T_Test_Bake_EXPOSION.uasset" 3127
"C:/Users/r022260k/Documents/GitHub/ConCat/Content/Construction/Tech/Blueprints/Disasters/MeteorShower/Explosion_Dust_DEV_OLD/T_Test_Bake_EXPOSION.uexp" 3128
"C:/Users/r022260k/Documents/GitHub/ConCat/Content/Construction/Tech/Blueprints/Disasters/MeteorShower/Explosion_Dust_DEV_OLD/FX_Explosion_Dust.uasset" 3129
"C:/Users/r022260k/Documents/GitHub/ConCat/Content/Construction/Tech/Blueprints/Disasters/MeteorShower/Explosion_Dust_DEV_OLD/FX_Explosion_Dust.uexp" 3130
"../../../Engine/Plugins/FX/Niagara/Content/Functions/Math/SubUV_TextureCoordinates.uasset" 3131
"../../../Engine/Plugins/FX/Niagara/Content/Functions/Math/SubUV_TextureCoordinates.uexp" 3132
"../../../Engine/Plugins/FX/Niagara/Content/Modules/Update/Textures/SubUV_TextureSample.uasset" 3133
"../../../Engine/Plugins/FX/Niagara/Content/Modules/Update/Textures/SubUV_TextureSample.uexp" 3134
"C:/Users/r022260k/Documents/GitHub/ConCat/Content/Construction/Tech/Blueprints/Disasters/MeteorShower/Explosion_Dust_DEV_OLD/M_Test_Bake_EXPOSION_Mat.uasset" 3135
"C:/Users/r022260k/Documents/GitHub/ConCat/Content/Construction/Tech/Blueprints/Disasters/MeteorShower/Explosion_Dust_DEV_OLD/M_Test_Bake_EXPOSION_Mat.uexp" 3136
"C:/Users/r022260k/Documents/GitHub/ConCat/Content/Construction/Tech/Blueprints/Disasters/MeteorShower/Explosion_Dust_DEV_OLD/FX_2D_Bake_EXPLOSION.uasset" 3137
"C:/Users/r022260k/Documents/GitHub/ConCat/Content/Construction/Tech/Blueprints/Disasters/MeteorShower/Explosion_Dust_DEV_OLD/FX_2D_Bake_EXPLOSION.uexp" 3138
"C:/Users/r022260k/Documents/GitHub/ConCat/Content/Construction/Tech/Blueprints/GridSys/SpotLight_Blueprint.uasset" 3139
"C:/Users/r022260k/Documents/GitHub/ConCat/Content/Construction/Tech/Blueprints/GridSys/SpotLight_Blueprint.uexp" 3140
"C:/Users/r022260k/Documents/GitHub/ConCat/Content/Construction/Tech/Blueprints/GridSys/BaseAss.uasset" 3141
"C:/Users/r022260k/Documents/GitHub/ConCat/Content/Construction/Tech/Blueprints/GridSys/BaseAss.uexp" 3142
"C:/Users/r022260k/Documents/GitHub/ConCat/Content/Construction/Tech/Blueprints/GridSys/Materials/MI_Blue_Int.uasset" 3143
"C:/Users/r022260k/Documents/GitHub/ConCat/Content/Construction/Tech/Blueprints/GridSys/Materials/MI_Blue_Int.uexp" 3144
"C:/Users/r022260k/Documents/GitHub/ConCat/Content/Construction/Tech/Blueprints/DestructibleGeometry/GeometryCollection/BuildingBlocksGC/GC_Window_Corner.uasset" 3145
"C:/Users/r022260k/Documents/GitHub/ConCat/Content/Construction/Tech/Blueprints/DestructibleGeometry/GeometryCollection/BuildingBlocksGC/GC_Window_Corner.uexp" 3146
"C:/Users/r022260k/Documents/GitHub/ConCat/Content/Construction/Tech/Blueprints/GridSys/GCReferences/BP_GCCorner.uasset" 3147
"C:/Users/r022260k/Documents/GitHub/ConCat/Content/Construction/Tech/Blueprints/GridSys/GCReferences/BP_GCCorner.uexp" 3148
"C:/Users/r022260k/Documents/GitHub/ConCat/Content/Construction/Tech/Blueprints/Disasters/Hurricane/Wind_2D/OLD/M_Wind_Motion_OLD.uasset" 3149
"C:/Users/r022260k/Documents/GitHub/ConCat/Content/Construction/Tech/Blueprints/Disasters/Hurricane/Wind_2D/OLD/M_Wind_Motion_OLD.uexp" 3150
"../../../Engine/Content/EngineMaterials/OrientParticle.uasset" 3151
"../../../Engine/Content/EngineMaterials/OrientParticle.uexp" 3152
"../../../Engine/Content/EngineMaterials/DefaultParticle.uasset" 3153
"../../../Engine/Content/EngineMaterials/DefaultParticle.uexp" 3154
"C:/Users/r022260k/Documents/GitHub/ConCat/Content/Construction/Tech/Blueprints/Disasters/Hurricane/Wind_2D/OLD/CPS_Wind1_Old_TEST.uasset" 3155
"C:/Users/r022260k/Documents/GitHub/ConCat/Content/Construction/Tech/Blueprints/Disasters/Hurricane/Wind_2D/OLD/CPS_Wind1_Old_TEST.uexp" 3156
"../../../Engine/Plugins/FX/Niagara/Content/Modules/Update/Size/ScaleSpriteSizeBySpeed.uasset" 3157
"../../../Engine/Plugins/FX/Niagara/Content/Modules/Update/Size/ScaleSpriteSizeBySpeed.uexp" 3158
"C:/Users/r022260k/Documents/GitHub/ConCat/Content/Construction/Tech/Blueprints/Disasters/Hurricane/Leaf_2D/Sakura_Leaf/T_Sakura2.uasset" 3159
"C:/Users/r022260k/Documents/GitHub/ConCat/Content/Construction/Tech/Blueprints/Disasters/Hurricane/Leaf_2D/Sakura_Leaf/T_Sakura2.uexp" 3160
"C:/Users/r022260k/Documents/GitHub/ConCat/Content/Construction/Tech/Blueprints/Disasters/Hurricane/Leaf_2D/Sakura_Leaf/M_Sakura2.uasset" 3161
"C:/Users/r022260k/Documents/GitHub/ConCat/Content/Construction/Tech/Blueprints/Disasters/Hurricane/Leaf_2D/Sakura_Leaf/M_Sakura2.uexp" 3162
"C:/Users/r022260k/Documents/GitHub/ConCat/Content/Construction/Tech/Blueprints/Disasters/Hurricane/FX/FX_Sakura_Leaf_Lurk.uasset" 3163
"C:/Users/r022260k/Documents/GitHub/ConCat/Content/Construction/Tech/Blueprints/Disasters/Hurricane/FX/FX_Sakura_Leaf_Lurk.uexp" 3164
"C:/Users/r022260k/Documents/GitHub/ConCat/Content/Construction/Tech/Blueprints/Disasters/Hurricane/FX/FX_Sakura_Leaf_Explosion.uasset" 3165
"C:/Users/r022260k/Documents/GitHub/ConCat/Content/Construction/Tech/Blueprints/Disasters/Hurricane/FX/FX_Sakura_Leaf_Explosion.uexp" 3166
"C:/Users/r022260k/Documents/GitHub/ConCat/Content/Construction/Tech/Blueprints/Disasters/Hurricane/BP_Leaf_And_Wind/BP_Sakura_Leaf_Lurk.uasset" 3167
"C:/Users/r022260k/Documents/GitHub/ConCat/Content/Construction/Tech/Blueprints/Disasters/Hurricane/BP_Leaf_And_Wind/BP_Sakura_Leaf_Lurk.uexp" 3168
"C:/Users/r022260k/Documents/GitHub/ConCat/Content/Construction/Tech/Blueprints/Disasters/Earthquake/BP_TGertrudePath.uasset" 3169
"C:/Users/r022260k/Documents/GitHub/ConCat/Content/Construction/Tech/Blueprints/Disasters/Earthquake/BP_TGertrudePath.uexp" 3170
"C:/Users/r022260k/Documents/GitHub/ConCat/Content/Construction/Tech/Blueprints/Disasters/Earthquake/GertrudeRun.uasset" 3171
"C:/Users/r022260k/Documents/GitHub/ConCat/Content/Construction/Tech/Blueprints/Disasters/Earthquake/GertrudeRun.uexp" 3172
"C:/Users/r022260k/Documents/GitHub/ConCat/Content/Construction/Tech/Levels/_GENERATED/k024521l/Box_1E9050B9.ubulk" 3173
"C:/Users/r022260k/Documents/GitHub/ConCat/Content/Construction/Tech/Levels/_GENERATED/k024521l/Box_1E9050B9.uasset" 3174
"C:/Users/r022260k/Documents/GitHub/ConCat/Content/Construction/Tech/Levels/_GENERATED/k024521l/Box_1E9050B9.uexp" 3175
"C:/Users/r022260k/Documents/GitHub/ConCat/Content/Construction/Tech/Blueprints/Disasters/Earthquake/Fog_Zone/FX_Fog/FX_Fog_Cloud_Main.uasset" 3176
"C:/Users/r022260k/Documents/GitHub/ConCat/Content/Construction/Tech/Blueprints/Disasters/Earthquake/Fog_Zone/FX_Fog/FX_Fog_Cloud_Main.uexp" 3177
"C:/Users/r022260k/Documents/GitHub/ConCat/Content/Construction/Tech/Blueprints/Disasters/Earthquake/BP_Zone.uasset" 3178
"C:/Users/r022260k/Documents/GitHub/ConCat/Content/Construction/Tech/Blueprints/Disasters/Earthquake/BP_Zone.uexp" 3179
"../../../Engine/Content/VREditor/Devices/Vive/M_ViveControllerTrim.uasset" 3180
"../../../Engine/Content/VREditor/Devices/Vive/M_ViveControllerTrim.uexp" 3181
"../../../Engine/Content/BasicShapes/Cone.ubulk" 3182
"../../../Engine/Content/BasicShapes/Cone.uasset" 3183
"../../../Engine/Content/BasicShapes/Cone.uexp" 3184
"C:/Users/r022260k/Documents/GitHub/ConCat/Content/Construction/Tech/Blueprints/Interfaces/Interactable/BP_BaseInteract.uasset" 3185
"C:/Users/r022260k/Documents/GitHub/ConCat/Content/Construction/Tech/Blueprints/Interfaces/Interactable/BP_BaseInteract.uexp" 3186
"C:/Users/r022260k/Documents/GitHub/ConCat/Content/Construction/Tech/Blueprints/Disasters/Earthquake/Fog_Zone/BP_Fog_Zone_NOTWORKING.uasset" 3187
"C:/Users/r022260k/Documents/GitHub/ConCat/Content/Construction/Tech/Blueprints/Disasters/Earthquake/Fog_Zone/BP_Fog_Zone_NOTWORKING.uexp" 3188
"C:/Users/r022260k/Documents/GitHub/ConCat/Content/Construction/Tech/Blueprints/Disasters/Earthquake/Fog_Zone/OLD_FOG_ZONE/Materials/M_Fog_2.uasset" 3189
"C:/Users/r022260k/Documents/GitHub/ConCat/Content/Construction/Tech/Blueprints/Disasters/Earthquake/Fog_Zone/OLD_FOG_ZONE/Materials/M_Fog_2.uexp" 3190
"C:/Users/r022260k/Documents/GitHub/ConCat/Content/Construction/Tech/Blueprints/Disasters/Earthquake/Fog_Zone/OLD_FOG_ZONE/Materials/M_Fog_3.uasset" 3191
"C:/Users/r022260k/Documents/GitHub/ConCat/Content/Construction/Tech/Blueprints/Disasters/Earthquake/Fog_Zone/OLD_FOG_ZONE/Materials/M_Fog_3.uexp" 3192
"C:/Users/r022260k/Documents/GitHub/ConCat/Content/Construction/Tech/Blueprints/Disasters/Earthquake/Fog_Zone/OLD_FOG_ZONE/SM_Torus.ubulk" 3193
"C:/Users/r022260k/Documents/GitHub/ConCat/Content/Construction/Tech/Blueprints/Disasters/Earthquake/Fog_Zone/OLD_FOG_ZONE/SM_Torus.uasset" 3194
"C:/Users/r022260k/Documents/GitHub/ConCat/Content/Construction/Tech/Blueprints/Disasters/Earthquake/Fog_Zone/OLD_FOG_ZONE/SM_Torus.uexp" 3195
"C:/Users/r022260k/Documents/GitHub/ConCat/Content/Construction/Tech/Blueprints/Disasters/Earthquake/Fog_Zone/OLD_FOG_ZONE/BP/BP_Fog_Zone.uasset" 3196
"C:/Users/r022260k/Documents/GitHub/ConCat/Content/Construction/Tech/Blueprints/Disasters/Earthquake/Fog_Zone/OLD_FOG_ZONE/BP/BP_Fog_Zone.uexp" 3197
"C:/Users/r022260k/Documents/GitHub/ConCat/Content/Construction/Tech/Blueprints/Disasters/Earthquake/Fog_Zone/FX_Fog/FX_Fog_Cloud_Small_Original.uasset" 3198
"C:/Users/r022260k/Documents/GitHub/ConCat/Content/Construction/Tech/Blueprints/Disasters/Earthquake/Fog_Zone/FX_Fog/FX_Fog_Cloud_Small_Original.uexp" 3199
"C:/Users/r022260k/Documents/GitHub/ConCat/Content/Environment/crane/DefaultMaterial_roughness.ubulk" 3200
"C:/Users/r022260k/Documents/GitHub/ConCat/Content/Environment/crane/DefaultMaterial_roughness.uasset" 3201
"C:/Users/r022260k/Documents/GitHub/ConCat/Content/Environment/crane/DefaultMaterial_roughness.uexp" 3202
"C:/Users/r022260k/Documents/GitHub/ConCat/Content/Environment/crane/DefaultMaterial_basecolor4.ubulk" 3203
"C:/Users/r022260k/Documents/GitHub/ConCat/Content/Environment/crane/DefaultMaterial_basecolor4.uasset" 3204
"C:/Users/r022260k/Documents/GitHub/ConCat/Content/Environment/crane/DefaultMaterial_basecolor4.uexp" 3205
"C:/Users/r022260k/Documents/GitHub/ConCat/Content/Environment/crane/DefaultMaterial_basecolor3.ubulk" 3206
"C:/Users/r022260k/Documents/GitHub/ConCat/Content/Environment/crane/DefaultMaterial_basecolor3.uasset" 3207
"C:/Users/r022260k/Documents/GitHub/ConCat/Content/Environment/crane/DefaultMaterial_basecolor3.uexp" 3208
"C:/Users/r022260k/Documents/GitHub/ConCat/Content/Environment/crane/Hook.ubulk" 3209
"C:/Users/r022260k/Documents/GitHub/ConCat/Content/Environment/crane/Hook.uasset" 3210
"C:/Users/r022260k/Documents/GitHub/ConCat/Content/Environment/crane/Hook.uexp" 3211
"C:/Users/r022260k/Documents/GitHub/ConCat/Content/Environment/crane/Concrete.ubulk" 3212
"C:/Users/r022260k/Documents/GitHub/ConCat/Content/Environment/crane/Concrete.uasset" 3213
"C:/Users/r022260k/Documents/GitHub/ConCat/Content/Environment/crane/Concrete.uexp" 3214
"C:/Users/r022260k/Documents/GitHub/ConCat/Content/Environment/crane/Frame.ubulk" 3215
"C:/Users/r022260k/Documents/GitHub/ConCat/Content/Environment/crane/Frame.uasset" 3216
"C:/Users/r022260k/Documents/GitHub/ConCat/Content/Environment/crane/Frame.uexp" 3217
"C:/Users/r022260k/Documents/GitHub/ConCat/Content/Environment/crane/Cables.ubulk" 3218
"C:/Users/r022260k/Documents/GitHub/ConCat/Content/Environment/crane/Cables.uasset" 3219
"C:/Users/r022260k/Documents/GitHub/ConCat/Content/Environment/crane/Cables.uexp" 3220
"C:/Users/r022260k/Documents/GitHub/ConCat/Content/Environment/crane/Crane_M.uasset" 3221
"C:/Users/r022260k/Documents/GitHub/ConCat/Content/Environment/crane/Crane_M.uexp" 3222
"C:/Users/r022260k/Documents/GitHub/ConCat/Content/Environment/crane/Crane_I.uasset" 3223
"C:/Users/r022260k/Documents/GitHub/ConCat/Content/Environment/crane/Crane_I.uexp" 3224
"C:/Users/r022260k/Documents/GitHub/ConCat/Content/Construction/Tech/Blueprints/DestructibleGeometry/GC_Crane.uasset" 3225
"C:/Users/r022260k/Documents/GitHub/ConCat/Content/Construction/Tech/Blueprints/DestructibleGeometry/GC_Crane.uexp" 3226
"../../../Engine/Content/EditorResources/FieldNodes/_Resources/M_FieldRadiusPreview.uasset" 3227
"../../../Engine/Content/EditorResources/FieldNodes/_Resources/M_FieldRadiusPreview.uexp" 3228
"../../../Engine/Content/EditorResources/FieldNodes/_Resources/MI_FieldRadiusPreview.uasset" 3229
"../../../Engine/Content/EditorResources/FieldNodes/_Resources/MI_FieldRadiusPreview.uexp" 3230
"../../../Engine/Content/EditorResources/FieldNodes/_Resources/DefaultTextMaterialOpaque.uasset" 3231
"../../../Engine/Content/EditorResources/FieldNodes/_Resources/DefaultTextMaterialOpaque.uexp" 3232
"../../../Engine/Content/EditorResources/FieldNodes/_Resources/EFieldShapeType.uasset" 3233
"../../../Engine/Content/EditorResources/FieldNodes/_Resources/EFieldShapeType.uexp" 3234
"../../../Engine/Content/EditorResources/FieldNodes/_Resources/EFieldSleepType.uasset" 3235
"../../../Engine/Content/EditorResources/FieldNodes/_Resources/EFieldSleepType.uexp" 3236
"C:/Users/r022260k/Documents/GitHub/ConCat/Content/Construction/Tech/Blueprints/DestructibleGeometry/FS_SleepDisable.uasset" 3237
"C:/Users/r022260k/Documents/GitHub/ConCat/Content/Construction/Tech/Blueprints/DestructibleGeometry/FS_SleepDisable.uexp" 3238
"C:/Users/r022260k/Documents/GitHub/ConCat/Content/Construction/Tech/Blueprints/DestructibleGeometry/BP_Basic_Impact.uasset" 3239
"C:/Users/r022260k/Documents/GitHub/ConCat/Content/Construction/Tech/Blueprints/DestructibleGeometry/BP_Basic_Impact.uexp" 3240
"C:/Users/r022260k/Documents/GitHub/ConCat/Content/Construction/Tech/Blueprints/DestructibleGeometry/BP_AnchorField.uasset" 3241
"C:/Users/r022260k/Documents/GitHub/ConCat/Content/Construction/Tech/Blueprints/DestructibleGeometry/BP_AnchorField.uexp" 3242
"C:/Users/r022260k/Documents/GitHub/ConCat/Content/Construction/Tech/Blockout_Meshes/M_CeilingObsolete.uasset" 3243
"C:/Users/r022260k/Documents/GitHub/ConCat/Content/Construction/Tech/Blockout_Meshes/M_CeilingObsolete.uexp" 3244
"C:/Users/r022260k/Documents/GitHub/ConCat/Content/Construction/Tech/Blueprints/DestructibleGeometry/GeometryCollection/TestPillar_GeometryCollection.uasset" 3245
"C:/Users/r022260k/Documents/GitHub/ConCat/Content/Construction/Tech/Blueprints/DestructibleGeometry/GeometryCollection/TestPillar_GeometryCollection.uexp" 3246
"C:/Users/r022260k/Documents/GitHub/ConCat/Content/Construction/Tech/Blueprints/DestructibleGeometry/PrototypePillar/BP_ProtoypePIllar.uasset" 3247
"C:/Users/r022260k/Documents/GitHub/ConCat/Content/Construction/Tech/Blueprints/DestructibleGeometry/PrototypePillar/BP_ProtoypePIllar.uexp" 3248
"C:/Users/r022260k/Documents/GitHub/ConCat/Content/Construction/Tech/Blueprints/DestructibleGeometry/PrototypePillar/BP_ProtoypePIllar_Wood.uasset" 3249
"C:/Users/r022260k/Documents/GitHub/ConCat/Content/Construction/Tech/Blueprints/DestructibleGeometry/PrototypePillar/BP_ProtoypePIllar_Wood.uexp" 3250
"C:/Users/r022260k/Documents/GitHub/ConCat/Content/Construction/Tech/Blueprints/DestructibleGeometry/PrototypePillar/BP_ProtoypePIllar_Stone.uasset" 3251
"C:/Users/r022260k/Documents/GitHub/ConCat/Content/Construction/Tech/Blueprints/DestructibleGeometry/PrototypePillar/BP_ProtoypePIllar_Stone.uexp" 3252
"C:/Users/r022260k/Documents/GitHub/ConCat/Content/Construction/Tech/Blueprints/DestructibleGeometry/PrototypePillar/BP_ProtoypePIllar_Metal.uasset" 3253
"C:/Users/r022260k/Documents/GitHub/ConCat/Content/Construction/Tech/Blueprints/DestructibleGeometry/PrototypePillar/BP_ProtoypePIllar_Metal.uexp" 3254
"C:/Users/r022260k/Documents/GitHub/ConCat/Content/Construction/Tech/Blueprints/DestructibleGeometry/GeometryCollection/Sphere_GeometryCollection.uasset" 3255
"C:/Users/r022260k/Documents/GitHub/ConCat/Content/Construction/Tech/Blueprints/DestructibleGeometry/GeometryCollection/Sphere_GeometryCollection.uexp" 3256
"C:/Users/r022260k/Documents/GitHub/ConCat/Content/Construction/Tech/Blueprints/DestructibleGeometry/GeometryCollection/GC_T_Block.uasset" 3257
"C:/Users/r022260k/Documents/GitHub/ConCat/Content/Construction/Tech/Blueprints/DestructibleGeometry/GeometryCollection/GC_T_Block.uexp" 3258
"C:/Users/r022260k/Documents/GitHub/ConCat/Content/Construction/Tech/Blueprints/DestructibleGeometry/GeometryCollection/GC_Swigaly_Block.uasset" 3259
"C:/Users/r022260k/Documents/GitHub/ConCat/Content/Construction/Tech/Blueprints/DestructibleGeometry/GeometryCollection/GC_Swigaly_Block.uexp" 3260
"C:/Users/r022260k/Documents/GitHub/ConCat/Content/Construction/Tech/Blueprints/DestructibleGeometry/GeometryCollection/GC_L_Block.uasset" 3261
"C:/Users/r022260k/Documents/GitHub/ConCat/Content/Construction/Tech/Blueprints/DestructibleGeometry/GeometryCollection/GC_L_Block.uexp" 3262
"C:/Users/r022260k/Documents/GitHub/ConCat/Content/Construction/Tech/Blueprints/UI/W_Temp.uasset" 3263
"C:/Users/r022260k/Documents/GitHub/ConCat/Content/Construction/Tech/Blueprints/UI/W_Temp.uexp" 3264
"C:/Users/r022260k/Documents/GitHub/ConCat/Content/Construction/Tech/Blueprints/UI/W_MouseCursor.uasset" 3265
"C:/Users/r022260k/Documents/GitHub/ConCat/Content/Construction/Tech/Blueprints/UI/W_MouseCursor.uexp" 3266
"C:/Users/r022260k/Documents/GitHub/ConCat/Content/Construction/Tech/Blueprints/UI/WBP_LoadingScreen.uasset" 3267
"C:/Users/r022260k/Documents/GitHub/ConCat/Content/Construction/Tech/Blueprints/UI/WBP_LoadingScreen.uexp" 3268
"C:/Users/r022260k/Documents/GitHub/ConCat/Content/Construction/Tech/Blockout_Meshes/M_WallObsolete.uasset" 3269
"C:/Users/r022260k/Documents/GitHub/ConCat/Content/Construction/Tech/Blockout_Meshes/M_WallObsolete.uexp" 3270
"C:/Users/r022260k/Documents/GitHub/ConCat/Content/Construction/Tech/Blueprints/DestructibleGeometry/GeometryCollection/GC_TempFrame.uasset" 3271
"C:/Users/r022260k/Documents/GitHub/ConCat/Content/Construction/Tech/Blueprints/DestructibleGeometry/GeometryCollection/GC_TempFrame.uexp" 3272
"C:/Users/r022260k/Documents/GitHub/ConCat/Content/Construction/Tech/Blueprints/DestructibleGeometry/DestructibleActors/BP_MasterDestructible.uasset" 3273
"C:/Users/r022260k/Documents/GitHub/ConCat/Content/Construction/Tech/Blueprints/DestructibleGeometry/DestructibleActors/BP_MasterDestructible.uexp" 3274
"C:/Users/r022260k/Documents/GitHub/ConCat/Content/Construction/Tech/Blueprints/DestructibleGeometry/GeometryCollection/ModularGC/GC_ModH5b.uasset" 3275
"C:/Users/r022260k/Documents/GitHub/ConCat/Content/Construction/Tech/Blueprints/DestructibleGeometry/GeometryCollection/ModularGC/GC_ModH5b.uexp" 3276
"C:/Users/r022260k/Documents/GitHub/ConCat/Content/Construction/Tech/Blueprints/DestructibleGeometry/DestructibleActors/BP_ModH5b.uasset" 3277
"C:/Users/r022260k/Documents/GitHub/ConCat/Content/Construction/Tech/Blueprints/DestructibleGeometry/DestructibleActors/BP_ModH5b.uexp" 3278
"C:/Users/r022260k/Documents/GitHub/ConCat/Content/Construction/Tech/Blueprints/DestructibleGeometry/GeometryCollection/ModularGC/GC_ModH5a.uasset" 3279
"C:/Users/r022260k/Documents/GitHub/ConCat/Content/Construction/Tech/Blueprints/DestructibleGeometry/GeometryCollection/ModularGC/GC_ModH5a.uexp" 3280
"C:/Users/r022260k/Documents/GitHub/ConCat/Content/Construction/Tech/Blueprints/DestructibleGeometry/DestructibleActors/BP_ModH5a.uasset" 3281
"C:/Users/r022260k/Documents/GitHub/ConCat/Content/Construction/Tech/Blueprints/DestructibleGeometry/DestructibleActors/BP_ModH5a.uexp" 3282
"C:/Users/r022260k/Documents/GitHub/ConCat/Content/Construction/Tech/Blueprints/DestructibleGeometry/DestructibleActors/BP_CORN.uasset" 3283
"C:/Users/r022260k/Documents/GitHub/ConCat/Content/Construction/Tech/Blueprints/DestructibleGeometry/DestructibleActors/BP_CORN.uexp" 3284
"C:/Users/r022260k/Documents/GitHub/ConCat/Content/Construction/Tech/Blueprints/DestructibleGeometry/GeometryCollection/GC_TempWall.uasset" 3285
"C:/Users/r022260k/Documents/GitHub/ConCat/Content/Construction/Tech/Blueprints/DestructibleGeometry/GeometryCollection/GC_TempWall.uexp" 3286
"C:/Users/r022260k/Documents/GitHub/ConCat/Content/Construction/Tech/Blueprints/DestructibleGeometry/DestructibleActors/Temp/BP_TempWall.uasset" 3287
"C:/Users/r022260k/Documents/GitHub/ConCat/Content/Construction/Tech/Blueprints/DestructibleGeometry/DestructibleActors/Temp/BP_TempWall.uexp" 3288
"C:/Users/r022260k/Documents/GitHub/ConCat/Content/Construction/Tech/Blueprints/DestructibleGeometry/GeometryCollection/GC_TempStairs.uasset" 3289
"C:/Users/r022260k/Documents/GitHub/ConCat/Content/Construction/Tech/Blueprints/DestructibleGeometry/GeometryCollection/GC_TempStairs.uexp" 3290
"C:/Users/r022260k/Documents/GitHub/ConCat/Content/Construction/Tech/Blueprints/DestructibleGeometry/DestructibleActors/Temp/BP_TempStairs.uasset" 3291
"C:/Users/r022260k/Documents/GitHub/ConCat/Content/Construction/Tech/Blueprints/DestructibleGeometry/DestructibleActors/Temp/BP_TempStairs.uexp" 3292
"C:/Users/r022260k/Documents/GitHub/ConCat/Content/Construction/Tech/Blueprints/DestructibleGeometry/GeometryCollection/GC_TempDoubleWall.uasset" 3293
"C:/Users/r022260k/Documents/GitHub/ConCat/Content/Construction/Tech/Blueprints/DestructibleGeometry/GeometryCollection/GC_TempDoubleWall.uexp" 3294
"C:/Users/r022260k/Documents/GitHub/ConCat/Content/Construction/Tech/Blueprints/DestructibleGeometry/DestructibleActors/Temp/BP_TempDoubleWall.uasset" 3295
"C:/Users/r022260k/Documents/GitHub/ConCat/Content/Construction/Tech/Blueprints/DestructibleGeometry/DestructibleActors/Temp/BP_TempDoubleWall.uexp" 3296
"C:/Users/r022260k/Documents/GitHub/ConCat/Content/Construction/Tech/Blueprints/DestructibleGeometry/GeometryCollection/GC_TempCorner.uasset" 3297
"C:/Users/r022260k/Documents/GitHub/ConCat/Content/Construction/Tech/Blueprints/DestructibleGeometry/GeometryCollection/GC_TempCorner.uexp" 3298
"C:/Users/r022260k/Documents/GitHub/ConCat/Content/Construction/Tech/Blueprints/DestructibleGeometry/DestructibleActors/Temp/BP_TempCorner.uasset" 3299
"C:/Users/r022260k/Documents/GitHub/ConCat/Content/Construction/Tech/Blueprints/DestructibleGeometry/DestructibleActors/Temp/BP_TempCorner.uexp" 3300
"C:/Users/r022260k/Documents/GitHub/ConCat/Content/Construction/Tech/Blueprints/DestructibleGeometry/GeometryCollection/ModularGC/GC_ModH4d.uasset" 3301
"C:/Users/r022260k/Documents/GitHub/ConCat/Content/Construction/Tech/Blueprints/DestructibleGeometry/GeometryCollection/ModularGC/GC_ModH4d.uexp" 3302
"C:/Users/r022260k/Documents/GitHub/ConCat/Content/Construction/Tech/Blueprints/DestructibleGeometry/DestructibleActors/ModularH/BP_ModH4d.uasset" 3303
"C:/Users/r022260k/Documents/GitHub/ConCat/Content/Construction/Tech/Blueprints/DestructibleGeometry/DestructibleActors/ModularH/BP_ModH4d.uexp" 3304
"C:/Users/r022260k/Documents/GitHub/ConCat/Content/Construction/Tech/Levels/M_CementTruck_Neon_White.uasset" 3305
"C:/Users/r022260k/Documents/GitHub/ConCat/Content/Construction/Tech/Levels/M_CementTruck_Neon_White.uexp" 3306
"C:/Users/r022260k/Documents/GitHub/ConCat/Content/Construction/Tech/Levels/L_Main_BuiltData.ubulk" 3307
"C:/Users/r022260k/Documents/GitHub/ConCat/Content/Construction/Tech/Levels/L_Main_BuiltData.uasset" 3308
"C:/Users/r022260k/Documents/GitHub/ConCat/Content/Construction/Tech/Levels/L_Main_BuiltData.uexp" 3309
"C:/Users/r022260k/Documents/GitHub/ConCat/Content/Environment/satara_night_no_lamps_4k.uasset" 3310
"C:/Users/r022260k/Documents/GitHub/ConCat/Content/Environment/satara_night_no_lamps_4k.uexp" 3311
"C:/Users/r022260k/Documents/GitHub/ConCat/Content/Environment/ExteriorBuildingBlocks/Italy/Roof_Top.ubulk" 3312
"C:/Users/r022260k/Documents/GitHub/ConCat/Content/Environment/ExteriorBuildingBlocks/Italy/Roof_Top.uasset" 3313
"C:/Users/r022260k/Documents/GitHub/ConCat/Content/Environment/ExteriorBuildingBlocks/Italy/Roof_Top.uexp" 3314
"C:/Users/r022260k/Documents/GitHub/ConCat/Content/Environment/ExteriorBuildingBlocks/Italy/Roof_corner.ubulk" 3315
"C:/Users/r022260k/Documents/GitHub/ConCat/Content/Environment/ExteriorBuildingBlocks/Italy/Roof_corner.uasset" 3316
"C:/Users/r022260k/Documents/GitHub/ConCat/Content/Environment/ExteriorBuildingBlocks/Italy/Roof_corner.uexp" 3317
"C:/Users/r022260k/Documents/GitHub/ConCat/Content/Environment/ExteriorBuildingBlocks/Italy/roof_01.ubulk" 3318
"C:/Users/r022260k/Documents/GitHub/ConCat/Content/Environment/ExteriorBuildingBlocks/Italy/roof_01.uasset" 3319
"C:/Users/r022260k/Documents/GitHub/ConCat/Content/Environment/ExteriorBuildingBlocks/Italy/roof_01.uexp" 3320
"C:/Users/r022260k/Documents/GitHub/ConCat/Content/Environment/ExteriorBuildingBlocks/Italy/External_Window_Shutters.ubulk" 3321
"C:/Users/r022260k/Documents/GitHub/ConCat/Content/Environment/ExteriorBuildingBlocks/Italy/External_Window_Shutters.uasset" 3322
"C:/Users/r022260k/Documents/GitHub/ConCat/Content/Environment/ExteriorBuildingBlocks/Italy/External_Window_Shutters.uexp" 3323
"C:/Users/r022260k/Documents/GitHub/ConCat/Content/Environment/ExteriorBuildingBlocks/Italy/External_Window.ubulk" 3324
"C:/Users/r022260k/Documents/GitHub/ConCat/Content/Environment/ExteriorBuildingBlocks/Italy/External_Window.uasset" 3325
"C:/Users/r022260k/Documents/GitHub/ConCat/Content/Environment/ExteriorBuildingBlocks/Italy/External_Window.uexp" 3326
"C:/Users/r022260k/Documents/GitHub/ConCat/Content/Environment/ExteriorBuildingBlocks/Italy/External_Wall.ubulk" 3327
"C:/Users/r022260k/Documents/GitHub/ConCat/Content/Environment/ExteriorBuildingBlocks/Italy/External_Wall.uasset" 3328
"C:/Users/r022260k/Documents/GitHub/ConCat/Content/Environment/ExteriorBuildingBlocks/Italy/External_Wall.uexp" 3329
"C:/Users/r022260k/Documents/GitHub/ConCat/Content/Environment/ExteriorBuildingBlocks/Italy/External_Door.ubulk" 3330
"C:/Users/r022260k/Documents/GitHub/ConCat/Content/Environment/ExteriorBuildingBlocks/Italy/External_Door.uasset" 3331
"C:/Users/r022260k/Documents/GitHub/ConCat/Content/Environment/ExteriorBuildingBlocks/Italy/External_Door.uexp" 3332
"C:/Users/r022260k/Documents/GitHub/ConCat/Content/Environment/Textures/ExteriorBuildingBlocks/Italian_Balcany_DefaultMaterial/Italian_Balcany_DefaultMaterial_Roughness.ubulk" 3333
"C:/Users/r022260k/Documents/GitHub/ConCat/Content/Environment/Textures/ExteriorBuildingBlocks/Italian_Balcany_DefaultMaterial/Italian_Balcany_DefaultMaterial_Roughness.uasset" 3334
"C:/Users/r022260k/Documents/GitHub/ConCat/Content/Environment/Textures/ExteriorBuildingBlocks/Italian_Balcany_DefaultMaterial/Italian_Balcany_DefaultMaterial_Roughness.uexp" 3335
"C:/Users/r022260k/Documents/GitHub/ConCat/Content/Environment/Textures/ExteriorBuildingBlocks/Italian_Balcany_DefaultMaterial/Italian_Balcany_DefaultMaterial_Height.ubulk" 3336
"C:/Users/r022260k/Documents/GitHub/ConCat/Content/Environment/Textures/ExteriorBuildingBlocks/Italian_Balcany_DefaultMaterial/Italian_Balcany_DefaultMaterial_Height.uasset" 3337
"C:/Users/r022260k/Documents/GitHub/ConCat/Content/Environment/Textures/ExteriorBuildingBlocks/Italian_Balcany_DefaultMaterial/Italian_Balcany_DefaultMaterial_Height.uexp" 3338
"C:/Users/r022260k/Documents/GitHub/ConCat/Content/Environment/Textures/ExteriorBuildingBlocks/Italian_Balcany_DefaultMaterial/Italian_Balcany_DefaultMaterial_Normal.ubulk" 3339
"C:/Users/r022260k/Documents/GitHub/ConCat/Content/Environment/Textures/ExteriorBuildingBlocks/Italian_Balcany_DefaultMaterial/Italian_Balcany_DefaultMaterial_Normal.uasset" 3340
"C:/Users/r022260k/Documents/GitHub/ConCat/Content/Environment/Textures/ExteriorBuildingBlocks/Italian_Balcany_DefaultMaterial/Italian_Balcany_DefaultMaterial_Normal.uexp" 3341
"C:/Users/r022260k/Documents/GitHub/ConCat/Content/Environment/Textures/ExteriorBuildingBlocks/Italian_Balcany_DefaultMaterial/Italian_Balcany_DefaultMaterial_BaseColor.ubulk" 3342
"C:/Users/r022260k/Documents/GitHub/ConCat/Content/Environment/Textures/ExteriorBuildingBlocks/Italian_Balcany_DefaultMaterial/Italian_Balcany_DefaultMaterial_BaseColor.uasset" 3343
"C:/Users/r022260k/Documents/GitHub/ConCat/Content/Environment/Textures/ExteriorBuildingBlocks/Italian_Balcany_DefaultMaterial/Italian_Balcany_DefaultMaterial_BaseColor.uexp" 3344
"C:/Users/r022260k/Documents/GitHub/ConCat/Content/Environment/Textures/ExteriorBuildingBlocks/Italian_Balcany_DefaultMaterial/Italian_Balcany_DefaultMaterial_Metallic.ubulk" 3345
"C:/Users/r022260k/Documents/GitHub/ConCat/Content/Environment/Textures/ExteriorBuildingBlocks/Italian_Balcany_DefaultMaterial/Italian_Balcany_DefaultMaterial_Metallic.uasset" 3346
"C:/Users/r022260k/Documents/GitHub/ConCat/Content/Environment/Textures/ExteriorBuildingBlocks/Italian_Balcany_DefaultMaterial/Italian_Balcany_DefaultMaterial_Metallic.uexp" 3347
"C:/Users/r022260k/Documents/GitHub/ConCat/Content/Environment/Textures/ExteriorBuildingBlocks/MA_Building.uasset" 3348
"C:/Users/r022260k/Documents/GitHub/ConCat/Content/Environment/Textures/ExteriorBuildingBlocks/MA_Building.uexp" 3349
"C:/Users/r022260k/Documents/GitHub/ConCat/Content/Environment/Textures/ExteriorBuildingBlocks/MI_Balcony.uasset" 3350
"C:/Users/r022260k/Documents/GitHub/ConCat/Content/Environment/Textures/ExteriorBuildingBlocks/MI_Balcony.uexp" 3351
"C:/Users/r022260k/Documents/GitHub/ConCat/Content/Environment/ExteriorBuildingBlocks/Italy/Canopy2.ubulk" 3352
"C:/Users/r022260k/Documents/GitHub/ConCat/Content/Environment/ExteriorBuildingBlocks/Italy/Canopy2.uasset" 3353
"C:/Users/r022260k/Documents/GitHub/ConCat/Content/Environment/ExteriorBuildingBlocks/Italy/Canopy2.uexp" 3354
"C:/Users/r022260k/Documents/GitHub/ConCat/Content/Environment/ExteriorBuildingBlocks/Italy/Canopy.ubulk" 3355
"C:/Users/r022260k/Documents/GitHub/ConCat/Content/Environment/ExteriorBuildingBlocks/Italy/Canopy.uasset" 3356
"C:/Users/r022260k/Documents/GitHub/ConCat/Content/Environment/ExteriorBuildingBlocks/Italy/Canopy.uexp" 3357
"C:/Users/r022260k/Documents/GitHub/ConCat/Content/Construction/Tech/TempMeshes/Male_1.ubulk" 3358
"C:/Users/r022260k/Documents/GitHub/ConCat/Content/Construction/Tech/TempMeshes/Male_1.uasset" 3359
"C:/Users/r022260k/Documents/GitHub/ConCat/Content/Construction/Tech/TempMeshes/Male_1.uexp" 3360
"C:/Users/r022260k/Documents/GitHub/ConCat/Content/Construction/Tech/Materials/Test.uasset" 3361
"C:/Users/r022260k/Documents/GitHub/ConCat/Content/Construction/Tech/Materials/Test.uexp" 3362
"C:/Users/r022260k/Documents/GitHub/ConCat/Content/Construction/Tech/Materials/StartTestText.uasset" 3363
"C:/Users/r022260k/Documents/GitHub/ConCat/Content/Construction/Tech/Materials/StartTestText.uexp" 3364
"C:/Users/r022260k/Documents/GitHub/ConCat/Content/Construction/Tech/Materials/settingsicon.ubulk" 3365
"C:/Users/r022260k/Documents/GitHub/ConCat/Content/Construction/Tech/Materials/settingsicon.uasset" 3366
"C:/Users/r022260k/Documents/GitHub/ConCat/Content/Construction/Tech/Materials/settingsicon.uexp" 3367
"C:/Users/r022260k/Documents/GitHub/ConCat/Content/Construction/Tech/Materials/MI_Yellow.uasset" 3368
"C:/Users/r022260k/Documents/GitHub/ConCat/Content/Construction/Tech/Materials/MI_Yellow.uexp" 3369
"C:/Users/r022260k/Documents/GitHub/ConCat/Content/Construction/Tech/Materials/M_BaseMat.uasset" 3370
"C:/Users/r022260k/Documents/GitHub/ConCat/Content/Construction/Tech/Materials/M_BaseMat.uexp" 3371
"C:/Users/r022260k/Documents/GitHub/ConCat/Content/Construction/Tech/Materials/MI_BaseMat_Green.uasset" 3372
"C:/Users/r022260k/Documents/GitHub/ConCat/Content/Construction/Tech/Materials/MI_BaseMat_Green.uexp" 3373
"C:/Users/r022260k/Documents/GitHub/ConCat/Content/Construction/Tech/Materials/MIBlue.uasset" 3374
"C:/Users/r022260k/Documents/GitHub/ConCat/Content/Construction/Tech/Materials/MIBlue.uexp" 3375
"C:/Users/r022260k/Documents/GitHub/ConCat/Content/Construction/Tech/Materials/DisasterTutorial.uasset" 3376
"C:/Users/r022260k/Documents/GitHub/ConCat/Content/Construction/Tech/Materials/DisasterTutorial.uexp" 3377
"C:/Users/r022260k/Documents/GitHub/ConCat/Content/Construction/Tech/Materials/Curser.uasset" 3378
"C:/Users/r022260k/Documents/GitHub/ConCat/Content/Construction/Tech/Materials/Curser.uexp" 3379
"C:/Users/r022260k/Documents/GitHub/ConCat/Content/Construction/Tech/Materials/CC_SplashScreen.uasset" 3380
"C:/Users/r022260k/Documents/GitHub/ConCat/Content/Construction/Tech/Materials/CC_SplashScreen.uexp" 3381
"C:/Users/r022260k/Documents/GitHub/ConCat/Content/Construction/Tech/Materials/CC_SelectionHotbarIcon.ubulk" 3382
"C:/Users/r022260k/Documents/GitHub/ConCat/Content/Construction/Tech/Materials/CC_SelectionHotbarIcon.uasset" 3383
"C:/Users/r022260k/Documents/GitHub/ConCat/Content/Construction/Tech/Materials/CC_SelectionHotbarIcon.uexp" 3384
"C:/Users/r022260k/Documents/GitHub/ConCat/Content/Construction/Tech/Materials/BuildTutorial.uasset" 3385
"C:/Users/r022260k/Documents/GitHub/ConCat/Content/Construction/Tech/Materials/BuildTutorial.uexp" 3386
"C:/Users/r022260k/Documents/GitHub/ConCat/Content/Construction/Tech/Materials/BuildPhaseHotbar.uasset" 3387
"C:/Users/r022260k/Documents/GitHub/ConCat/Content/Construction/Tech/Materials/BuildPhaseHotbar.uexp" 3388
"C:/Users/r022260k/Documents/GitHub/ConCat/Content/Construction/Tech/Materials/DisasterUI/UI_Action.uasset" 3389
"C:/Users/r022260k/Documents/GitHub/ConCat/Content/Construction/Tech/Materials/DisasterUI/UI_Action.uexp" 3390
"C:/Users/r022260k/Documents/GitHub/ConCat/Content/Construction/Tech/Levels/_GENERATED/k024521l/Torus_99C27178.ubulk" 3391
"C:/Users/r022260k/Documents/GitHub/ConCat/Content/Construction/Tech/Levels/_GENERATED/k024521l/Torus_99C27178.uasset" 3392
"C:/Users/r022260k/Documents/GitHub/ConCat/Content/Construction/Tech/Levels/_GENERATED/k024521l/Torus_99C27178.uexp" 3393
"C:/Users/r022260k/Documents/GitHub/ConCat/Content/Construction/Tech/Levels/_GENERATED/k024521l/Rectangle_C4DEDF9B.ubulk" 3394
"C:/Users/r022260k/Documents/GitHub/ConCat/Content/Construction/Tech/Levels/_GENERATED/k024521l/Rectangle_C4DEDF9B.uasset" 3395
"C:/Users/r022260k/Documents/GitHub/ConCat/Content/Construction/Tech/Levels/_GENERATED/k024521l/Rectangle_C4DEDF9B.uexp" 3396
"C:/Users/r022260k/Documents/GitHub/ConCat/Content/Construction/Tech/Levels/_GENERATED/k024521l/Cylinder_AA5CEED9.ubulk" 3397
"C:/Users/r022260k/Documents/GitHub/ConCat/Content/Construction/Tech/Levels/_GENERATED/k024521l/Cylinder_AA5CEED9.uasset" 3398
"C:/Users/r022260k/Documents/GitHub/ConCat/Content/Construction/Tech/Levels/_GENERATED/k024521l/Cylinder_AA5CEED9.uexp" 3399
"C:/Users/r022260k/Documents/GitHub/ConCat/Content/Construction/Tech/Levels/_GENERATED/k024521l/Cylinder_92EF4ACC.ubulk" 3400
"C:/Users/r022260k/Documents/GitHub/ConCat/Content/Construction/Tech/Levels/_GENERATED/k024521l/Cylinder_92EF4ACC.uasset" 3401
"C:/Users/r022260k/Documents/GitHub/ConCat/Content/Construction/Tech/Levels/_GENERATED/k024521l/Cylinder_92EF4ACC.uexp" 3402
"C:/Users/r022260k/Documents/GitHub/ConCat/Content/Construction/Tech/Levels/_GENERATED/k024521l/Box_F479AD0A.ubulk" 3403
"C:/Users/r022260k/Documents/GitHub/ConCat/Content/Construction/Tech/Levels/_GENERATED/k024521l/Box_F479AD0A.uasset" 3404
"C:/Users/r022260k/Documents/GitHub/ConCat/Content/Construction/Tech/Levels/_GENERATED/k024521l/Box_F479AD0A.uexp" 3405
"C:/Users/r022260k/Documents/GitHub/ConCat/Content/Construction/Tech/Levels/_GENERATED/k024521l/Box_E95CFD6A.ubulk" 3406
"C:/Users/r022260k/Documents/GitHub/ConCat/Content/Construction/Tech/Levels/_GENERATED/k024521l/Box_E95CFD6A.uasset" 3407
"C:/Users/r022260k/Documents/GitHub/ConCat/Content/Construction/Tech/Levels/_GENERATED/k024521l/Box_E95CFD6A.uexp" 3408
"C:/Users/r022260k/Documents/GitHub/ConCat/Content/Construction/Tech/Levels/_GENERATED/k024521l/Box_CF12B4B1.ubulk" 3409
"C:/Users/r022260k/Documents/GitHub/ConCat/Content/Construction/Tech/Levels/_GENERATED/k024521l/Box_CF12B4B1.uasset" 3410
"C:/Users/r022260k/Documents/GitHub/ConCat/Content/Construction/Tech/Levels/_GENERATED/k024521l/Box_CF12B4B1.uexp" 3411
"C:/Users/r022260k/Documents/GitHub/ConCat/Content/Construction/Tech/Levels/_GENERATED/k024521l/Box_CCF0ED32.ubulk" 3412
"C:/Users/r022260k/Documents/GitHub/ConCat/Content/Construction/Tech/Levels/_GENERATED/k024521l/Box_CCF0ED32.uasset" 3413
"C:/Users/r022260k/Documents/GitHub/ConCat/Content/Construction/Tech/Levels/_GENERATED/k024521l/Box_CCF0ED32.uexp" 3414
"C:/Users/r022260k/Documents/GitHub/ConCat/Content/Construction/Tech/Levels/_GENERATED/k024521l/Box_BE6AB9EF.ubulk" 3415
"C:/Users/r022260k/Documents/GitHub/ConCat/Content/Construction/Tech/Levels/_GENERATED/k024521l/Box_BE6AB9EF.uasset" 3416
"C:/Users/r022260k/Documents/GitHub/ConCat/Content/Construction/Tech/Levels/_GENERATED/k024521l/Box_BE6AB9EF.uexp" 3417
"C:/Users/r022260k/Documents/GitHub/ConCat/Content/Construction/Tech/Levels/_GENERATED/k024521l/Box_9DF96916.ubulk" 3418
"C:/Users/r022260k/Documents/GitHub/ConCat/Content/Construction/Tech/Levels/_GENERATED/k024521l/Box_9DF96916.uasset" 3419
"C:/Users/r022260k/Documents/GitHub/ConCat/Content/Construction/Tech/Levels/_GENERATED/k024521l/Box_9DF96916.uexp" 3420
"C:/Users/r022260k/Documents/GitHub/ConCat/Content/Construction/Tech/Levels/_GENERATED/k024521l/Box_92CADBFB.ubulk" 3421
"C:/Users/r022260k/Documents/GitHub/ConCat/Content/Construction/Tech/Levels/_GENERATED/k024521l/Box_92CADBFB.uasset" 3422
"C:/Users/r022260k/Documents/GitHub/ConCat/Content/Construction/Tech/Levels/_GENERATED/k024521l/Box_92CADBFB.uexp" 3423
"C:/Users/r022260k/Documents/GitHub/ConCat/Content/Construction/Tech/Levels/_GENERATED/k024521l/Box_904D6321.ubulk" 3424
"C:/Users/r022260k/Documents/GitHub/ConCat/Content/Construction/Tech/Levels/_GENERATED/k024521l/Box_904D6321.uasset" 3425
"C:/Users/r022260k/Documents/GitHub/ConCat/Content/Construction/Tech/Levels/_GENERATED/k024521l/Box_904D6321.uexp" 3426
"C:/Users/r022260k/Documents/GitHub/ConCat/Content/Construction/Tech/Levels/_GENERATED/k024521l/Box_8E4576A0.ubulk" 3427
"C:/Users/r022260k/Documents/GitHub/ConCat/Content/Construction/Tech/Levels/_GENERATED/k024521l/Box_8E4576A0.uasset" 3428
"C:/Users/r022260k/Documents/GitHub/ConCat/Content/Construction/Tech/Levels/_GENERATED/k024521l/Box_8E4576A0.uexp" 3429
"C:/Users/r022260k/Documents/GitHub/ConCat/Content/Construction/Tech/Levels/_GENERATED/k024521l/Box_786B044A.ubulk" 3430
"C:/Users/r022260k/Documents/GitHub/ConCat/Content/Construction/Tech/Levels/_GENERATED/k024521l/Box_786B044A.uasset" 3431
"C:/Users/r022260k/Documents/GitHub/ConCat/Content/Construction/Tech/Levels/_GENERATED/k024521l/Box_786B044A.uexp" 3432
"C:/Users/r022260k/Documents/GitHub/ConCat/Content/Environment/Textures/ExteriorBuildingBlocks/Italian_Window/Italian_Window_open_DefaultMaterial_Roughness.ubulk" 3433
"C:/Users/r022260k/Documents/GitHub/ConCat/Content/Environment/Textures/ExteriorBuildingBlocks/Italian_Window/Italian_Window_open_DefaultMaterial_Roughness.uasset" 3434
"C:/Users/r022260k/Documents/GitHub/ConCat/Content/Environment/Textures/ExteriorBuildingBlocks/Italian_Window/Italian_Window_open_DefaultMaterial_Roughness.uexp" 3435
"C:/Users/r022260k/Documents/GitHub/ConCat/Content/Environment/Textures/ExteriorBuildingBlocks/Italian_Window/Italian_Window_open_DefaultMaterial_BaseColor.ubulk" 3436
"C:/Users/r022260k/Documents/GitHub/ConCat/Content/Environment/Textures/ExteriorBuildingBlocks/Italian_Window/Italian_Window_open_DefaultMaterial_BaseColor.uasset" 3437
"C:/Users/r022260k/Documents/GitHub/ConCat/Content/Environment/Textures/ExteriorBuildingBlocks/Italian_Window/Italian_Window_open_DefaultMaterial_BaseColor.uexp" 3438
"C:/Users/r022260k/Documents/GitHub/ConCat/Content/Environment/Textures/ExteriorBuildingBlocks/Italian_Window/Italian_Window_open_DefaultMaterial_Normal.ubulk" 3439
"C:/Users/r022260k/Documents/GitHub/ConCat/Content/Environment/Textures/ExteriorBuildingBlocks/Italian_Window/Italian_Window_open_DefaultMaterial_Normal.uasset" 3440
"C:/Users/r022260k/Documents/GitHub/ConCat/Content/Environment/Textures/ExteriorBuildingBlocks/Italian_Window/Italian_Window_open_DefaultMaterial_Normal.uexp" 3441
"C:/Users/r022260k/Documents/GitHub/ConCat/Content/Environment/Textures/ExteriorBuildingBlocks/Italian_Window/Italian_Window_open_DefaultMaterial_Metallic.ubulk" 3442
"C:/Users/r022260k/Documents/GitHub/ConCat/Content/Environment/Textures/ExteriorBuildingBlocks/Italian_Window/Italian_Window_open_DefaultMaterial_Metallic.uasset" 3443
"C:/Users/r022260k/Documents/GitHub/ConCat/Content/Environment/Textures/ExteriorBuildingBlocks/Italian_Window/Italian_Window_open_DefaultMaterial_Metallic.uexp" 3444
"C:/Users/r022260k/Documents/GitHub/ConCat/Content/Environment/Textures/ExteriorBuildingBlocks/Italian_Window/Italian_Window_open_DefaultMaterial_Height.ubulk" 3445
"C:/Users/r022260k/Documents/GitHub/ConCat/Content/Environment/Textures/ExteriorBuildingBlocks/Italian_Window/Italian_Window_open_DefaultMaterial_Height.uasset" 3446
"C:/Users/r022260k/Documents/GitHub/ConCat/Content/Environment/Textures/ExteriorBuildingBlocks/Italian_Window/Italian_Window_open_DefaultMaterial_Height.uexp" 3447
"C:/Users/r022260k/Documents/GitHub/ConCat/Content/Environment/Textures/ExteriorBuildingBlocks/MI_Window.uasset" 3448
"C:/Users/r022260k/Documents/GitHub/ConCat/Content/Environment/Textures/ExteriorBuildingBlocks/MI_Window.uexp" 3449
"C:/Users/r022260k/Documents/GitHub/ConCat/Content/Construction/Tech/Levels/_GENERATED/k024521l/Box_6A154669.ubulk" 3450
"C:/Users/r022260k/Documents/GitHub/ConCat/Content/Construction/Tech/Levels/_GENERATED/k024521l/Box_6A154669.uasset" 3451
"C:/Users/r022260k/Documents/GitHub/ConCat/Content/Construction/Tech/Levels/_GENERATED/k024521l/Box_6A154669.uexp" 3452
"C:/Users/r022260k/Documents/GitHub/ConCat/Content/Construction/Tech/Levels/_GENERATED/k024521l/Box_605E8C60.ubulk" 3453
"C:/Users/r022260k/Documents/GitHub/ConCat/Content/Construction/Tech/Levels/_GENERATED/k024521l/Box_605E8C60.uasset" 3454
"C:/Users/r022260k/Documents/GitHub/ConCat/Content/Construction/Tech/Levels/_GENERATED/k024521l/Box_605E8C60.uexp" 3455
"C:/Users/r022260k/Documents/GitHub/ConCat/Content/Construction/Tech/Levels/_GENERATED/k024521l/Box_262C9D87.ubulk" 3456
"C:/Users/r022260k/Documents/GitHub/ConCat/Content/Construction/Tech/Levels/_GENERATED/k024521l/Box_262C9D87.uasset" 3457
"C:/Users/r022260k/Documents/GitHub/ConCat/Content/Construction/Tech/Levels/_GENERATED/k024521l/Box_262C9D87.uexp" 3458
"C:/Users/r022260k/Documents/GitHub/ConCat/Content/Construction/Tech/Levels/_GENERATED/b023068l/Stairs_8B76135F.ubulk" 3459
"C:/Users/r022260k/Documents/GitHub/ConCat/Content/Construction/Tech/Levels/_GENERATED/b023068l/Stairs_8B76135F.uasset" 3460
"C:/Users/r022260k/Documents/GitHub/ConCat/Content/Construction/Tech/Levels/_GENERATED/b023068l/Stairs_8B76135F.uexp" 3461
"C:/Users/r022260k/Documents/GitHub/ConCat/Content/Construction/Tech/Levels/_GENERATED/b023068l/Stairs_575882A1.ubulk" 3462
"C:/Users/r022260k/Documents/GitHub/ConCat/Content/Construction/Tech/Levels/_GENERATED/b023068l/Stairs_575882A1.uasset" 3463
"C:/Users/r022260k/Documents/GitHub/ConCat/Content/Construction/Tech/Levels/_GENERATED/b023068l/Stairs_575882A1.uexp" 3464
"C:/Users/r022260k/Documents/GitHub/ConCat/Content/Construction/Tech/Levels/_GENERATED/b010836l/CubeGridToolOutput_EC378A7B.ubulk" 3465
"C:/Users/r022260k/Documents/GitHub/ConCat/Content/Construction/Tech/Levels/_GENERATED/b010836l/CubeGridToolOutput_EC378A7B.uasset" 3466
"C:/Users/r022260k/Documents/GitHub/ConCat/Content/Construction/Tech/Levels/_GENERATED/b010836l/CubeGridToolOutput_EC378A7B.uexp" 3467
"C:/Users/r022260k/Documents/GitHub/ConCat/Content/Environment/Textures/toolbox/SM_ToolBox_DefaultMaterial_Normal.ubulk" 3468
"C:/Users/r022260k/Documents/GitHub/ConCat/Content/Environment/Textures/toolbox/SM_ToolBox_DefaultMaterial_Normal.uasset" 3469
"C:/Users/r022260k/Documents/GitHub/ConCat/Content/Environment/Textures/toolbox/SM_ToolBox_DefaultMaterial_Normal.uexp" 3470
"C:/Users/r022260k/Documents/GitHub/ConCat/Content/Environment/Textures/toolbox/SM_ToolBox_DefaultMaterial_BaseColor.ubulk" 3471
"C:/Users/r022260k/Documents/GitHub/ConCat/Content/Environment/Textures/toolbox/SM_ToolBox_DefaultMaterial_BaseColor.uasset" 3472
"C:/Users/r022260k/Documents/GitHub/ConCat/Content/Environment/Textures/toolbox/SM_ToolBox_DefaultMaterial_BaseColor.uexp" 3473
"C:/Users/r022260k/Documents/GitHub/ConCat/Content/Environment/Textures/toolbox/SM_ToolBox_DefaultMaterial_OcclusionRoughnessMetallic.ubulk" 3474
"C:/Users/r022260k/Documents/GitHub/ConCat/Content/Environment/Textures/toolbox/SM_ToolBox_DefaultMaterial_OcclusionRoughnessMetallic.uasset" 3475
"C:/Users/r022260k/Documents/GitHub/ConCat/Content/Environment/Textures/toolbox/SM_ToolBox_DefaultMaterial_OcclusionRoughnessMetallic.uexp" 3476
"C:/Users/r022260k/Documents/GitHub/ConCat/Content/Environment/Textures/toolbox/ToolBox_M.uasset" 3477
"C:/Users/r022260k/Documents/GitHub/ConCat/Content/Environment/Textures/toolbox/ToolBox_M.uexp" 3478
"C:/Users/r022260k/Documents/GitHub/ConCat/Content/Environment/Props/SM_ToolBox.ubulk" 3479
"C:/Users/r022260k/Documents/GitHub/ConCat/Content/Environment/Props/SM_ToolBox.uasset" 3480
"C:/Users/r022260k/Documents/GitHub/ConCat/Content/Environment/Props/SM_ToolBox.uexp" 3481
"C:/Users/r022260k/Documents/GitHub/ConCat/Content/Construction/Tech/Blueprints/WeaponSystem/WeaponBlueprints/Pickups/BP_ToolBox_Effect.uasset" 3482
"C:/Users/r022260k/Documents/GitHub/ConCat/Content/Construction/Tech/Blueprints/WeaponSystem/WeaponBlueprints/Pickups/BP_ToolBox_Effect.uexp" 3483
"C:/Users/r022260k/Documents/GitHub/ConCat/Content/Construction/Tech/Blueprints/WeaponSystem/WeaponBlueprints/Extinguisher/BP_FireExtinguisherProj.uasset" 3484
"C:/Users/r022260k/Documents/GitHub/ConCat/Content/Construction/Tech/Blueprints/WeaponSystem/WeaponBlueprints/Extinguisher/BP_FireExtinguisherProj.uexp" 3485
"C:/Users/r022260k/Documents/GitHub/ConCat/Content/Construction/Tech/Blueprints/WeaponSystem/WeaponBlueprints/Extinguisher/FX/OLD_FX/FX_Water_TEST.uasset" 3486
"C:/Users/r022260k/Documents/GitHub/ConCat/Content/Construction/Tech/Blueprints/WeaponSystem/WeaponBlueprints/Extinguisher/FX/OLD_FX/FX_Water_TEST.uexp" 3487
"C:/Users/r022260k/Documents/GitHub/ConCat/Content/Construction/Tech/Blueprints/UI/CoryCustomFont/ReadyUp_BWText.uasset" 3488
"C:/Users/r022260k/Documents/GitHub/ConCat/Content/Construction/Tech/Blueprints/UI/CoryCustomFont/ReadyUp_BWText.uexp" 3489
"C:/Users/r022260k/Documents/GitHub/ConCat/Content/Construction/Tech/Blueprints/UI/CoryCustomFont/ReadyUpDotDOt.uasset" 3490
"C:/Users/r022260k/Documents/GitHub/ConCat/Content/Construction/Tech/Blueprints/UI/CoryCustomFont/ReadyUpDotDOt.uexp" 3491
"C:/Users/r022260k/Documents/GitHub/ConCat/Content/Construction/Tech/Blueprints/UI/CoryCustomFont/9.uasset" 3492
"C:/Users/r022260k/Documents/GitHub/ConCat/Content/Construction/Tech/Blueprints/UI/CoryCustomFont/9.uexp" 3493
"C:/Users/r022260k/Documents/GitHub/ConCat/Content/Construction/Tech/Blueprints/UI/CoryCustomFont/8.uasset" 3494
"C:/Users/r022260k/Documents/GitHub/ConCat/Content/Construction/Tech/Blueprints/UI/CoryCustomFont/8.uexp" 3495
"C:/Users/r022260k/Documents/GitHub/ConCat/Content/Construction/Tech/Blueprints/UI/CoryCustomFont/7.uasset" 3496
"C:/Users/r022260k/Documents/GitHub/ConCat/Content/Construction/Tech/Blueprints/UI/CoryCustomFont/7.uexp" 3497
"C:/Users/r022260k/Documents/GitHub/ConCat/Content/Construction/Tech/Blueprints/UI/CoryCustomFont/6.uasset" 3498
"C:/Users/r022260k/Documents/GitHub/ConCat/Content/Construction/Tech/Blueprints/UI/CoryCustomFont/6.uexp" 3499
"C:/Users/r022260k/Documents/GitHub/ConCat/Content/Construction/Tech/Blueprints/UI/CoryCustomFont/5.uasset" 3500
"C:/Users/r022260k/Documents/GitHub/ConCat/Content/Construction/Tech/Blueprints/UI/CoryCustomFont/5.uexp" 3501
"C:/Users/r022260k/Documents/GitHub/ConCat/Content/Construction/Tech/Blueprints/UI/CoryCustomFont/4.uasset" 3502
"C:/Users/r022260k/Documents/GitHub/ConCat/Content/Construction/Tech/Blueprints/UI/CoryCustomFont/4.uexp" 3503
"C:/Users/r022260k/Documents/GitHub/ConCat/Content/Construction/Tech/Blueprints/UI/CoryCustomFont/3.uasset" 3504
"C:/Users/r022260k/Documents/GitHub/ConCat/Content/Construction/Tech/Blueprints/UI/CoryCustomFont/3.uexp" 3505
"C:/Users/r022260k/Documents/GitHub/ConCat/Content/Construction/Tech/Blueprints/UI/CoryCustomFont/2.uasset" 3506
"C:/Users/r022260k/Documents/GitHub/ConCat/Content/Construction/Tech/Blueprints/UI/CoryCustomFont/2.uexp" 3507
"C:/Users/r022260k/Documents/GitHub/ConCat/Content/Construction/Tech/Blueprints/UI/CoryCustomFont/1.uasset" 3508
"C:/Users/r022260k/Documents/GitHub/ConCat/Content/Construction/Tech/Blueprints/UI/CoryCustomFont/1.uexp" 3509
"C:/Users/r022260k/Documents/GitHub/ConCat/Content/Construction/Tech/Blueprints/UI/CoryCustomFont/0.uasset" 3510
"C:/Users/r022260k/Documents/GitHub/ConCat/Content/Construction/Tech/Blueprints/UI/CoryCustomFont/0.uexp" 3511
"C:/Users/r022260k/Documents/GitHub/ConCat/Content/Construction/Tech/Blueprints/DestructibleGeometry/GeometryCollection/ModularGC/GC_ModH4c.uasset" 3512
"C:/Users/r022260k/Documents/GitHub/ConCat/Content/Construction/Tech/Blueprints/DestructibleGeometry/GeometryCollection/ModularGC/GC_ModH4c.uexp" 3513
"C:/Users/r022260k/Documents/GitHub/ConCat/Content/Construction/Tech/Blueprints/DestructibleGeometry/DestructibleActors/ModularH/BP_ModH4c.uasset" 3514
"C:/Users/r022260k/Documents/GitHub/ConCat/Content/Construction/Tech/Blueprints/DestructibleGeometry/DestructibleActors/ModularH/BP_ModH4c.uexp" 3515
"C:/Users/r022260k/Documents/GitHub/ConCat/Content/Construction/Tech/Blueprints/DestructibleGeometry/GeometryCollection/ModularGC/GC_ModH4b.uasset" 3516
"C:/Users/r022260k/Documents/GitHub/ConCat/Content/Construction/Tech/Blueprints/DestructibleGeometry/GeometryCollection/ModularGC/GC_ModH4b.uexp" 3517
"C:/Users/r022260k/Documents/GitHub/ConCat/Content/Construction/Tech/Blueprints/DestructibleGeometry/DestructibleActors/ModularH/BP_ModH4b.uasset" 3518
"C:/Users/r022260k/Documents/GitHub/ConCat/Content/Construction/Tech/Blueprints/DestructibleGeometry/DestructibleActors/ModularH/BP_ModH4b.uexp" 3519
"C:/Users/r022260k/Documents/GitHub/ConCat/Content/Construction/Tech/Blueprints/DestructibleGeometry/GeometryCollection/ModularGC/GC_ModH4a.uasset" 3520
"C:/Users/r022260k/Documents/GitHub/ConCat/Content/Construction/Tech/Blueprints/DestructibleGeometry/GeometryCollection/ModularGC/GC_ModH4a.uexp" 3521
"C:/Users/r022260k/Documents/GitHub/ConCat/Content/Construction/Tech/Blueprints/DestructibleGeometry/DestructibleActors/ModularH/BP_ModH4a.uasset" 3522
"C:/Users/r022260k/Documents/GitHub/ConCat/Content/Construction/Tech/Blueprints/DestructibleGeometry/DestructibleActors/ModularH/BP_ModH4a.uexp" 3523
"C:/Users/r022260k/Documents/GitHub/ConCat/Content/Construction/Tech/Blueprints/DestructibleGeometry/GeometryCollection/ModularGC/GC_ModH3c.uasset" 3524
"C:/Users/r022260k/Documents/GitHub/ConCat/Content/Construction/Tech/Blueprints/DestructibleGeometry/GeometryCollection/ModularGC/GC_ModH3c.uexp" 3525
"C:/Users/r022260k/Documents/GitHub/ConCat/Content/Construction/Tech/Blueprints/DestructibleGeometry/DestructibleActors/ModularH/BP_ModH3c.uasset" 3526
"C:/Users/r022260k/Documents/GitHub/ConCat/Content/Construction/Tech/Blueprints/DestructibleGeometry/DestructibleActors/ModularH/BP_ModH3c.uexp" 3527
"C:/Users/r022260k/Documents/GitHub/ConCat/Content/Construction/Tech/Blueprints/DestructibleGeometry/GeometryCollection/ModularGC/GC_ModH3b.uasset" 3528
"C:/Users/r022260k/Documents/GitHub/ConCat/Content/Construction/Tech/Blueprints/DestructibleGeometry/GeometryCollection/ModularGC/GC_ModH3b.uexp" 3529
"C:/Users/r022260k/Documents/GitHub/ConCat/Content/Construction/Tech/Blueprints/DestructibleGeometry/DestructibleActors/ModularH/BP_ModH3b.uasset" 3530
"C:/Users/r022260k/Documents/GitHub/ConCat/Content/Construction/Tech/Blueprints/DestructibleGeometry/DestructibleActors/ModularH/BP_ModH3b.uexp" 3531
"C:/Users/r022260k/Documents/GitHub/ConCat/Content/Construction/Tech/Blueprints/DestructibleGeometry/GeometryCollection/ModularGC/GC_ModH3a.uasset" 3532
"C:/Users/r022260k/Documents/GitHub/ConCat/Content/Construction/Tech/Blueprints/DestructibleGeometry/GeometryCollection/ModularGC/GC_ModH3a.uexp" 3533
"C:/Users/r022260k/Documents/GitHub/ConCat/Content/Construction/Tech/Blueprints/DestructibleGeometry/DestructibleActors/ModularH/BP_ModH3a.uasset" 3534
"C:/Users/r022260k/Documents/GitHub/ConCat/Content/Construction/Tech/Blueprints/DestructibleGeometry/DestructibleActors/ModularH/BP_ModH3a.uexp" 3535
"C:/Users/r022260k/Documents/GitHub/ConCat/Content/Construction/Tech/Blueprints/DestructibleGeometry/GeometryCollection/ModularGC/GC_ModH2c.uasset" 3536
"C:/Users/r022260k/Documents/GitHub/ConCat/Content/Construction/Tech/Blueprints/DestructibleGeometry/GeometryCollection/ModularGC/GC_ModH2c.uexp" 3537
"C:/Users/r022260k/Documents/GitHub/ConCat/Content/Construction/Tech/Blueprints/DestructibleGeometry/DestructibleActors/ModularH/BP_ModH2c.uasset" 3538
"C:/Users/r022260k/Documents/GitHub/ConCat/Content/Construction/Tech/Blueprints/DestructibleGeometry/DestructibleActors/ModularH/BP_ModH2c.uexp" 3539
"C:/Users/r022260k/Documents/GitHub/ConCat/Content/Construction/Tech/Blueprints/DestructibleGeometry/GeometryCollection/ModularGC/GC_ModH2b.uasset" 3540
"C:/Users/r022260k/Documents/GitHub/ConCat/Content/Construction/Tech/Blueprints/DestructibleGeometry/GeometryCollection/ModularGC/GC_ModH2b.uexp" 3541
"C:/Users/r022260k/Documents/GitHub/ConCat/Content/Construction/Tech/Blueprints/DestructibleGeometry/DestructibleActors/ModularH/BP_ModH2b.uasset" 3542
"C:/Users/r022260k/Documents/GitHub/ConCat/Content/Construction/Tech/Blueprints/DestructibleGeometry/DestructibleActors/ModularH/BP_ModH2b.uexp" 3543
"C:/Users/r022260k/Documents/GitHub/ConCat/Content/Construction/Tech/Blueprints/DestructibleGeometry/GeometryCollection/ModularGC/GC_ModH2a.uasset" 3544
"C:/Users/r022260k/Documents/GitHub/ConCat/Content/Construction/Tech/Blueprints/DestructibleGeometry/GeometryCollection/ModularGC/GC_ModH2a.uexp" 3545
"C:/Users/r022260k/Documents/GitHub/ConCat/Content/Construction/Tech/Blueprints/DestructibleGeometry/DestructibleActors/ModularH/BP_ModH2a.uasset" 3546
"C:/Users/r022260k/Documents/GitHub/ConCat/Content/Construction/Tech/Blueprints/DestructibleGeometry/DestructibleActors/ModularH/BP_ModH2a.uexp" 3547
"C:/Users/r022260k/Documents/GitHub/ConCat/Content/Construction/Tech/Blueprints/DestructibleGeometry/GeometryCollection/ModularGC/GC_ModH1.uasset" 3548
"C:/Users/r022260k/Documents/GitHub/ConCat/Content/Construction/Tech/Blueprints/DestructibleGeometry/GeometryCollection/ModularGC/GC_ModH1.uexp" 3549
"C:/Users/r022260k/Documents/GitHub/ConCat/Content/Construction/Tech/Blueprints/DestructibleGeometry/DestructibleActors/ModularH/BP_ModH1.uasset" 3550
"C:/Users/r022260k/Documents/GitHub/ConCat/Content/Construction/Tech/Blueprints/DestructibleGeometry/DestructibleActors/ModularH/BP_ModH1.uexp" 3551
"C:/Users/r022260k/Documents/GitHub/ConCat/Content/Construction/Tech/Blueprints/Data-Storage/E_ActivePlayer.uasset" 3552
"C:/Users/r022260k/Documents/GitHub/ConCat/Content/Construction/Tech/Blueprints/Data-Storage/E_ActivePlayer.uexp" 3553
"C:/Users/r022260k/Documents/GitHub/ConCat/Content/LevelPrototyping/Materials/MI_PrototypeGrid_TopDark.uasset" 3554
"C:/Users/r022260k/Documents/GitHub/ConCat/Content/LevelPrototyping/Materials/MI_PrototypeGrid_TopDark.uexp" 3555
"C:/Users/r022260k/Documents/GitHub/ConCat/Content/LevelPrototyping/Materials/MI_PrototypeGrid_Gray_02.uasset" 3556
"C:/Users/r022260k/Documents/GitHub/ConCat/Content/LevelPrototyping/Materials/MI_PrototypeGrid_Gray_02.uexp" 3557
"C:/Users/r022260k/Documents/GitHub/ConCat/Content/LevelPrototyping/Meshes/SM_QuarterCylinder.ubulk" 3558
"C:/Users/r022260k/Documents/GitHub/ConCat/Content/LevelPrototyping/Meshes/SM_QuarterCylinder.uasset" 3559
"C:/Users/r022260k/Documents/GitHub/ConCat/Content/LevelPrototyping/Meshes/SM_QuarterCylinder.uexp" 3560
"C:/Users/r022260k/Documents/GitHub/ConCat/Content/LevelPrototyping/Meshes/SM_Cube.ubulk" 3561
"C:/Users/r022260k/Documents/GitHub/ConCat/Content/LevelPrototyping/Meshes/SM_Cube.uasset" 3562
"C:/Users/r022260k/Documents/GitHub/ConCat/Content/LevelPrototyping/Meshes/SM_Cube.uexp" 3563
"C:/Users/r022260k/Documents/GitHub/ConCat/Content/Splash/Splash.uasset" 3564
"C:/Users/r022260k/Documents/GitHub/ConCat/Content/Splash/Splash.uexp" 3565
"C:/Users/r022260k/Documents/GitHub/ConCat/Content/Splash/EdSplash.uasset" 3566
"C:/Users/r022260k/Documents/GitHub/ConCat/Content/Splash/EdSplash.uexp" 3567
"C:/Users/r022260k/Documents/GitHub/ConCat/Content/ThirdPerson/Maps/ThirdPersonMap_BuiltData.ubulk" 3568
"C:/Users/r022260k/Documents/GitHub/ConCat/Content/ThirdPerson/Maps/ThirdPersonMap_BuiltData.uasset" 3569
"C:/Users/r022260k/Documents/GitHub/ConCat/Content/ThirdPerson/Maps/ThirdPersonMap_BuiltData.uexp" 3570
"../../../Engine/Plugins/Animation/ControlRig/Content/Controls/DefaultGizmoLibraryNormalized.uasset" 3571
"../../../Engine/Plugins/Animation/ControlRig/Content/Controls/DefaultGizmoLibraryNormalized.uexp" 3572
"C:/Users/r022260k/Documents/GitHub/ConCat/Content/Characters/Mannequins/Rigs/CR_Mannequin_Body.uasset" 3573
"C:/Users/r022260k/Documents/GitHub/ConCat/Content/Characters/Mannequins/Rigs/CR_Mannequin_Body.uexp" 3574
"../../../Engine/Content/Maps/Entry_BuiltData.uasset" 3575
"../../../Engine/Content/Maps/Entry_BuiltData.uexp" 3576
"../../../Engine/Content/Maps/Entry.uexp" 3577
"../../../Engine/Content/Maps/Entry.umap" 3578
"C:/Users/r022260k/Documents/GitHub/ConCat/Content/Construction/Tech/Blueprints/Disasters/Earthquake/Fog_Zone/OLD_FOG_ZONE/Materials/M_Fog.uasset" 3579
"C:/Users/r022260k/Documents/GitHub/ConCat/Content/Construction/Tech/Blueprints/Disasters/Earthquake/Fog_Zone/OLD_FOG_ZONE/Materials/M_Fog.uexp" 3580
"C:/Users/r022260k/Documents/GitHub/ConCat/Content/Construction/Tech/Blueprints/WeaponSystem/WeaponBlueprints/Pickups/FX_Smoke_ToolBox.uasset" 3581
"C:/Users/r022260k/Documents/GitHub/ConCat/Content/Construction/Tech/Blueprints/WeaponSystem/WeaponBlueprints/Pickups/FX_Smoke_ToolBox.uexp" 3582
"C:/Users/r022260k/Documents/GitHub/ConCat/Content/Construction/Tech/Blueprints/WeaponSystem/WeaponBlueprints/Pickups/BP_ToolShelfMaster.uasset" 3583
"C:/Users/r022260k/Documents/GitHub/ConCat/Content/Construction/Tech/Blueprints/WeaponSystem/WeaponBlueprints/Pickups/BP_ToolShelfMaster.uexp" 3584
"../../../Engine/Content/OpenWorldTemplate/LandscapeMaterial/T_GridChecker_A.ubulk" 3585
"../../../Engine/Content/OpenWorldTemplate/LandscapeMaterial/T_GridChecker_A.uasset" 3586
"../../../Engine/Content/OpenWorldTemplate/LandscapeMaterial/T_GridChecker_A.uexp" 3587
"../../../Engine/Content/OpenWorldTemplate/LandscapeMaterial/MF_ProcGrid.uasset" 3588
"../../../Engine/Content/OpenWorldTemplate/LandscapeMaterial/MF_ProcGrid.uexp" 3589
"../../../Engine/Content/OpenWorldTemplate/LandscapeMaterial/M_ProcGrid.uasset" 3590
"../../../Engine/Content/OpenWorldTemplate/LandscapeMaterial/M_ProcGrid.uexp" 3591
"../../../Engine/Content/OpenWorldTemplate/LandscapeMaterial/MI_ProcGrid.uasset" 3592
"../../../Engine/Content/OpenWorldTemplate/LandscapeMaterial/MI_ProcGrid.uexp" 3593
"../../../Engine/Content/EngineSky/T_Sky_Stars.ubulk" 3594
"../../../Engine/Content/EngineSky/T_Sky_Stars.uasset" 3595
"../../../Engine/Content/EngineSky/T_Sky_Stars.uexp" 3596
"../../../Engine/Content/EngineSky/T_Sky_Clouds_M.ubulk" 3597
"../../../Engine/Content/EngineSky/T_Sky_Clouds_M.uasset" 3598
"../../../Engine/Content/EngineSky/T_Sky_Clouds_M.uexp" 3599
"../../../Engine/Content/EngineSky/T_Sky_Blue.ubulk" 3600
"../../../Engine/Content/EngineSky/T_Sky_Blue.uasset" 3601
"../../../Engine/Content/EngineSky/T_Sky_Blue.uexp" 3602
"../../../Engine/Content/EngineSky/M_Sky_Panning_Clouds2.uasset" 3603
"../../../Engine/Content/EngineSky/M_Sky_Panning_Clouds2.uexp" 3604
"../../../Engine/Content/EngineSky/SM_SkySphere.ubulk" 3605
"../../../Engine/Content/EngineSky/SM_SkySphere.uasset" 3606
"../../../Engine/Content/EngineSky/SM_SkySphere.uexp" 3607
"../../../Engine/Content/MapTemplates/SM_Template_Map_Floor.ubulk" 3608
"../../../Engine/Content/MapTemplates/SM_Template_Map_Floor.uasset" 3609
"../../../Engine/Content/MapTemplates/SM_Template_Map_Floor.uexp" 3610
"../../../Engine/Content/EngineSky/M_SimpleSkyDome.uasset" 3611
"../../../Engine/Content/EngineSky/M_SimpleSkyDome.uexp" 3612
"C:/Users/r022260k/Documents/GitHub/ConCat/Content/Construction/Tech/Levels/_GENERATED/k024521l/Cylinder_522390DB.ubulk" 3613
"C:/Users/r022260k/Documents/GitHub/ConCat/Content/Construction/Tech/Levels/_GENERATED/k024521l/Cylinder_522390DB.uasset" 3614
"C:/Users/r022260k/Documents/GitHub/ConCat/Content/Construction/Tech/Levels/_GENERATED/k024521l/Cylinder_522390DB.uexp" 3615
"C:/Users/r022260k/Documents/GitHub/ConCat/Content/Construction/Tech/Blueprints/WeaponSystem/WeaponBlueprints/Pickups/BP_SmallHammerBench.uasset" 3616
"C:/Users/r022260k/Documents/GitHub/ConCat/Content/Construction/Tech/Blueprints/WeaponSystem/WeaponBlueprints/Pickups/BP_SmallHammerBench.uexp" 3617
"C:/Users/r022260k/Documents/GitHub/ConCat/Content/Construction/Tech/Levels/L_Main.uexp" 3618
"C:/Users/r022260k/Documents/GitHub/ConCat/Content/Construction/Tech/Levels/L_Main.umap" 3619
"C:/Users/r022260k/Documents/GitHub/ConCat/Content/Environment/Textures/Crate/SM_Crate_DefaultMaterial_Normal.ubulk" 3620
"C:/Users/r022260k/Documents/GitHub/ConCat/Content/Environment/Textures/Crate/SM_Crate_DefaultMaterial_Normal.uasset" 3621
"C:/Users/r022260k/Documents/GitHub/ConCat/Content/Environment/Textures/Crate/SM_Crate_DefaultMaterial_Normal.uexp" 3622
"C:/Users/r022260k/Documents/GitHub/ConCat/Content/Environment/Textures/Crate/SM_Crate_DefaultMaterial_BaseColor.ubulk" 3623
"C:/Users/r022260k/Documents/GitHub/ConCat/Content/Environment/Textures/Crate/SM_Crate_DefaultMaterial_BaseColor.uasset" 3624
"C:/Users/r022260k/Documents/GitHub/ConCat/Content/Environment/Textures/Crate/SM_Crate_DefaultMaterial_BaseColor.uexp" 3625
"C:/Users/r022260k/Documents/GitHub/ConCat/Content/Environment/Textures/Crate/SM_Crate_DefaultMaterial_OcclusionRoughnessMetallic.ubulk" 3626
"C:/Users/r022260k/Documents/GitHub/ConCat/Content/Environment/Textures/Crate/SM_Crate_DefaultMaterial_OcclusionRoughnessMetallic.uasset" 3627
"C:/Users/r022260k/Documents/GitHub/ConCat/Content/Environment/Textures/Crate/SM_Crate_DefaultMaterial_OcclusionRoughnessMetallic.uexp" 3628
"C:/Users/r022260k/Documents/GitHub/ConCat/Content/Environment/Textures/Crate/Crate_M.uasset" 3629
"C:/Users/r022260k/Documents/GitHub/ConCat/Content/Environment/Textures/Crate/Crate_M.uexp" 3630
"C:/Users/r022260k/Documents/GitHub/ConCat/Content/Environment/Props/SM_Crate.ubulk" 3631
"C:/Users/r022260k/Documents/GitHub/ConCat/Content/Environment/Props/SM_Crate.uasset" 3632
"C:/Users/r022260k/Documents/GitHub/ConCat/Content/Environment/Props/SM_Crate.uexp" 3633
"C:/Users/r022260k/Documents/GitHub/ConCat/Content/Construction/Art/Environments/Props/Mats/Basic.uasset" 3634
"C:/Users/r022260k/Documents/GitHub/ConCat/Content/Construction/Art/Environments/Props/Mats/Basic.uexp" 3635
"C:/Users/r022260k/Documents/GitHub/ConCat/Content/Construction/Art/Environments/Props/Meshes/Big_Crate.ubulk" 3636
"C:/Users/r022260k/Documents/GitHub/ConCat/Content/Construction/Art/Environments/Props/Meshes/Big_Crate.uasset" 3637
"C:/Users/r022260k/Documents/GitHub/ConCat/Content/Construction/Art/Environments/Props/Meshes/Big_Crate.uexp" 3638
"C:/Users/r022260k/Documents/GitHub/ConCat/Content/Construction/Tech/Levels/BlockingVolume.uasset" 3639
"C:/Users/r022260k/Documents/GitHub/ConCat/Content/Construction/Tech/Levels/BlockingVolume.uexp" 3640
"C:/Users/r022260k/Documents/GitHub/ConCat/Content/Construction/Tech/Levels/_GENERATED/Judek/Box_B4DD426C.ubulk" 3641
"C:/Users/r022260k/Documents/GitHub/ConCat/Content/Construction/Tech/Levels/_GENERATED/Judek/Box_B4DD426C.uasset" 3642
"C:/Users/r022260k/Documents/GitHub/ConCat/Content/Construction/Tech/Levels/_GENERATED/Judek/Box_B4DD426C.uexp" 3643
"C:/Users/r022260k/Documents/GitHub/ConCat/Content/Construction/Tech/Levels/L_Japan_sharedassets/GreyMetal_LayerInfo.uasset" 3644
"C:/Users/r022260k/Documents/GitHub/ConCat/Content/Construction/Tech/Levels/L_Japan_sharedassets/GreyMetal_LayerInfo.uexp" 3645
"C:/Users/r022260k/Documents/GitHub/ConCat/Content/Construction/Tech/Levels/L_Japan_sharedassets/Gravel_LayerInfo.uasset" 3646
"C:/Users/r022260k/Documents/GitHub/ConCat/Content/Construction/Tech/Levels/L_Japan_sharedassets/Gravel_LayerInfo.uexp" 3647
"C:/Users/r022260k/Documents/GitHub/ConCat/Content/Construction/Tech/Levels/L_Japan_sharedassets/Cobble_LayerInfo.uasset" 3648
"C:/Users/r022260k/Documents/GitHub/ConCat/Content/Construction/Tech/Levels/L_Japan_sharedassets/Cobble_LayerInfo.uexp" 3649
"C:/Users/r022260k/Documents/GitHub/ConCat/Content/Environment/Textures/Pallet/SM_Pallet_DefaultMaterial_Normal.ubulk" 3650
"C:/Users/r022260k/Documents/GitHub/ConCat/Content/Environment/Textures/Pallet/SM_Pallet_DefaultMaterial_Normal.uasset" 3651
"C:/Users/r022260k/Documents/GitHub/ConCat/Content/Environment/Textures/Pallet/SM_Pallet_DefaultMaterial_Normal.uexp" 3652
"C:/Users/r022260k/Documents/GitHub/ConCat/Content/Environment/Textures/Pallet/SM_Pallet_DefaultMaterial_BaseColor.ubulk" 3653
"C:/Users/r022260k/Documents/GitHub/ConCat/Content/Environment/Textures/Pallet/SM_Pallet_DefaultMaterial_BaseColor.uasset" 3654
"C:/Users/r022260k/Documents/GitHub/ConCat/Content/Environment/Textures/Pallet/SM_Pallet_DefaultMaterial_BaseColor.uexp" 3655
"C:/Users/r022260k/Documents/GitHub/ConCat/Content/Environment/Textures/Pallet/SM_Pallet_DefaultMaterial_OcclusionRoughnessMetallic.ubulk" 3656
"C:/Users/r022260k/Documents/GitHub/ConCat/Content/Environment/Textures/Pallet/SM_Pallet_DefaultMaterial_OcclusionRoughnessMetallic.uasset" 3657
"C:/Users/r022260k/Documents/GitHub/ConCat/Content/Environment/Textures/Pallet/SM_Pallet_DefaultMaterial_OcclusionRoughnessMetallic.uexp" 3658
"C:/Users/r022260k/Documents/GitHub/ConCat/Content/Environment/Textures/Pallet/Pallet_M.uasset" 3659
"C:/Users/r022260k/Documents/GitHub/ConCat/Content/Environment/Textures/Pallet/Pallet_M.uexp" 3660
"C:/Users/r022260k/Documents/GitHub/ConCat/Content/Environment/Props/SM_Pallet.ubulk" 3661
"C:/Users/r022260k/Documents/GitHub/ConCat/Content/Environment/Props/SM_Pallet.uasset" 3662
"C:/Users/r022260k/Documents/GitHub/ConCat/Content/Environment/Props/SM_Pallet.uexp" 3663
"C:/Users/r022260k/Documents/GitHub/ConCat/Content/Construction/Art/Environments/Props/Mats/Barrel_01/SM_Barrel_01_-_Default_BaseColor.ubulk" 3664
"C:/Users/r022260k/Documents/GitHub/ConCat/Content/Construction/Art/Environments/Props/Mats/Barrel_01/SM_Barrel_01_-_Default_BaseColor.uasset" 3665
"C:/Users/r022260k/Documents/GitHub/ConCat/Content/Construction/Art/Environments/Props/Mats/Barrel_01/SM_Barrel_01_-_Default_BaseColor.uexp" 3666
"C:/Users/r022260k/Documents/GitHub/ConCat/Content/Construction/Art/Environments/Props/Mats/Barrel_01/Barrel_01.uasset" 3667
"C:/Users/r022260k/Documents/GitHub/ConCat/Content/Construction/Art/Environments/Props/Mats/Barrel_01/Barrel_01.uexp" 3668
"C:/Users/r022260k/Documents/GitHub/ConCat/Content/Construction/Art/Environments/Props/Meshes/Barrel_01.ubulk" 3669
"C:/Users/r022260k/Documents/GitHub/ConCat/Content/Construction/Art/Environments/Props/Meshes/Barrel_01.uasset" 3670
"C:/Users/r022260k/Documents/GitHub/ConCat/Content/Construction/Art/Environments/Props/Meshes/Barrel_01.uexp" 3671
"C:/Users/r022260k/Documents/GitHub/ConCat/Content/Construction/Art/Environments/Tileable_Textures/MuddyStones/MuddyStones_Mat2.uasset" 3672
"C:/Users/r022260k/Documents/GitHub/ConCat/Content/Construction/Art/Environments/Tileable_Textures/MuddyStones/MuddyStones_Mat2.uexp" 3673
"C:/Users/r022260k/Documents/GitHub/ConCat/Content/Construction/Sound/Raw_WAVs/Music/upbeat_pop.ubulk" 3674
"C:/Users/r022260k/Documents/GitHub/ConCat/Content/Construction/Sound/Raw_WAVs/Music/upbeat_pop.uasset" 3675
"C:/Users/r022260k/Documents/GitHub/ConCat/Content/Construction/Sound/Raw_WAVs/Music/upbeat_pop.uexp" 3676
"C:/Users/r022260k/Documents/GitHub/ConCat/Content/Construction/Sound/SoundCues/Music/upbeat_pop_Cue.uasset" 3677
"C:/Users/r022260k/Documents/GitHub/ConCat/Content/Construction/Sound/SoundCues/Music/upbeat_pop_Cue.uexp" 3678
"C:/Users/r022260k/Documents/GitHub/ConCat/Content/Construction/Art/Environments/Tileable_Textures/Gravel/Gravel_Ao.ubulk" 3679
"C:/Users/r022260k/Documents/GitHub/ConCat/Content/Construction/Art/Environments/Tileable_Textures/Gravel/Gravel_Ao.uasset" 3680
"C:/Users/r022260k/Documents/GitHub/ConCat/Content/Construction/Art/Environments/Tileable_Textures/Gravel/Gravel_Ao.uexp" 3681
"C:/Users/r022260k/Documents/GitHub/ConCat/Content/Construction/Art/Environments/Tileable_Textures/Gravel/Gravel_Height.ubulk" 3682
"C:/Users/r022260k/Documents/GitHub/ConCat/Content/Construction/Art/Environments/Tileable_Textures/Gravel/Gravel_Height.uasset" 3683
"C:/Users/r022260k/Documents/GitHub/ConCat/Content/Construction/Art/Environments/Tileable_Textures/Gravel/Gravel_Height.uexp" 3684
"C:/Users/r022260k/Documents/GitHub/ConCat/Content/Construction/Art/Environments/Tileable_Textures/Gravel/Gravel_Metallic.ubulk" 3685
"C:/Users/r022260k/Documents/GitHub/ConCat/Content/Construction/Art/Environments/Tileable_Textures/Gravel/Gravel_Metallic.uasset" 3686
"C:/Users/r022260k/Documents/GitHub/ConCat/Content/Construction/Art/Environments/Tileable_Textures/Gravel/Gravel_Metallic.uexp" 3687
"C:/Users/r022260k/Documents/GitHub/ConCat/Content/Construction/Art/Environments/Tileable_Textures/Gravel/Gravel.uasset" 3688
"C:/Users/r022260k/Documents/GitHub/ConCat/Content/Construction/Art/Environments/Tileable_Textures/Gravel/Gravel.uexp" 3689
"C:/Users/r022260k/Documents/GitHub/ConCat/Content/Construction/Art/Environments/Props/Meshes/Pipe_001.ubulk" 3690
"C:/Users/r022260k/Documents/GitHub/ConCat/Content/Construction/Art/Environments/Props/Meshes/Pipe_001.uasset" 3691
"C:/Users/r022260k/Documents/GitHub/ConCat/Content/Construction/Art/Environments/Props/Meshes/Pipe_001.uexp" 3692
"C:/Users/r022260k/Documents/GitHub/ConCat/Content/Construction/Art/Environments/Props/Meshes/Bucket.ubulk" 3693
"C:/Users/r022260k/Documents/GitHub/ConCat/Content/Construction/Art/Environments/Props/Meshes/Bucket.uasset" 3694
"C:/Users/r022260k/Documents/GitHub/ConCat/Content/Construction/Art/Environments/Props/Meshes/Bucket.uexp" 3695
"C:/Users/r022260k/Documents/GitHub/ConCat/Content/Construction/Tech/Blueprints/Characters/ActionPhase-Characters/PostProcessSilhouette/PPMI_Silhouette.uasset" 3696
"C:/Users/r022260k/Documents/GitHub/ConCat/Content/Construction/Tech/Blueprints/Characters/ActionPhase-Characters/PostProcessSilhouette/PPMI_Silhouette.uexp" 3697
"C:/Users/r022260k/Documents/GitHub/ConCat/Content/Construction/Tech/Levels/L_Japan_BuiltData.ubulk" 3698
"C:/Users/r022260k/Documents/GitHub/ConCat/Content/Construction/Tech/Levels/L_Japan_BuiltData.uasset" 3699
"C:/Users/r022260k/Documents/GitHub/ConCat/Content/Construction/Tech/Levels/L_Japan_BuiltData.uexp" 3700
"../../../Engine/Content/EngineMaterials/DefaultPhysicalMaterial.uasset" 3701
"../../../Engine/Content/EngineMaterials/DefaultPhysicalMaterial.uexp" 3702
"C:/Users/r022260k/Documents/GitHub/ConCat/Content/Construction/Art/Environments/Props/Meshes/Mixer.ubulk" 3703
"C:/Users/r022260k/Documents/GitHub/ConCat/Content/Construction/Art/Environments/Props/Meshes/Mixer.uasset" 3704
"C:/Users/r022260k/Documents/GitHub/ConCat/Content/Construction/Art/Environments/Props/Meshes/Mixer.uexp" 3705
"C:/Users/r022260k/Documents/GitHub/ConCat/Content/Construction/Tech/Levels/L_Japan_sharedassets/Alpha_LayerInfo.uasset" 3706
"C:/Users/r022260k/Documents/GitHub/ConCat/Content/Construction/Tech/Levels/L_Japan_sharedassets/Alpha_LayerInfo.uexp" 3707
"C:/Users/r022260k/Documents/GitHub/ConCat/Content/Environment/Textures/dumpster/SM_Dumpster_DefaultMaterial_OcclusionRoughnessMetallic.ubulk" 3708
"C:/Users/r022260k/Documents/GitHub/ConCat/Content/Environment/Textures/dumpster/SM_Dumpster_DefaultMaterial_OcclusionRoughnessMetallic.uasset" 3709
"C:/Users/r022260k/Documents/GitHub/ConCat/Content/Environment/Textures/dumpster/SM_Dumpster_DefaultMaterial_OcclusionRoughnessMetallic.uexp" 3710
"C:/Users/r022260k/Documents/GitHub/ConCat/Content/Environment/Textures/dumpster/SM_Dumpster_DefaultMaterial_BaseColor.ubulk" 3711
"C:/Users/r022260k/Documents/GitHub/ConCat/Content/Environment/Textures/dumpster/SM_Dumpster_DefaultMaterial_BaseColor.uasset" 3712
"C:/Users/r022260k/Documents/GitHub/ConCat/Content/Environment/Textures/dumpster/SM_Dumpster_DefaultMaterial_BaseColor.uexp" 3713
"C:/Users/r022260k/Documents/GitHub/ConCat/Content/Environment/Textures/dumpster/SM_Dumpster_DefaultMaterial_Normal.ubulk" 3714
"C:/Users/r022260k/Documents/GitHub/ConCat/Content/Environment/Textures/dumpster/SM_Dumpster_DefaultMaterial_Normal.uasset" 3715
"C:/Users/r022260k/Documents/GitHub/ConCat/Content/Environment/Textures/dumpster/SM_Dumpster_DefaultMaterial_Normal.uexp" 3716
"C:/Users/r022260k/Documents/GitHub/ConCat/Content/Environment/Textures/dumpster/Dumpster_M.uasset" 3717
"C:/Users/r022260k/Documents/GitHub/ConCat/Content/Environment/Textures/dumpster/Dumpster_M.uexp" 3718
"C:/Users/r022260k/Documents/GitHub/ConCat/Content/Environment/Props/SM_Dumpster.ubulk" 3719
"C:/Users/r022260k/Documents/GitHub/ConCat/Content/Environment/Props/SM_Dumpster.uasset" 3720
"C:/Users/r022260k/Documents/GitHub/ConCat/Content/Environment/Props/SM_Dumpster.uexp" 3721
"C:/Users/r022260k/Documents/GitHub/ConCat/Content/Construction/Art/Environments/Props/Meshes/Tiar.ubulk" 3722
"C:/Users/r022260k/Documents/GitHub/ConCat/Content/Construction/Art/Environments/Props/Meshes/Tiar.uasset" 3723
"C:/Users/r022260k/Documents/GitHub/ConCat/Content/Construction/Art/Environments/Props/Meshes/Tiar.uexp" 3724
"C:/Users/r022260k/Documents/GitHub/ConCat/Content/Environment/Textures/Digger/SM_Digger_DefaultMaterial_OcclusionRoughnessMetallic.ubulk" 3725
"C:/Users/r022260k/Documents/GitHub/ConCat/Content/Environment/Textures/Digger/SM_Digger_DefaultMaterial_OcclusionRoughnessMetallic.uasset" 3726
"C:/Users/r022260k/Documents/GitHub/ConCat/Content/Environment/Textures/Digger/SM_Digger_DefaultMaterial_OcclusionRoughnessMetallic.uexp" 3727
"C:/Users/r022260k/Documents/GitHub/ConCat/Content/Environment/Textures/Digger/SM_Digger_DefaultMaterial_BaseColor.ubulk" 3728
"C:/Users/r022260k/Documents/GitHub/ConCat/Content/Environment/Textures/Digger/SM_Digger_DefaultMaterial_BaseColor.uasset" 3729
"C:/Users/r022260k/Documents/GitHub/ConCat/Content/Environment/Textures/Digger/SM_Digger_DefaultMaterial_BaseColor.uexp" 3730
"C:/Users/r022260k/Documents/GitHub/ConCat/Content/Environment/Textures/Digger/SM_Digger_DefaultMaterial_Normal.ubulk" 3731
"C:/Users/r022260k/Documents/GitHub/ConCat/Content/Environment/Textures/Digger/SM_Digger_DefaultMaterial_Normal.uasset" 3732
"C:/Users/r022260k/Documents/GitHub/ConCat/Content/Environment/Textures/Digger/SM_Digger_DefaultMaterial_Normal.uexp" 3733
"C:/Users/r022260k/Documents/GitHub/ConCat/Content/Environment/Textures/Digger/Digger_M.uasset" 3734
"C:/Users/r022260k/Documents/GitHub/ConCat/Content/Environment/Textures/Digger/Digger_M.uexp" 3735
"C:/Users/r022260k/Documents/GitHub/ConCat/Content/Environment/Digger/SM_DiggerNew.ubulk" 3736
"C:/Users/r022260k/Documents/GitHub/ConCat/Content/Environment/Digger/SM_DiggerNew.uasset" 3737
"C:/Users/r022260k/Documents/GitHub/ConCat/Content/Environment/Digger/SM_DiggerNew.uexp" 3738
"C:/Users/r022260k/Documents/GitHub/ConCat/Content/Construction/Art/Environments/Props/Meshes/Small_Crate.ubulk" 3739
"C:/Users/r022260k/Documents/GitHub/ConCat/Content/Construction/Art/Environments/Props/Meshes/Small_Crate.uasset" 3740
"C:/Users/r022260k/Documents/GitHub/ConCat/Content/Construction/Art/Environments/Props/Meshes/Small_Crate.uexp" 3741
"C:/Users/r022260k/Documents/GitHub/ConCat/Content/Construction/Tech/Materials/M_Red.uasset" 3742
"C:/Users/r022260k/Documents/GitHub/ConCat/Content/Construction/Tech/Materials/M_Red.uexp" 3743
"C:/Users/r022260k/Documents/GitHub/ConCat/Content/Environment/CementTruck/CementTruckExport_Glass_BaseColor.ubulk" 3744
"C:/Users/r022260k/Documents/GitHub/ConCat/Content/Environment/CementTruck/CementTruckExport_Glass_BaseColor.uasset" 3745
"C:/Users/r022260k/Documents/GitHub/ConCat/Content/Environment/CementTruck/CementTruckExport_Glass_BaseColor.uexp" 3746
"C:/Users/r022260k/Documents/GitHub/ConCat/Content/Environment/CementTruck/CementTruckExport_Glass_OcclusionRoughnessMetallic.ubulk" 3747
"C:/Users/r022260k/Documents/GitHub/ConCat/Content/Environment/CementTruck/CementTruckExport_Glass_OcclusionRoughnessMetallic.uasset" 3748
"C:/Users/r022260k/Documents/GitHub/ConCat/Content/Environment/CementTruck/CementTruckExport_Glass_OcclusionRoughnessMetallic.uexp" 3749
"C:/Users/r022260k/Documents/GitHub/ConCat/Content/Environment/CementTruck/TruckGlass_MA.uasset" 3750
"C:/Users/r022260k/Documents/GitHub/ConCat/Content/Environment/CementTruck/TruckGlass_MA.uexp" 3751
"C:/Users/r022260k/Documents/GitHub/ConCat/Content/Environment/CementTruck/CementTruckExport_Truck_BaseColor.ubulk" 3752
"C:/Users/r022260k/Documents/GitHub/ConCat/Content/Environment/CementTruck/CementTruckExport_Truck_BaseColor.uasset" 3753
"C:/Users/r022260k/Documents/GitHub/ConCat/Content/Environment/CementTruck/CementTruckExport_Truck_BaseColor.uexp" 3754
"C:/Users/r022260k/Documents/GitHub/ConCat/Content/Environment/CementTruck/CementTruckExport_Truck_OcclusionRoughnessMetallic.ubulk" 3755
"C:/Users/r022260k/Documents/GitHub/ConCat/Content/Environment/CementTruck/CementTruckExport_Truck_OcclusionRoughnessMetallic.uasset" 3756
"C:/Users/r022260k/Documents/GitHub/ConCat/Content/Environment/CementTruck/CementTruckExport_Truck_OcclusionRoughnessMetallic.uexp" 3757
"C:/Users/r022260k/Documents/GitHub/ConCat/Content/Environment/CementTruck/TruckBody_MA.uasset" 3758
"C:/Users/r022260k/Documents/GitHub/ConCat/Content/Environment/CementTruck/TruckBody_MA.uexp" 3759
"C:/Users/r022260k/Documents/GitHub/ConCat/Content/Environment/CementTruck/CementTruckExport.ubulk" 3760
"C:/Users/r022260k/Documents/GitHub/ConCat/Content/Environment/CementTruck/CementTruckExport.uasset" 3761
"C:/Users/r022260k/Documents/GitHub/ConCat/Content/Environment/CementTruck/CementTruckExport.uexp" 3762
"C:/Users/r022260k/Documents/GitHub/ConCat/Content/Construction/Art/Environments/Tileable_Textures/StonePath/StonePath_Mat1.uasset" 3763
"C:/Users/r022260k/Documents/GitHub/ConCat/Content/Construction/Art/Environments/Tileable_Textures/StonePath/StonePath_Mat1.uexp" 3764
"C:/Users/r022260k/Documents/GitHub/ConCat/Content/Construction/Sound/Raw_WAVs/Music/ConstructionPhase.ubulk" 3765
"C:/Users/r022260k/Documents/GitHub/ConCat/Content/Construction/Sound/Raw_WAVs/Music/ConstructionPhase.uasset" 3766
"C:/Users/r022260k/Documents/GitHub/ConCat/Content/Construction/Sound/Raw_WAVs/Music/ConstructionPhase.uexp" 3767
"C:/Users/r022260k/Documents/GitHub/ConCat/Content/Construction/Sound/SoundCues/Music/ConstructionPhase_Cue.uasset" 3768
"C:/Users/r022260k/Documents/GitHub/ConCat/Content/Construction/Sound/SoundCues/Music/ConstructionPhase_Cue.uexp" 3769
"C:/Users/r022260k/Documents/GitHub/ConCat/Content/Construction/Tech/Levels/L_Japan_sharedassets/Mud_LayerInfo.uasset" 3770
"C:/Users/r022260k/Documents/GitHub/ConCat/Content/Construction/Tech/Levels/L_Japan_sharedassets/Mud_LayerInfo.uexp" 3771
"C:/Users/r022260k/Documents/GitHub/ConCat/Content/Construction/Tech/Blueprints/WeaponSystem/WeaponBlueprints/Pickups/BP_SledgehammerBench.uasset" 3772
"C:/Users/r022260k/Documents/GitHub/ConCat/Content/Construction/Tech/Blueprints/WeaponSystem/WeaponBlueprints/Pickups/BP_SledgehammerBench.uexp" 3773
"C:/Users/r022260k/Documents/GitHub/ConCat/Content/Construction/Tech/Blueprints/WeaponSystem/WeaponBlueprints/Pickups/BP_TapeBench.uasset" 3774
"C:/Users/r022260k/Documents/GitHub/ConCat/Content/Construction/Tech/Blueprints/WeaponSystem/WeaponBlueprints/Pickups/BP_TapeBench.uexp" 3775
"C:/Users/r022260k/Documents/GitHub/ConCat/Content/Construction/Tech/Blueprints/WeaponSystem/WeaponBlueprints/Pickups/BP_FireExtinguisherBench.uasset" 3776
"C:/Users/r022260k/Documents/GitHub/ConCat/Content/Construction/Tech/Blueprints/WeaponSystem/WeaponBlueprints/Pickups/BP_FireExtinguisherBench.uexp" 3777
"C:/Users/r022260k/Documents/GitHub/ConCat/Content/Construction/Tech/Blueprints/WeaponSystem/WeaponBlueprints/Pickups/BP_ToolSpawner.uasset" 3778
"C:/Users/r022260k/Documents/GitHub/ConCat/Content/Construction/Tech/Blueprints/WeaponSystem/WeaponBlueprints/Pickups/BP_ToolSpawner.uexp" 3779
"C:/Users/r022260k/Documents/GitHub/ConCat/Content/Construction/Art/Environments/Props/Mats/Square_Sign/SM_Sign_02_02_-_Default_BaseColor.ubulk" 3780
"C:/Users/r022260k/Documents/GitHub/ConCat/Content/Construction/Art/Environments/Props/Mats/Square_Sign/SM_Sign_02_02_-_Default_BaseColor.uasset" 3781
"C:/Users/r022260k/Documents/GitHub/ConCat/Content/Construction/Art/Environments/Props/Mats/Square_Sign/SM_Sign_02_02_-_Default_BaseColor.uexp" 3782
"C:/Users/r022260k/Documents/GitHub/ConCat/Content/Construction/Art/Environments/Props/Mats/Square_Sign/Square_Sign.uasset" 3783
"C:/Users/r022260k/Documents/GitHub/ConCat/Content/Construction/Art/Environments/Props/Mats/Square_Sign/Square_Sign.uexp" 3784
"C:/Users/r022260k/Documents/GitHub/ConCat/Content/Construction/Art/Environments/Props/Meshes/Square_Sign.ubulk" 3785
"C:/Users/r022260k/Documents/GitHub/ConCat/Content/Construction/Art/Environments/Props/Meshes/Square_Sign.uasset" 3786
"C:/Users/r022260k/Documents/GitHub/ConCat/Content/Construction/Art/Environments/Props/Meshes/Square_Sign.uexp" 3787
"C:/Users/r022260k/Documents/GitHub/ConCat/Content/Construction/Art/Environments/Props/Mats/Coan_001/Coan_001.uasset" 3788
"C:/Users/r022260k/Documents/GitHub/ConCat/Content/Construction/Art/Environments/Props/Mats/Coan_001/Coan_001.uexp" 3789
"C:/Users/r022260k/Documents/GitHub/ConCat/Content/Construction/Art/Environments/Props/Meshes/Coan_001.ubulk" 3790
"C:/Users/r022260k/Documents/GitHub/ConCat/Content/Construction/Art/Environments/Props/Meshes/Coan_001.uasset" 3791
"C:/Users/r022260k/Documents/GitHub/ConCat/Content/Construction/Art/Environments/Props/Meshes/Coan_001.uexp" 3792
"C:/Users/r022260k/Documents/GitHub/ConCat/Content/Construction/Tech/Levels/L_Japan_sharedassets/PinkMetal_LayerInfo.uasset" 3793
"C:/Users/r022260k/Documents/GitHub/ConCat/Content/Construction/Tech/Levels/L_Japan_sharedassets/PinkMetal_LayerInfo.uexp" 3794
"C:/Users/r022260k/Documents/GitHub/ConCat/Content/Environment/crane/Cranemesh.ubulk" 3795
"C:/Users/r022260k/Documents/GitHub/ConCat/Content/Environment/crane/Cranemesh.uasset" 3796
"C:/Users/r022260k/Documents/GitHub/ConCat/Content/Environment/crane/Cranemesh.uexp" 3797
"C:/Users/r022260k/Documents/GitHub/ConCat/Content/Environment/Textures/Barrel/SM_PlasticBarrel_DefaultMaterial_OcclusionRoughnessMetallic.ubulk" 3798
"C:/Users/r022260k/Documents/GitHub/ConCat/Content/Environment/Textures/Barrel/SM_PlasticBarrel_DefaultMaterial_OcclusionRoughnessMetallic.uasset" 3799
"C:/Users/r022260k/Documents/GitHub/ConCat/Content/Environment/Textures/Barrel/SM_PlasticBarrel_DefaultMaterial_OcclusionRoughnessMetallic.uexp" 3800
"C:/Users/r022260k/Documents/GitHub/ConCat/Content/Environment/Textures/Barrel/SM_PlasticBarrel_DefaultMaterial_Normal.ubulk" 3801
"C:/Users/r022260k/Documents/GitHub/ConCat/Content/Environment/Textures/Barrel/SM_PlasticBarrel_DefaultMaterial_Normal.uasset" 3802
"C:/Users/r022260k/Documents/GitHub/ConCat/Content/Environment/Textures/Barrel/SM_PlasticBarrel_DefaultMaterial_Normal.uexp" 3803
"C:/Users/r022260k/Documents/GitHub/ConCat/Content/Environment/Textures/Barrel/SM_PlasticBarrel_DefaultMaterial_BaseColor.ubulk" 3804
"C:/Users/r022260k/Documents/GitHub/ConCat/Content/Environment/Textures/Barrel/SM_PlasticBarrel_DefaultMaterial_BaseColor.uasset" 3805
"C:/Users/r022260k/Documents/GitHub/ConCat/Content/Environment/Textures/Barrel/SM_PlasticBarrel_DefaultMaterial_BaseColor.uexp" 3806
"C:/Users/r022260k/Documents/GitHub/ConCat/Content/Environment/Textures/Barrel/Barrel_M.uasset" 3807
"C:/Users/r022260k/Documents/GitHub/ConCat/Content/Environment/Textures/Barrel/Barrel_M.uexp" 3808
"C:/Users/r022260k/Documents/GitHub/ConCat/Content/Environment/Props/SM_PlasticBarrel.ubulk" 3809
"C:/Users/r022260k/Documents/GitHub/ConCat/Content/Environment/Props/SM_PlasticBarrel.uasset" 3810
"C:/Users/r022260k/Documents/GitHub/ConCat/Content/Environment/Props/SM_PlasticBarrel.uexp" 3811
"C:/Users/r022260k/Documents/GitHub/ConCat/Content/Construction/Art/Environments/Props/Mats/Barrier_Sign/SM_Sign_01_02_-_Default_BaseColor.ubulk" 3812
"C:/Users/r022260k/Documents/GitHub/ConCat/Content/Construction/Art/Environments/Props/Mats/Barrier_Sign/SM_Sign_01_02_-_Default_BaseColor.uasset" 3813
"C:/Users/r022260k/Documents/GitHub/ConCat/Content/Construction/Art/Environments/Props/Mats/Barrier_Sign/SM_Sign_01_02_-_Default_BaseColor.uexp" 3814
"C:/Users/r022260k/Documents/GitHub/ConCat/Content/Construction/Art/Environments/Props/Mats/Barrier_Sign/Barrier_Sign.uasset" 3815
"C:/Users/r022260k/Documents/GitHub/ConCat/Content/Construction/Art/Environments/Props/Mats/Barrier_Sign/Barrier_Sign.uexp" 3816
"C:/Users/r022260k/Documents/GitHub/ConCat/Content/Construction/Art/Environments/Props/Meshes/Barrier_Sign.ubulk" 3817
"C:/Users/r022260k/Documents/GitHub/ConCat/Content/Construction/Art/Environments/Props/Meshes/Barrier_Sign.uasset" 3818
"C:/Users/r022260k/Documents/GitHub/ConCat/Content/Construction/Art/Environments/Props/Meshes/Barrier_Sign.uexp" 3819
"C:/Users/r022260k/Documents/GitHub/ConCat/Content/Construction/Art/Environments/Props/Meshes/Barrier_block.ubulk" 3820
"C:/Users/r022260k/Documents/GitHub/ConCat/Content/Construction/Art/Environments/Props/Meshes/Barrier_block.uasset" 3821
"C:/Users/r022260k/Documents/GitHub/ConCat/Content/Construction/Art/Environments/Props/Meshes/Barrier_block.uexp" 3822
"C:/Users/r022260k/Documents/GitHub/ConCat/Content/Construction/Art/Environments/Props/Meshes/Brick.ubulk" 3823
"C:/Users/r022260k/Documents/GitHub/ConCat/Content/Construction/Art/Environments/Props/Meshes/Brick.uasset" 3824
"C:/Users/r022260k/Documents/GitHub/ConCat/Content/Construction/Art/Environments/Props/Meshes/Brick.uexp" 3825
"C:/Users/r022260k/Documents/GitHub/ConCat/Content/Construction/Art/Environments/Props/Meshes/Pipe_000.ubulk" 3826
"C:/Users/r022260k/Documents/GitHub/ConCat/Content/Construction/Art/Environments/Props/Meshes/Pipe_000.uasset" 3827
"C:/Users/r022260k/Documents/GitHub/ConCat/Content/Construction/Art/Environments/Props/Meshes/Pipe_000.uexp" 3828
"C:/Users/r022260k/Documents/GitHub/ConCat/Content/Construction/Tech/Levels/L_Japan_sharedassets/StonePath_LayerInfo.uasset" 3829
"C:/Users/r022260k/Documents/GitHub/ConCat/Content/Construction/Tech/Levels/L_Japan_sharedassets/StonePath_LayerInfo.uexp" 3830
"C:/Users/r022260k/Documents/GitHub/ConCat/Content/Construction/Tech/Levels/L_Japan.uexp" 3831
"C:/Users/r022260k/Documents/GitHub/ConCat/Content/Construction/Tech/Levels/L_Japan.ubulk" 3832
"C:/Users/r022260k/Documents/GitHub/ConCat/Content/Construction/Tech/Levels/L_Japan.umap" 3833
"C:/Users/r022260k/Documents/GitHub/ConCat/Content/Construction/Tech/Levels/L_Italy_sharedassets/StonePath_LayerInfo.uasset" 3834
"C:/Users/r022260k/Documents/GitHub/ConCat/Content/Construction/Tech/Levels/L_Italy_sharedassets/StonePath_LayerInfo.uexp" 3835
"C:/Users/r022260k/Documents/GitHub/ConCat/Content/Construction/Tech/Levels/L_Italy_sharedassets/Mud_LayerInfo.uasset" 3836
"C:/Users/r022260k/Documents/GitHub/ConCat/Content/Construction/Tech/Levels/L_Italy_sharedassets/Mud_LayerInfo.uexp" 3837
"C:/Users/r022260k/Documents/GitHub/ConCat/Content/Construction/Tech/Levels/L_Italy_sharedassets/Cobble_LayerInfo.uasset" 3838
"C:/Users/r022260k/Documents/GitHub/ConCat/Content/Construction/Tech/Levels/L_Italy_sharedassets/Cobble_LayerInfo.uexp" 3839
"C:/Users/r022260k/Documents/GitHub/ConCat/Content/Construction/Art/Environments/Tileable_Textures/CobbleStone/CobbleStone_Mat.uasset" 3840
"C:/Users/r022260k/Documents/GitHub/ConCat/Content/Construction/Art/Environments/Tileable_Textures/CobbleStone/CobbleStone_Mat.uexp" 3841
"C:/Users/r022260k/Documents/GitHub/ConCat/Content/Environment/Textures/ExteriorBuildingBlocks/Italian_Door/Italian_Door_DefaultMaterial_Height.ubulk" 3842
"C:/Users/r022260k/Documents/GitHub/ConCat/Content/Environment/Textures/ExteriorBuildingBlocks/Italian_Door/Italian_Door_DefaultMaterial_Height.uasset" 3843
"C:/Users/r022260k/Documents/GitHub/ConCat/Content/Environment/Textures/ExteriorBuildingBlocks/Italian_Door/Italian_Door_DefaultMaterial_Height.uexp" 3844
"C:/Users/r022260k/Documents/GitHub/ConCat/Content/Environment/Textures/ExteriorBuildingBlocks/Italian_Door/Italian_Door_DefaultMaterial_Normal.ubulk" 3845
"C:/Users/r022260k/Documents/GitHub/ConCat/Content/Environment/Textures/ExteriorBuildingBlocks/Italian_Door/Italian_Door_DefaultMaterial_Normal.uasset" 3846
"C:/Users/r022260k/Documents/GitHub/ConCat/Content/Environment/Textures/ExteriorBuildingBlocks/Italian_Door/Italian_Door_DefaultMaterial_Normal.uexp" 3847
"C:/Users/r022260k/Documents/GitHub/ConCat/Content/Environment/Textures/ExteriorBuildingBlocks/Italian_Door/Italian_Door_DefaultMaterial_Roughness.ubulk" 3848
"C:/Users/r022260k/Documents/GitHub/ConCat/Content/Environment/Textures/ExteriorBuildingBlocks/Italian_Door/Italian_Door_DefaultMaterial_Roughness.uasset" 3849
"C:/Users/r022260k/Documents/GitHub/ConCat/Content/Environment/Textures/ExteriorBuildingBlocks/Italian_Door/Italian_Door_DefaultMaterial_Roughness.uexp" 3850
"C:/Users/r022260k/Documents/GitHub/ConCat/Content/Environment/Textures/ExteriorBuildingBlocks/Italian_Door/Italian_Door_DefaultMaterial_Metallic.ubulk" 3851
"C:/Users/r022260k/Documents/GitHub/ConCat/Content/Environment/Textures/ExteriorBuildingBlocks/Italian_Door/Italian_Door_DefaultMaterial_Metallic.uasset" 3852
"C:/Users/r022260k/Documents/GitHub/ConCat/Content/Environment/Textures/ExteriorBuildingBlocks/Italian_Door/Italian_Door_DefaultMaterial_Metallic.uexp" 3853
"C:/Users/r022260k/Documents/GitHub/ConCat/Content/Environment/Textures/ExteriorBuildingBlocks/Italian_Door/Italian_Door_DefaultMaterial_BaseColor.ubulk" 3854
"C:/Users/r022260k/Documents/GitHub/ConCat/Content/Environment/Textures/ExteriorBuildingBlocks/Italian_Door/Italian_Door_DefaultMaterial_BaseColor.uasset" 3855
"C:/Users/r022260k/Documents/GitHub/ConCat/Content/Environment/Textures/ExteriorBuildingBlocks/Italian_Door/Italian_Door_DefaultMaterial_BaseColor.uexp" 3856
"C:/Users/r022260k/Documents/GitHub/ConCat/Content/Environment/Textures/ExteriorBuildingBlocks/MI_Door.uasset" 3857
"C:/Users/r022260k/Documents/GitHub/ConCat/Content/Environment/Textures/ExteriorBuildingBlocks/MI_Door.uexp" 3858
"C:/Users/r022260k/Documents/GitHub/ConCat/Content/Environment/Textures/Cone/SM_Cone_DefaultMaterial_Normal.ubulk" 3859
"C:/Users/r022260k/Documents/GitHub/ConCat/Content/Environment/Textures/Cone/SM_Cone_DefaultMaterial_Normal.uasset" 3860
"C:/Users/r022260k/Documents/GitHub/ConCat/Content/Environment/Textures/Cone/SM_Cone_DefaultMaterial_Normal.uexp" 3861
"C:/Users/r022260k/Documents/GitHub/ConCat/Content/Environment/Textures/Cone/SM_Cone_DefaultMaterial_BaseColor.ubulk" 3862
"C:/Users/r022260k/Documents/GitHub/ConCat/Content/Environment/Textures/Cone/SM_Cone_DefaultMaterial_BaseColor.uasset" 3863
"C:/Users/r022260k/Documents/GitHub/ConCat/Content/Environment/Textures/Cone/SM_Cone_DefaultMaterial_BaseColor.uexp" 3864
"C:/Users/r022260k/Documents/GitHub/ConCat/Content/Environment/Textures/Cone/SM_Cone_DefaultMaterial_OcclusionRoughnessMetallic.ubulk" 3865
"C:/Users/r022260k/Documents/GitHub/ConCat/Content/Environment/Textures/Cone/SM_Cone_DefaultMaterial_OcclusionRoughnessMetallic.uasset" 3866
"C:/Users/r022260k/Documents/GitHub/ConCat/Content/Environment/Textures/Cone/SM_Cone_DefaultMaterial_OcclusionRoughnessMetallic.uexp" 3867
"C:/Users/r022260k/Documents/GitHub/ConCat/Content/Environment/Textures/Cone/Cone_M.uasset" 3868
"C:/Users/r022260k/Documents/GitHub/ConCat/Content/Environment/Textures/Cone/Cone_M.uexp" 3869
"C:/Users/r022260k/Documents/GitHub/ConCat/Content/Environment/Props/SM_Cone.ubulk" 3870
"C:/Users/r022260k/Documents/GitHub/ConCat/Content/Environment/Props/SM_Cone.uasset" 3871
"C:/Users/r022260k/Documents/GitHub/ConCat/Content/Environment/Props/SM_Cone.uexp" 3872
"C:/Users/r022260k/Documents/GitHub/ConCat/Content/Environment/Props/SM_CinderBlock.ubulk" 3873
"C:/Users/r022260k/Documents/GitHub/ConCat/Content/Environment/Props/SM_CinderBlock.uasset" 3874
"C:/Users/r022260k/Documents/GitHub/ConCat/Content/Environment/Props/SM_CinderBlock.uexp" 3875
"C:/Users/r022260k/Documents/GitHub/ConCat/Content/Construction/Art/Environments/Buildings/Mesh/Italian_Roofedge.ubulk" 3876
"C:/Users/r022260k/Documents/GitHub/ConCat/Content/Construction/Art/Environments/Buildings/Mesh/Italian_Roofedge.uasset" 3877
"C:/Users/r022260k/Documents/GitHub/ConCat/Content/Construction/Art/Environments/Buildings/Mesh/Italian_Roofedge.uexp" 3878
"C:/Users/r022260k/Documents/GitHub/ConCat/Content/Environment/Textures/ExteriorBuildingBlocks/Italian_Wall/Italian_Wall_DefaultMaterial_Normal.ubulk" 3879
"C:/Users/r022260k/Documents/GitHub/ConCat/Content/Environment/Textures/ExteriorBuildingBlocks/Italian_Wall/Italian_Wall_DefaultMaterial_Normal.uasset" 3880
"C:/Users/r022260k/Documents/GitHub/ConCat/Content/Environment/Textures/ExteriorBuildingBlocks/Italian_Wall/Italian_Wall_DefaultMaterial_Normal.uexp" 3881
"C:/Users/r022260k/Documents/GitHub/ConCat/Content/Environment/Textures/ExteriorBuildingBlocks/Italian_Wall/Italian_Wall_DefaultMaterial_Metallic.ubulk" 3882
"C:/Users/r022260k/Documents/GitHub/ConCat/Content/Environment/Textures/ExteriorBuildingBlocks/Italian_Wall/Italian_Wall_DefaultMaterial_Metallic.uasset" 3883
"C:/Users/r022260k/Documents/GitHub/ConCat/Content/Environment/Textures/ExteriorBuildingBlocks/Italian_Wall/Italian_Wall_DefaultMaterial_Metallic.uexp" 3884
"C:/Users/r022260k/Documents/GitHub/ConCat/Content/Environment/Textures/ExteriorBuildingBlocks/Italian_Wall/Italian_Wall_DefaultMaterial_Height.ubulk" 3885
"C:/Users/r022260k/Documents/GitHub/ConCat/Content/Environment/Textures/ExteriorBuildingBlocks/Italian_Wall/Italian_Wall_DefaultMaterial_Height.uasset" 3886
"C:/Users/r022260k/Documents/GitHub/ConCat/Content/Environment/Textures/ExteriorBuildingBlocks/Italian_Wall/Italian_Wall_DefaultMaterial_Height.uexp" 3887
"C:/Users/r022260k/Documents/GitHub/ConCat/Content/Environment/Textures/ExteriorBuildingBlocks/Italian_Wall/Italian_Wall_DefaultMaterial_Roughness.ubulk" 3888
"C:/Users/r022260k/Documents/GitHub/ConCat/Content/Environment/Textures/ExteriorBuildingBlocks/Italian_Wall/Italian_Wall_DefaultMaterial_Roughness.uasset" 3889
"C:/Users/r022260k/Documents/GitHub/ConCat/Content/Environment/Textures/ExteriorBuildingBlocks/Italian_Wall/Italian_Wall_DefaultMaterial_Roughness.uexp" 3890
"C:/Users/r022260k/Documents/GitHub/ConCat/Content/Environment/Textures/ExteriorBuildingBlocks/Italian_Wall/Italian_Wall_DefaultMaterial_BaseColor.ubulk" 3891
"C:/Users/r022260k/Documents/GitHub/ConCat/Content/Environment/Textures/ExteriorBuildingBlocks/Italian_Wall/Italian_Wall_DefaultMaterial_BaseColor.uasset" 3892
"C:/Users/r022260k/Documents/GitHub/ConCat/Content/Environment/Textures/ExteriorBuildingBlocks/Italian_Wall/Italian_Wall_DefaultMaterial_BaseColor.uexp" 3893
"C:/Users/r022260k/Documents/GitHub/ConCat/Content/Environment/Textures/ExteriorBuildingBlocks/MI_Wall.uasset" 3894
"C:/Users/r022260k/Documents/GitHub/ConCat/Content/Environment/Textures/ExteriorBuildingBlocks/MI_Wall.uexp" 3895
"C:/Users/r022260k/Documents/GitHub/ConCat/Content/Construction/Art/Environments/Buildings/Mats/Italian_Window_Shutters/Italian_Window_Shutters_DefaultMaterial_OcclusionRoughnessMetallic.ubulk" 3896
"C:/Users/r022260k/Documents/GitHub/ConCat/Content/Construction/Art/Environments/Buildings/Mats/Italian_Window_Shutters/Italian_Window_Shutters_DefaultMaterial_OcclusionRoughnessMetallic.uasset" 3897
"C:/Users/r022260k/Documents/GitHub/ConCat/Content/Construction/Art/Environments/Buildings/Mats/Italian_Window_Shutters/Italian_Window_Shutters_DefaultMaterial_OcclusionRoughnessMetallic.uexp" 3898
"C:/Users/r022260k/Documents/GitHub/ConCat/Content/Construction/Art/Environments/Buildings/Mats/Italian_Window_Shutters/Italian_Window_Shutters_DefaultMaterial_BaseColor.ubulk" 3899
"C:/Users/r022260k/Documents/GitHub/ConCat/Content/Construction/Art/Environments/Buildings/Mats/Italian_Window_Shutters/Italian_Window_Shutters_DefaultMaterial_BaseColor.uasset" 3900
"C:/Users/r022260k/Documents/GitHub/ConCat/Content/Construction/Art/Environments/Buildings/Mats/Italian_Window_Shutters/Italian_Window_Shutters_DefaultMaterial_BaseColor.uexp" 3901
"C:/Users/r022260k/Documents/GitHub/ConCat/Content/Construction/Art/Environments/Buildings/Mats/Italian_Window_Shutters/Italian_Window_Shutters_DefaultMaterial_Normal.ubulk" 3902
"C:/Users/r022260k/Documents/GitHub/ConCat/Content/Construction/Art/Environments/Buildings/Mats/Italian_Window_Shutters/Italian_Window_Shutters_DefaultMaterial_Normal.uasset" 3903
"C:/Users/r022260k/Documents/GitHub/ConCat/Content/Construction/Art/Environments/Buildings/Mats/Italian_Window_Shutters/Italian_Window_Shutters_DefaultMaterial_Normal.uexp" 3904
"C:/Users/r022260k/Documents/GitHub/ConCat/Content/Construction/Art/Environments/Buildings/Mats/Italian_Window_Shutters/Italian_Window_Shutters.uasset" 3905
"C:/Users/r022260k/Documents/GitHub/ConCat/Content/Construction/Art/Environments/Buildings/Mats/Italian_Window_Shutters/Italian_Window_Shutters.uexp" 3906
"C:/Users/r022260k/Documents/GitHub/ConCat/Content/Construction/Art/Environments/Buildings/Mesh/Italian_Window_Shutters.ubulk" 3907
"C:/Users/r022260k/Documents/GitHub/ConCat/Content/Construction/Art/Environments/Buildings/Mesh/Italian_Window_Shutters.uasset" 3908
"C:/Users/r022260k/Documents/GitHub/ConCat/Content/Construction/Art/Environments/Buildings/Mesh/Italian_Window_Shutters.uexp" 3909
"C:/Users/r022260k/Documents/GitHub/ConCat/Content/Construction/Art/Environments/Buildings/Mats/Italian_Balcany/Italian_Balcany_DefaultMaterial_Normal.ubulk" 3910
"C:/Users/r022260k/Documents/GitHub/ConCat/Content/Construction/Art/Environments/Buildings/Mats/Italian_Balcany/Italian_Balcany_DefaultMaterial_Normal.uasset" 3911
"C:/Users/r022260k/Documents/GitHub/ConCat/Content/Construction/Art/Environments/Buildings/Mats/Italian_Balcany/Italian_Balcany_DefaultMaterial_Normal.uexp" 3912
"C:/Users/r022260k/Documents/GitHub/ConCat/Content/Construction/Art/Environments/Buildings/Mats/Italian_Balcany/Italian_Balcany_DefaultMaterial_BaseColor.ubulk" 3913
"C:/Users/r022260k/Documents/GitHub/ConCat/Content/Construction/Art/Environments/Buildings/Mats/Italian_Balcany/Italian_Balcany_DefaultMaterial_BaseColor.uasset" 3914
"C:/Users/r022260k/Documents/GitHub/ConCat/Content/Construction/Art/Environments/Buildings/Mats/Italian_Balcany/Italian_Balcany_DefaultMaterial_BaseColor.uexp" 3915
"C:/Users/r022260k/Documents/GitHub/ConCat/Content/Construction/Art/Environments/Buildings/Mats/Italian_Balcany/Italian_Balcany_DefaultMaterial_OcclusionRoughnessMetallic.ubulk" 3916
"C:/Users/r022260k/Documents/GitHub/ConCat/Content/Construction/Art/Environments/Buildings/Mats/Italian_Balcany/Italian_Balcany_DefaultMaterial_OcclusionRoughnessMetallic.uasset" 3917
"C:/Users/r022260k/Documents/GitHub/ConCat/Content/Construction/Art/Environments/Buildings/Mats/Italian_Balcany/Italian_Balcany_DefaultMaterial_OcclusionRoughnessMetallic.uexp" 3918
"C:/Users/r022260k/Documents/GitHub/ConCat/Content/Construction/Art/Environments/Buildings/Mats/Italian_Balcany/Italian_Balcany.uasset" 3919
"C:/Users/r022260k/Documents/GitHub/ConCat/Content/Construction/Art/Environments/Buildings/Mats/Italian_Balcany/Italian_Balcany.uexp" 3920
"C:/Users/r022260k/Documents/GitHub/ConCat/Content/Construction/Art/Environments/Buildings/Mesh/Italian_Balcany.ubulk" 3921
"C:/Users/r022260k/Documents/GitHub/ConCat/Content/Construction/Art/Environments/Buildings/Mesh/Italian_Balcany.uasset" 3922
"C:/Users/r022260k/Documents/GitHub/ConCat/Content/Construction/Art/Environments/Buildings/Mesh/Italian_Balcany.uexp" 3923
"C:/Users/r022260k/Documents/GitHub/ConCat/Content/Construction/Art/Environments/Buildings/Mats/Italian_Door/Italian_Door_DefaultMaterial_OcclusionRoughnessMetallic.ubulk" 3924
"C:/Users/r022260k/Documents/GitHub/ConCat/Content/Construction/Art/Environments/Buildings/Mats/Italian_Door/Italian_Door_DefaultMaterial_OcclusionRoughnessMetallic.uasset" 3925
"C:/Users/r022260k/Documents/GitHub/ConCat/Content/Construction/Art/Environments/Buildings/Mats/Italian_Door/Italian_Door_DefaultMaterial_OcclusionRoughnessMetallic.uexp" 3926
"C:/Users/r022260k/Documents/GitHub/ConCat/Content/Construction/Art/Environments/Buildings/Mats/Italian_Door/Italian_Door_DefaultMaterial_BaseColor.ubulk" 3927
"C:/Users/r022260k/Documents/GitHub/ConCat/Content/Construction/Art/Environments/Buildings/Mats/Italian_Door/Italian_Door_DefaultMaterial_BaseColor.uasset" 3928
"C:/Users/r022260k/Documents/GitHub/ConCat/Content/Construction/Art/Environments/Buildings/Mats/Italian_Door/Italian_Door_DefaultMaterial_BaseColor.uexp" 3929
"C:/Users/r022260k/Documents/GitHub/ConCat/Content/Construction/Art/Environments/Buildings/Mats/Italian_Door/Italian_Door_DefaultMaterial_Normal.ubulk" 3930
"C:/Users/r022260k/Documents/GitHub/ConCat/Content/Construction/Art/Environments/Buildings/Mats/Italian_Door/Italian_Door_DefaultMaterial_Normal.uasset" 3931
"C:/Users/r022260k/Documents/GitHub/ConCat/Content/Construction/Art/Environments/Buildings/Mats/Italian_Door/Italian_Door_DefaultMaterial_Normal.uexp" 3932
"C:/Users/r022260k/Documents/GitHub/ConCat/Content/Construction/Art/Environments/Buildings/Mats/Italian_Door/Italian_Door.uasset" 3933
"C:/Users/r022260k/Documents/GitHub/ConCat/Content/Construction/Art/Environments/Buildings/Mats/Italian_Door/Italian_Door.uexp" 3934
"C:/Users/r022260k/Documents/GitHub/ConCat/Content/Construction/Art/Environments/Buildings/Mesh/Italian_Door.ubulk" 3935
"C:/Users/r022260k/Documents/GitHub/ConCat/Content/Construction/Art/Environments/Buildings/Mesh/Italian_Door.uasset" 3936
"C:/Users/r022260k/Documents/GitHub/ConCat/Content/Construction/Art/Environments/Buildings/Mesh/Italian_Door.uexp" 3937
"C:/Users/r022260k/Documents/GitHub/ConCat/Content/Construction/Tech/Levels/L_Italy_sharedassets/GreyMetal_LayerInfo.uasset" 3938
"C:/Users/r022260k/Documents/GitHub/ConCat/Content/Construction/Tech/Levels/L_Italy_sharedassets/GreyMetal_LayerInfo.uexp" 3939
"C:/Users/r022260k/Documents/GitHub/ConCat/Content/Construction/Art/Environments/Buildings/Mats/Italian_Wall/Italian_Wall_DefaultMaterial_BaseColor.ubulk" 3940
"C:/Users/r022260k/Documents/GitHub/ConCat/Content/Construction/Art/Environments/Buildings/Mats/Italian_Wall/Italian_Wall_DefaultMaterial_BaseColor.uasset" 3941
"C:/Users/r022260k/Documents/GitHub/ConCat/Content/Construction/Art/Environments/Buildings/Mats/Italian_Wall/Italian_Wall_DefaultMaterial_BaseColor.uexp" 3942
"C:/Users/r022260k/Documents/GitHub/ConCat/Content/Construction/Art/Environments/Buildings/Mats/Italian_Wall/Italian_Wall_DefaultMaterial_Normal.ubulk" 3943
"C:/Users/r022260k/Documents/GitHub/ConCat/Content/Construction/Art/Environments/Buildings/Mats/Italian_Wall/Italian_Wall_DefaultMaterial_Normal.uasset" 3944
"C:/Users/r022260k/Documents/GitHub/ConCat/Content/Construction/Art/Environments/Buildings/Mats/Italian_Wall/Italian_Wall_DefaultMaterial_Normal.uexp" 3945
"C:/Users/r022260k/Documents/GitHub/ConCat/Content/Construction/Art/Environments/Buildings/Mats/Italian_Wall/Italian_Wall_DefaultMaterial_OcclusionRoughnessMetallic.ubulk" 3946
"C:/Users/r022260k/Documents/GitHub/ConCat/Content/Construction/Art/Environments/Buildings/Mats/Italian_Wall/Italian_Wall_DefaultMaterial_OcclusionRoughnessMetallic.uasset" 3947
"C:/Users/r022260k/Documents/GitHub/ConCat/Content/Construction/Art/Environments/Buildings/Mats/Italian_Wall/Italian_Wall_DefaultMaterial_OcclusionRoughnessMetallic.uexp" 3948
"C:/Users/r022260k/Documents/GitHub/ConCat/Content/Construction/Art/Environments/Buildings/Mats/Italian_Wall/Italian_Wall.uasset" 3949
"C:/Users/r022260k/Documents/GitHub/ConCat/Content/Construction/Art/Environments/Buildings/Mats/Italian_Wall/Italian_Wall.uexp" 3950
"C:/Users/r022260k/Documents/GitHub/ConCat/Content/Construction/Art/Environments/Buildings/Mesh/Italian_Wall.ubulk" 3951
"C:/Users/r022260k/Documents/GitHub/ConCat/Content/Construction/Art/Environments/Buildings/Mesh/Italian_Wall.uasset" 3952
"C:/Users/r022260k/Documents/GitHub/ConCat/Content/Construction/Art/Environments/Buildings/Mesh/Italian_Wall.uexp" 3953
"C:/Users/r022260k/Documents/GitHub/ConCat/Content/Environment/Textures/ExteriorBuildingBlocks/Italian_Windows_Shutters/Italian_Window_Shutters_DefaultMaterial_Normal.ubulk" 3954
"C:/Users/r022260k/Documents/GitHub/ConCat/Content/Environment/Textures/ExteriorBuildingBlocks/Italian_Windows_Shutters/Italian_Window_Shutters_DefaultMaterial_Normal.uasset" 3955
"C:/Users/r022260k/Documents/GitHub/ConCat/Content/Environment/Textures/ExteriorBuildingBlocks/Italian_Windows_Shutters/Italian_Window_Shutters_DefaultMaterial_Normal.uexp" 3956
"C:/Users/r022260k/Documents/GitHub/ConCat/Content/Environment/Textures/ExteriorBuildingBlocks/Italian_Windows_Shutters/Italian_Window_Shutters_DefaultMaterial_Height.ubulk" 3957
"C:/Users/r022260k/Documents/GitHub/ConCat/Content/Environment/Textures/ExteriorBuildingBlocks/Italian_Windows_Shutters/Italian_Window_Shutters_DefaultMaterial_Height.uasset" 3958
"C:/Users/r022260k/Documents/GitHub/ConCat/Content/Environment/Textures/ExteriorBuildingBlocks/Italian_Windows_Shutters/Italian_Window_Shutters_DefaultMaterial_Height.uexp" 3959
"C:/Users/r022260k/Documents/GitHub/ConCat/Content/Environment/Textures/ExteriorBuildingBlocks/Italian_Windows_Shutters/Italian_Window_Shutters_DefaultMaterial_BaseColor.ubulk" 3960
"C:/Users/r022260k/Documents/GitHub/ConCat/Content/Environment/Textures/ExteriorBuildingBlocks/Italian_Windows_Shutters/Italian_Window_Shutters_DefaultMaterial_BaseColor.uasset" 3961
"C:/Users/r022260k/Documents/GitHub/ConCat/Content/Environment/Textures/ExteriorBuildingBlocks/Italian_Windows_Shutters/Italian_Window_Shutters_DefaultMaterial_BaseColor.uexp" 3962
"C:/Users/r022260k/Documents/GitHub/ConCat/Content/Environment/Textures/ExteriorBuildingBlocks/Italian_Windows_Shutters/Italian_Window_Shutters_DefaultMaterial_Metallic.ubulk" 3963
"C:/Users/r022260k/Documents/GitHub/ConCat/Content/Environment/Textures/ExteriorBuildingBlocks/Italian_Windows_Shutters/Italian_Window_Shutters_DefaultMaterial_Metallic.uasset" 3964
"C:/Users/r022260k/Documents/GitHub/ConCat/Content/Environment/Textures/ExteriorBuildingBlocks/Italian_Windows_Shutters/Italian_Window_Shutters_DefaultMaterial_Metallic.uexp" 3965
"C:/Users/r022260k/Documents/GitHub/ConCat/Content/Environment/Textures/ExteriorBuildingBlocks/Italian_Windows_Shutters/Italian_Window_Shutters_DefaultMaterial_Roughness.ubulk" 3966
"C:/Users/r022260k/Documents/GitHub/ConCat/Content/Environment/Textures/ExteriorBuildingBlocks/Italian_Windows_Shutters/Italian_Window_Shutters_DefaultMaterial_Roughness.uasset" 3967
"C:/Users/r022260k/Documents/GitHub/ConCat/Content/Environment/Textures/ExteriorBuildingBlocks/Italian_Windows_Shutters/Italian_Window_Shutters_DefaultMaterial_Roughness.uexp" 3968
"C:/Users/r022260k/Documents/GitHub/ConCat/Content/Environment/Textures/ExteriorBuildingBlocks/MI_WindowShutters.uasset" 3969
"C:/Users/r022260k/Documents/GitHub/ConCat/Content/Environment/Textures/ExteriorBuildingBlocks/MI_WindowShutters.uexp" 3970
"C:/Users/r022260k/Documents/GitHub/ConCat/Content/Construction/Tech/Levels/L_Italy_BuiltData.ubulk" 3971
"C:/Users/r022260k/Documents/GitHub/ConCat/Content/Construction/Tech/Levels/L_Italy_BuiltData.uasset" 3972
"C:/Users/r022260k/Documents/GitHub/ConCat/Content/Construction/Tech/Levels/L_Italy_BuiltData.uexp" 3973
"C:/Users/r022260k/Documents/GitHub/ConCat/Content/Construction/Tech/Levels/L_Italy_sharedassets/Alpha_LayerInfo.uasset" 3974
"C:/Users/r022260k/Documents/GitHub/ConCat/Content/Construction/Tech/Levels/L_Italy_sharedassets/Alpha_LayerInfo.uexp" 3975
"C:/Users/r022260k/Documents/GitHub/ConCat/Content/Construction/Tech/Levels/L_Italy_sharedassets/PinkMetal_LayerInfo.uasset" 3976
"C:/Users/r022260k/Documents/GitHub/ConCat/Content/Construction/Tech/Levels/L_Italy_sharedassets/PinkMetal_LayerInfo.uexp" 3977
"C:/Users/r022260k/Documents/GitHub/ConCat/Content/Construction/Art/Environments/Tileable_Textures/Landscapes/LandscapeItaly.uasset" 3978
"C:/Users/r022260k/Documents/GitHub/ConCat/Content/Construction/Art/Environments/Tileable_Textures/Landscapes/LandscapeItaly.uexp" 3979
"C:/Users/r022260k/Documents/GitHub/ConCat/Content/Environment/Textures/ExteriorBuildingBlocks/Italian_Roof/Italian_Roof_DefaultMaterial_Height.ubulk" 3980
"C:/Users/r022260k/Documents/GitHub/ConCat/Content/Environment/Textures/ExteriorBuildingBlocks/Italian_Roof/Italian_Roof_DefaultMaterial_Height.uasset" 3981
"C:/Users/r022260k/Documents/GitHub/ConCat/Content/Environment/Textures/ExteriorBuildingBlocks/Italian_Roof/Italian_Roof_DefaultMaterial_Height.uexp" 3982
"C:/Users/r022260k/Documents/GitHub/ConCat/Content/Environment/Textures/ExteriorBuildingBlocks/Italian_Roof/Italian_Roof_DefaultMaterial_Normal.ubulk" 3983
"C:/Users/r022260k/Documents/GitHub/ConCat/Content/Environment/Textures/ExteriorBuildingBlocks/Italian_Roof/Italian_Roof_DefaultMaterial_Normal.uasset" 3984
"C:/Users/r022260k/Documents/GitHub/ConCat/Content/Environment/Textures/ExteriorBuildingBlocks/Italian_Roof/Italian_Roof_DefaultMaterial_Normal.uexp" 3985
"C:/Users/r022260k/Documents/GitHub/ConCat/Content/Environment/Textures/ExteriorBuildingBlocks/Italian_Roof/Italian_Roof_DefaultMaterial_Roughness.ubulk" 3986
"C:/Users/r022260k/Documents/GitHub/ConCat/Content/Environment/Textures/ExteriorBuildingBlocks/Italian_Roof/Italian_Roof_DefaultMaterial_Roughness.uasset" 3987
"C:/Users/r022260k/Documents/GitHub/ConCat/Content/Environment/Textures/ExteriorBuildingBlocks/Italian_Roof/Italian_Roof_DefaultMaterial_Roughness.uexp" 3988
"C:/Users/r022260k/Documents/GitHub/ConCat/Content/Environment/Textures/ExteriorBuildingBlocks/Italian_Roof/Italian_Roof_DefaultMaterial_Metallic.ubulk" 3989
"C:/Users/r022260k/Documents/GitHub/ConCat/Content/Environment/Textures/ExteriorBuildingBlocks/Italian_Roof/Italian_Roof_DefaultMaterial_Metallic.uasset" 3990
"C:/Users/r022260k/Documents/GitHub/ConCat/Content/Environment/Textures/ExteriorBuildingBlocks/Italian_Roof/Italian_Roof_DefaultMaterial_Metallic.uexp" 3991
"C:/Users/r022260k/Documents/GitHub/ConCat/Content/Environment/Textures/ExteriorBuildingBlocks/Italian_Roof/Italian_Roof_DefaultMaterial_BaseColor.ubulk" 3992
"C:/Users/r022260k/Documents/GitHub/ConCat/Content/Environment/Textures/ExteriorBuildingBlocks/Italian_Roof/Italian_Roof_DefaultMaterial_BaseColor.uasset" 3993
"C:/Users/r022260k/Documents/GitHub/ConCat/Content/Environment/Textures/ExteriorBuildingBlocks/Italian_Roof/Italian_Roof_DefaultMaterial_BaseColor.uexp" 3994
"C:/Users/r022260k/Documents/GitHub/ConCat/Content/Environment/Textures/ExteriorBuildingBlocks/MI_Roof.uasset" 3995
"C:/Users/r022260k/Documents/GitHub/ConCat/Content/Environment/Textures/ExteriorBuildingBlocks/MI_Roof.uexp" 3996
"C:/Users/r022260k/Documents/GitHub/ConCat/Content/Construction/Tech/Levels/L_Italy_sharedassets/Gravel_LayerInfo.uasset" 3997
"C:/Users/r022260k/Documents/GitHub/ConCat/Content/Construction/Tech/Levels/L_Italy_sharedassets/Gravel_LayerInfo.uexp" 3998
"C:/Users/r022260k/Documents/GitHub/ConCat/Content/Construction/Tech/Levels/L_Italy.uexp" 3999
"C:/Users/r022260k/Documents/GitHub/ConCat/Content/Construction/Tech/Levels/L_Italy.ubulk" 4000
"C:/Users/r022260k/Documents/GitHub/ConCat/Content/Construction/Tech/Levels/L_Italy.umap" 4001
"C:/Users/r022260k/Documents/GitHub/ConCat/Content/Construction/Tech/Levels/L_Hawaii_sharedassets/GreyMetal_LayerInfo.uasset" 4002
"C:/Users/r022260k/Documents/GitHub/ConCat/Content/Construction/Tech/Levels/L_Hawaii_sharedassets/GreyMetal_LayerInfo.uexp" 4003
"C:/Users/r022260k/Documents/GitHub/ConCat/Content/Construction/Tech/Levels/L_Hawaii_sharedassets/Alpha_LayerInfo.uasset" 4004
"C:/Users/r022260k/Documents/GitHub/ConCat/Content/Construction/Tech/Levels/L_Hawaii_sharedassets/Alpha_LayerInfo.uexp" 4005
"C:/Users/r022260k/Documents/GitHub/ConCat/Content/Construction/Tech/Levels/L_Hawaii_sharedassets/GreenGreenGrass_LayerInfo.uasset" 4006
"C:/Users/r022260k/Documents/GitHub/ConCat/Content/Construction/Tech/Levels/L_Hawaii_sharedassets/GreenGreenGrass_LayerInfo.uexp" 4007
"C:/Users/r022260k/Documents/GitHub/ConCat/Content/Construction/Tech/Levels/L_Hawaii_sharedassets/Cobble_LayerInfo.uasset" 4008
"C:/Users/r022260k/Documents/GitHub/ConCat/Content/Construction/Tech/Levels/L_Hawaii_sharedassets/Cobble_LayerInfo.uexp" 4009
"C:/Users/r022260k/Documents/GitHub/ConCat/Content/Construction/Tech/Levels/L_Hawaii_sharedassets/Mud_LayerInfo.uasset" 4010
"C:/Users/r022260k/Documents/GitHub/ConCat/Content/Construction/Tech/Levels/L_Hawaii_sharedassets/Mud_LayerInfo.uexp" 4011
"C:/Users/r022260k/Documents/GitHub/ConCat/Content/Construction/Tech/Levels/L_Hawaii_sharedassets/PinkMetal_LayerInfo.uasset" 4012
"C:/Users/r022260k/Documents/GitHub/ConCat/Content/Construction/Tech/Levels/L_Hawaii_sharedassets/PinkMetal_LayerInfo.uexp" 4013
"C:/Users/r022260k/Documents/GitHub/ConCat/Content/Construction/Tech/Levels/L_Hawaii_sharedassets/Gravel_LayerInfo.uasset" 4014
"C:/Users/r022260k/Documents/GitHub/ConCat/Content/Construction/Tech/Levels/L_Hawaii_sharedassets/Gravel_LayerInfo.uexp" 4015
"C:/Users/r022260k/Documents/GitHub/ConCat/Content/Construction/Art/Environments/Tileable_Textures/Landscapes/LandscapeHawaii.uasset" 4016
"C:/Users/r022260k/Documents/GitHub/ConCat/Content/Construction/Art/Environments/Tileable_Textures/Landscapes/LandscapeHawaii.uexp" 4017
"C:/Users/r022260k/Documents/GitHub/ConCat/Content/Construction/Art/Environments/Props/Meshes/Tunnel.ubulk" 4018
"C:/Users/r022260k/Documents/GitHub/ConCat/Content/Construction/Art/Environments/Props/Meshes/Tunnel.uasset" 4019
"C:/Users/r022260k/Documents/GitHub/ConCat/Content/Construction/Art/Environments/Props/Meshes/Tunnel.uexp" 4020
"C:/Users/r022260k/Documents/GitHub/ConCat/Content/Construction/Tech/Levels/L_Hawaii_BuiltData.ubulk" 4021
"C:/Users/r022260k/Documents/GitHub/ConCat/Content/Construction/Tech/Levels/L_Hawaii_BuiltData.uasset" 4022
"C:/Users/r022260k/Documents/GitHub/ConCat/Content/Construction/Tech/Levels/L_Hawaii_BuiltData.uexp" 4023
"C:/Users/r022260k/Documents/GitHub/ConCat/Content/Construction/Art/Environments/Tileable_Textures/Gravel/Gravel1.uasset" 4024
"C:/Users/r022260k/Documents/GitHub/ConCat/Content/Construction/Art/Environments/Tileable_Textures/Gravel/Gravel1.uexp" 4025
"C:/Users/r022260k/Documents/GitHub/ConCat/Content/Construction/Tech/Levels/L_Hawaii_sharedassets/StonePath_LayerInfo.uasset" 4026
"C:/Users/r022260k/Documents/GitHub/ConCat/Content/Construction/Tech/Levels/L_Hawaii_sharedassets/StonePath_LayerInfo.uexp" 4027
"C:/Users/r022260k/Documents/GitHub/ConCat/Content/Construction/Tech/Levels/L_Hawaii.uexp" 4028
"C:/Users/r022260k/Documents/GitHub/ConCat/Content/Construction/Tech/Levels/L_Hawaii.ubulk" 4029
"C:/Users/r022260k/Documents/GitHub/ConCat/Content/Construction/Tech/Levels/L_Hawaii.umap" 4030
"C:/Users/r022260k/Documents/GitHub/ConCat/Content/Construction/Tech/Levels/Jake-GridSystem_BuiltData.ubulk" 4031
"C:/Users/r022260k/Documents/GitHub/ConCat/Content/Construction/Tech/Levels/Jake-GridSystem_BuiltData.uasset" 4032
"C:/Users/r022260k/Documents/GitHub/ConCat/Content/Construction/Tech/Levels/Jake-GridSystem_BuiltData.uexp" 4033
"C:/Users/r022260k/Documents/GitHub/ConCat/Content/Construction/Tech/Levels/Jake-GridSystem.uexp" 4034
"C:/Users/r022260k/Documents/GitHub/ConCat/Content/Construction/Tech/Levels/Jake-GridSystem.umap" 4035
"C:/Users/r022260k/Documents/GitHub/ConCat/Content/Construction/Tech/Blockout_Meshes/SM_Wall.ubulk" 4036
"C:/Users/r022260k/Documents/GitHub/ConCat/Content/Construction/Tech/Blockout_Meshes/SM_Wall.uasset" 4037
"C:/Users/r022260k/Documents/GitHub/ConCat/Content/Construction/Tech/Blockout_Meshes/SM_Wall.uexp" 4038
"C:/Users/r022260k/Documents/GitHub/ConCat/Content/Construction/Tech/Blueprints/GridSys/BP_BuildingAsset.uasset" 4039
"C:/Users/r022260k/Documents/GitHub/ConCat/Content/Construction/Tech/Blueprints/GridSys/BP_BuildingAsset.uexp" 4040
"C:/Users/r022260k/Documents/GitHub/ConCat/Content/Construction/Tech/Blueprints/GridSys/CH_BuildPhase.uasset" 4041
"C:/Users/r022260k/Documents/GitHub/ConCat/Content/Construction/Tech/Blueprints/GridSys/CH_BuildPhase.uexp" 4042
"C:/Users/r022260k/Documents/GitHub/ConCat/Content/Construction/Tech/Blueprints/GridSys/NotINUSE/PC_BuildPhase.uasset" 4043
"C:/Users/r022260k/Documents/GitHub/ConCat/Content/Construction/Tech/Blueprints/GridSys/NotINUSE/PC_BuildPhase.uexp" 4044
"C:/Users/r022260k/Documents/GitHub/ConCat/Content/Construction/Tech/Blueprints/GridSys/GM_TestBuild.uasset" 4045
"C:/Users/r022260k/Documents/GitHub/ConCat/Content/Construction/Tech/Blueprints/GridSys/GM_TestBuild.uexp" 4046
"C:/Users/r022260k/Documents/GitHub/ConCat/Content/Construction/Tech/Blueprints/GridSys/PostProcess/M_HighLightMat.uasset" 4047
"C:/Users/r022260k/Documents/GitHub/ConCat/Content/Construction/Tech/Blueprints/GridSys/PostProcess/M_HighLightMat.uexp" 4048
"C:/Users/r022260k/Documents/GitHub/ConCat/Content/Construction/Tech/Levels/GridSys_BuiltData.ubulk" 4049
"C:/Users/r022260k/Documents/GitHub/ConCat/Content/Construction/Tech/Levels/GridSys_BuiltData.uasset" 4050
"C:/Users/r022260k/Documents/GitHub/ConCat/Content/Construction/Tech/Levels/GridSys_BuiltData.uexp" 4051
"C:/Users/r022260k/Documents/GitHub/ConCat/Content/Construction/Tech/Levels/GridSys.uexp" 4052
"C:/Users/r022260k/Documents/GitHub/ConCat/Content/Construction/Tech/Levels/GridSys.umap" 4053
"C:/Users/r022260k/Documents/GitHub/ConCat/Content/Construction/Tech/Blueprints/Interactable/BP_BaseInteract.uasset" 4054
"C:/Users/r022260k/Documents/GitHub/ConCat/Content/Construction/Tech/Blueprints/Interactable/BP_BaseInteract.uexp" 4055
"C:/Users/r022260k/Documents/GitHub/ConCat/Content/Construction/Tech/Blueprints/Disasters/BP_TestLauncher.uasset" 4056
"C:/Users/r022260k/Documents/GitHub/ConCat/Content/Construction/Tech/Blueprints/Disasters/BP_TestLauncher.uexp" 4057
"C:/Users/r022260k/Documents/GitHub/ConCat/Content/Construction/Tech/Levels/DisasterTester_BuiltData.ubulk" 4058
"C:/Users/r022260k/Documents/GitHub/ConCat/Content/Construction/Tech/Levels/DisasterTester_BuiltData.uasset" 4059
"C:/Users/r022260k/Documents/GitHub/ConCat/Content/Construction/Tech/Levels/DisasterTester_BuiltData.uexp" 4060
"C:/Users/r022260k/Documents/GitHub/ConCat/Content/Construction/Tech/Blockout_Meshes/Stairs_2B267F15.ubulk" 4061
"C:/Users/r022260k/Documents/GitHub/ConCat/Content/Construction/Tech/Blockout_Meshes/Stairs_2B267F15.uasset" 4062
"C:/Users/r022260k/Documents/GitHub/ConCat/Content/Construction/Tech/Blockout_Meshes/Stairs_2B267F15.uexp" 4063
"C:/Users/r022260k/Documents/GitHub/ConCat/Content/Construction/Tech/Levels/DisasterTester.uexp" 4064
"C:/Users/r022260k/Documents/GitHub/ConCat/Content/Construction/Tech/Levels/DisasterTester.umap" 4065
"../../../Engine/Content/Functions/Engine_MaterialFunctions02/WorldPositionOffset/ObjectPivotPoint.uasset" 4066
"../../../Engine/Content/Functions/Engine_MaterialFunctions02/WorldPositionOffset/ObjectPivotPoint.uexp" 4067
"../../../Engine/Plugins/Runtime/HDRIBackdrop/Content/Materials/HDRI_Attributes.uasset" 4068
"../../../Engine/Plugins/Runtime/HDRIBackdrop/Content/Materials/HDRI_Attributes.uexp" 4069
"../../../Engine/Plugins/Runtime/HDRIBackdrop/Content/Materials/HDRI_Projection.uasset" 4070
"../../../Engine/Plugins/Runtime/HDRIBackdrop/Content/Materials/HDRI_Projection.uexp" 4071
"../../../Engine/Plugins/Runtime/HDRIBackdrop/Content/Materials/MI_HDRI_CenterProjection.uasset" 4072
"../../../Engine/Plugins/Runtime/HDRIBackdrop/Content/Materials/MI_HDRI_CenterProjection.uexp" 4073
"C:/Users/r022260k/Documents/GitHub/ConCat/Content/Environment/dikhololo_night_4k.uasset" 4074
"C:/Users/r022260k/Documents/GitHub/ConCat/Content/Environment/dikhololo_night_4k.uexp" 4075
"C:/Users/r022260k/Documents/GitHub/ConCat/Content/Construction/Tech/Levels/L_MainMenu_BuiltData.ubulk" 4076
"C:/Users/r022260k/Documents/GitHub/ConCat/Content/Construction/Tech/Levels/L_MainMenu_BuiltData.uasset" 4077
"C:/Users/r022260k/Documents/GitHub/ConCat/Content/Construction/Tech/Levels/L_MainMenu_BuiltData.uexp" 4078
"C:/Users/r022260k/Documents/GitHub/ConCat/Content/Construction/Tech/Levels/BP_Crane.uasset" 4079
"C:/Users/r022260k/Documents/GitHub/ConCat/Content/Construction/Tech/Levels/BP_Crane.uexp" 4080
"C:/Users/r022260k/Documents/GitHub/ConCat/Content/Construction/Tech/Levels/L_MainMenu_sharedassets/StonePath_LayerInfo.uasset" 4081
"C:/Users/r022260k/Documents/GitHub/ConCat/Content/Construction/Tech/Levels/L_MainMenu_sharedassets/StonePath_LayerInfo.uexp" 4082
"C:/Users/r022260k/Documents/GitHub/ConCat/Content/Construction/Art/Environments/Tileable_Textures/Landscapes/LandscapeMainMenu.uasset" 4083
"C:/Users/r022260k/Documents/GitHub/ConCat/Content/Construction/Art/Environments/Tileable_Textures/Landscapes/LandscapeMainMenu.uexp" 4084
"C:/Users/r022260k/Documents/GitHub/ConCat/Content/Construction/Art/Characters/Animations/Idle1_NEW__no_in_place___748-1x_.uasset" 4085
"C:/Users/r022260k/Documents/GitHub/ConCat/Content/Construction/Art/Characters/Animations/Idle1_NEW__no_in_place___748-1x_.uexp" 4086
"C:/Users/r022260k/Documents/GitHub/ConCat/Content/Construction/Tech/Levels/L_MainMenu_sharedassets/Cobble_LayerInfo.uasset" 4087
"C:/Users/r022260k/Documents/GitHub/ConCat/Content/Construction/Tech/Levels/L_MainMenu_sharedassets/Cobble_LayerInfo.uexp" 4088
"C:/Users/r022260k/Documents/GitHub/ConCat/Content/Construction/Tech/Levels/L_MainMenu_sharedassets/Alpha_LayerInfo.uasset" 4089
"C:/Users/r022260k/Documents/GitHub/ConCat/Content/Construction/Tech/Levels/L_MainMenu_sharedassets/Alpha_LayerInfo.uexp" 4090
"C:/Users/r022260k/Documents/GitHub/ConCat/Content/Construction/Tech/Blueprints/BP_Gertrude_Menu.uasset" 4091
"C:/Users/r022260k/Documents/GitHub/ConCat/Content/Construction/Tech/Blueprints/BP_Gertrude_Menu.uexp" 4092
"../../../Engine/Plugins/Runtime/HDRIBackdrop/Content/Textures/approaching_storm_4k.uasset" 4093
"../../../Engine/Plugins/Runtime/HDRIBackdrop/Content/Textures/approaching_storm_4k.uexp" 4094
"../../../Engine/Plugins/Runtime/HDRIBackdrop/Content/Materials/MI_HDRI_CameraProjection.uasset" 4095
"../../../Engine/Plugins/Runtime/HDRIBackdrop/Content/Materials/MI_HDRI_CameraProjection.uexp" 4096
"../../../Engine/Plugins/Runtime/HDRIBackdrop/Content/Meshes/EnviroDome.ubulk" 4097
"../../../Engine/Plugins/Runtime/HDRIBackdrop/Content/Meshes/EnviroDome.uasset" 4098
"../../../Engine/Plugins/Runtime/HDRIBackdrop/Content/Meshes/EnviroDome.uexp" 4099
"../../../Engine/Plugins/Runtime/HDRIBackdrop/Content/Blueprints/HDRIBackdrop.uasset" 4100
"../../../Engine/Plugins/Runtime/HDRIBackdrop/Content/Blueprints/HDRIBackdrop.uexp" 4101
"C:/Users/r022260k/Documents/GitHub/ConCat/Content/Construction/Tech/Levels/L_MainMenu_sharedassets/Gravel_LayerInfo.uasset" 4102
"C:/Users/r022260k/Documents/GitHub/ConCat/Content/Construction/Tech/Levels/L_MainMenu_sharedassets/Gravel_LayerInfo.uexp" 4103
"C:/Users/r022260k/Documents/GitHub/ConCat/Content/Construction/Tech/Levels/L_MainMenu_sharedassets/Mud_LayerInfo.uasset" 4104
"C:/Users/r022260k/Documents/GitHub/ConCat/Content/Construction/Tech/Levels/L_MainMenu_sharedassets/Mud_LayerInfo.uexp" 4105
"C:/Users/r022260k/Documents/GitHub/ConCat/Content/Construction/Art/Environments/Buildings/Mats/Italian_Window_open/Italian_Window_open_DefaultMaterial_BaseColor.ubulk" 4106
"C:/Users/r022260k/Documents/GitHub/ConCat/Content/Construction/Art/Environments/Buildings/Mats/Italian_Window_open/Italian_Window_open_DefaultMaterial_BaseColor.uasset" 4107
"C:/Users/r022260k/Documents/GitHub/ConCat/Content/Construction/Art/Environments/Buildings/Mats/Italian_Window_open/Italian_Window_open_DefaultMaterial_BaseColor.uexp" 4108
"C:/Users/r022260k/Documents/GitHub/ConCat/Content/Construction/Art/Environments/Buildings/Mats/Italian_Window_open/Italian_Window_open_DefaultMaterial_OcclusionRoughnessMetallic.ubulk" 4109
"C:/Users/r022260k/Documents/GitHub/ConCat/Content/Construction/Art/Environments/Buildings/Mats/Italian_Window_open/Italian_Window_open_DefaultMaterial_OcclusionRoughnessMetallic.uasset" 4110
"C:/Users/r022260k/Documents/GitHub/ConCat/Content/Construction/Art/Environments/Buildings/Mats/Italian_Window_open/Italian_Window_open_DefaultMaterial_OcclusionRoughnessMetallic.uexp" 4111
"C:/Users/r022260k/Documents/GitHub/ConCat/Content/Construction/Art/Environments/Buildings/Mats/Italian_Window_open/Italian_Window_open_DefaultMaterial_Normal.ubulk" 4112
"C:/Users/r022260k/Documents/GitHub/ConCat/Content/Construction/Art/Environments/Buildings/Mats/Italian_Window_open/Italian_Window_open_DefaultMaterial_Normal.uasset" 4113
"C:/Users/r022260k/Documents/GitHub/ConCat/Content/Construction/Art/Environments/Buildings/Mats/Italian_Window_open/Italian_Window_open_DefaultMaterial_Normal.uexp" 4114
"C:/Users/r022260k/Documents/GitHub/ConCat/Content/Construction/Art/Environments/Buildings/Mats/Italian_Window_open/Italian_Window_open.uasset" 4115
"C:/Users/r022260k/Documents/GitHub/ConCat/Content/Construction/Art/Environments/Buildings/Mats/Italian_Window_open/Italian_Window_open.uexp" 4116
"C:/Users/r022260k/Documents/GitHub/ConCat/Content/Construction/Art/Environments/Buildings/Mesh/Italian_Window_open.ubulk" 4117
"C:/Users/r022260k/Documents/GitHub/ConCat/Content/Construction/Art/Environments/Buildings/Mesh/Italian_Window_open.uasset" 4118
"C:/Users/r022260k/Documents/GitHub/ConCat/Content/Construction/Art/Environments/Buildings/Mesh/Italian_Window_open.uexp" 4119
"C:/Users/r022260k/Documents/GitHub/ConCat/Content/Construction/Tech/Levels/L_MainMenu_sharedassets/PinkMetal_LayerInfo.uasset" 4120
"C:/Users/r022260k/Documents/GitHub/ConCat/Content/Construction/Tech/Levels/L_MainMenu_sharedassets/PinkMetal_LayerInfo.uexp" 4121
"C:/Users/r022260k/Documents/GitHub/ConCat/Content/Construction/Tech/Levels/L_MainMenu_sharedassets/GreyMetal_LayerInfo.uasset" 4122
"C:/Users/r022260k/Documents/GitHub/ConCat/Content/Construction/Tech/Levels/L_MainMenu_sharedassets/GreyMetal_LayerInfo.uexp" 4123
"C:/Users/r022260k/Documents/GitHub/ConCat/Content/Construction/Tech/Levels/L_MainMenu.uexp" 4124
"C:/Users/r022260k/Documents/GitHub/ConCat/Content/Construction/Tech/Levels/L_MainMenu.ubulk" 4125
"C:/Users/r022260k/Documents/GitHub/ConCat/Content/Construction/Tech/Levels/L_MainMenu.umap" 4126
"../../../Engine/Content/Maps/Templates/HLODs/HLODLayer_Instanced.uasset" 4127
"../../../Engine/Content/Maps/Templates/HLODs/HLODLayer_Instanced.uexp" 4128
"C:/Users/r022260k/Documents/GitHub/ConCat/Content/ThirdPerson/Blueprints/BP_ThirdPersonCharacter.uasset" 4129
"C:/Users/r022260k/Documents/GitHub/ConCat/Content/ThirdPerson/Blueprints/BP_ThirdPersonCharacter.uexp" 4130
"C:/Users/r022260k/Documents/GitHub/ConCat/Content/ThirdPerson/Blueprints/BP_ThirdPersonGameMode.uasset" 4131
"C:/Users/r022260k/Documents/GitHub/ConCat/Content/ThirdPerson/Blueprints/BP_ThirdPersonGameMode.uexp" 4132
"C:/Users/r022260k/Documents/GitHub/ConCat/Content/ThirdPerson/Maps/ThirdPersonMap.uexp" 4133
"C:/Users/r022260k/Documents/GitHub/ConCat/Content/ThirdPerson/Maps/ThirdPersonMap.umap" 4134
