"C:/Users/Jacob/Documents/Unreal Projects/ConCat/ConCat.uproject" 1
"../../../Engine/Plugins/MeshPainting/MeshPainting.uplugin" 2
"../../../Engine/Plugins/Bridge/Bridge.uplugin" 3
"../../../Engine/Plugins/BlueprintFileUtils/BlueprintFileUtils.uplugin" 4
"../../../Engine/Plugins/FastBuildController/FastBuildController.uplugin" 5
"../../../Engine/Plugins/Animation/BlendSpaceMotionAnalysis/BlendSpaceMotionAnalysis.uplugin" 6
"../../../Engine/Plugins/Animation/AnimationModifierLibrary/AnimationModifierLibrary.uplugin" 7
"../../../Engine/Plugins/ScriptPlugin/ScriptPlugin.uplugin" 8
"../../../Engine/Plugins/AudioGameplay/AudioGameplay.uplugin" 9
"../../../Engine/Plugins/Animation/GameplayInsights/GameplayInsights.uplugin" 10
"../../../Engine/Plugins/AudioGameplayVolume/AudioGameplayVolume.uplugin" 11
"../../../Engine/Plugins/RenderGraphInsights/RenderGraphInsights.uplugin" 12
"../../../Engine/Plugins/XGEController/XGEController.uplugin" 13
"../../../Engine/Plugins/JsonBlueprintUtilities/JsonBlueprintUtilities.uplugin" 14
"../../../Engine/Plugins/Animation/ControlRig/ControlRig.uplugin" 15
"../../../Engine/Plugins/Animation/AnimationLocomotionLibrary/AnimationLocomotionLibrary.uplugin" 16
"../../../Engine/Plugins/Animation/IKRig/IKRig.uplugin" 17
"../../../Engine/Plugins/Animation/RigLogic/RigLogic.uplugin" 18
"../../../Engine/Plugins/LightWeightInstancesEditor/LightWeightInstancesEditor.uplugin" 19
"../../../Engine/Plugins/Animation/LiveLink/LiveLink.uplugin" 20
"../../../Engine/Plugins/AI/AISupport/AISupport.uplugin" 21
"../../../Engine/Plugins/AI/HTNPlanner/HTNPlanner.uplugin" 22
"../../../Engine/Plugins/Animation/LiveLinkCurveDebugUI/LiveLinkCurveDebugUI.uplugin" 23
"../../../Engine/Plugins/Developer/BlankPlugin/BlankPlugin.uplugin" 24
"../../../Engine/Plugins/Animation/ControlRigSpline/ControlRigSpline.uplugin" 25
"../../../Engine/Plugins/Animation/AnimationWarping/AnimationWarping.uplugin" 26
"../../../Engine/Plugins/Compression/OodleNetwork/OodleNetwork.uplugin" 27
"../../../Engine/Plugins/AI/MassAI/MassAI.uplugin" 28
"../../../Engine/Plugins/Developer/CodeLiteSourceCodeAccess/CodeLiteSourceCodeAccess.uplugin" 29
"../../../Engine/Plugins/AI/MassCrowd/MassCrowd.uplugin" 30
"../../../Engine/Plugins/Cameras/CameraShakePreviewer/CameraShakePreviewer.uplugin" 31
"../../../Engine/Plugins/Editor/AssetManagerEditor/AssetManagerEditor.uplugin" 32
"../../../Engine/Plugins/AI/MLAdapter/MLAdapter.uplugin" 33
"../../../Engine/Plugins/Editor/AssetSearch/AssetSearch.uplugin" 34
"../../../Engine/Plugins/Editor/BlueprintMaterialTextureNodes/BlueprintMaterialTextureNodes.uplugin" 35
"../../../Engine/Plugins/Editor/AssetReferenceRestrictions/AssetReferenceRestrictions.uplugin" 36
"../../../Engine/Plugins/Cameras/GameplayCameras/GameplayCameras.uplugin" 37
"../../../Engine/Plugins/Editor/ConsoleVariablesEditor/ConsoleVariables.uplugin" 38
"../../../Engine/Plugins/Developer/CLionSourceCodeAccess/CLionSourceCodeAccess.uplugin" 39
"../../../Engine/Plugins/Enterprise/AxFImporter/AxFImporter.uplugin" 40
"../../../Engine/Plugins/Enterprise/DataprepEditor/DataprepEditor.uplugin" 41
"../../../Engine/Plugins/Enterprise/DatasmithC4DImporter/DatasmithC4DImporter.uplugin" 42
"../../../Engine/Plugins/Enterprise/DatasmithCADImporter/DatasmithCADImporter.uplugin" 43
"../../../Engine/Plugins/Enterprise/DatasmithFBXImporter/DatasmithFBXImporter.uplugin" 44
"../../../Engine/Plugins/2D/Paper2D/Paper2D.uplugin" 45
"../../../Engine/Plugins/Enterprise/DatasmithContent/DatasmithContent.uplugin" 46
"../../../Engine/Plugins/Developer/AnimationSharing/AnimationSharing.uplugin" 47
"../../../Engine/Plugins/Editor/CryptoKeys/CryptoKeys.uplugin" 48
"../../../Engine/Plugins/Enterprise/LidarPointCloud/LidarPointCloud.uplugin" 49
"../../../Engine/Plugins/Enterprise/DatasmithImporter/DatasmithImporter.uplugin" 50
"../../../Engine/Plugins/Compositing/LensDistortion/LensDistortion.uplugin" 51
"../../../Engine/Plugins/Enterprise/DatasmithGLTFImporter/DatasmithGLTFImporter.uplugin" 52
"../../../Engine/Plugins/Enterprise/MDLImporter/MDLImporter.uplugin" 53
"../../../Engine/Plugins/FX/CascadeToNiagaraConverter/CascadeToNiagaraConverter.uplugin" 54
"../../../Engine/Plugins/Developer/KDevelopSourceCodeAccess/KDevelopSourceCodeAccess.uplugin" 55
"../../../Engine/Plugins/Developer/NullSourceCodeAccess/NullSourceCodeAccess.uplugin" 56
"../../../Engine/Plugins/Enterprise/DatasmithIFCImporter/DatasmithIFCImporter.uplugin" 57
"../../../Engine/Plugins/FX/ExampleCustomDataInterface/ExampleCustomDataInterface.uplugin" 58
"../../../Engine/Plugins/Developer/OneSkyLocalizationService/OneSkyLocalizationService.uplugin" 59
"../../../Engine/Plugins/Compositing/Composure/Composure.uplugin" 60
"../../../Engine/Plugins/Compositing/OpenCVLensDistortion/OpenCVLensDistortion.uplugin" 61
"../../../Engine/Plugins/FX/Niagara/Niagara.uplugin" 62
"../../../Engine/Plugins/Developer/PerforceSourceControl/PerforceSourceControl.uplugin" 63
"../../../Engine/Plugins/Developer/PropertyAccessNode/PropertyAccessNode.uplugin" 64
"../../../Engine/Plugins/Developer/PlasticSourceControl/PlasticSourceControl.uplugin" 65
"../../../Engine/Plugins/Developer/PluginUtils/PluginUtils.uplugin" 66
"../../../Engine/Plugins/Developer/RenderDocPlugin/RenderDocPlugin.uplugin" 67
"../../../Engine/Plugins/Developer/GitSourceControl/GitSourceControl.uplugin" 68
"../../../Engine/Plugins/Experimental/AbilitySystemGameFeatureActions/AbilitySystemGameFeatureActions.uplugin" 69
"../../../Engine/Plugins/Enterprise/VariantManagerContent/VariantManagerContent.uplugin" 70
"../../../Engine/Plugins/Editor/DataValidation/DataValidation.uplugin" 71
"../../../Engine/Plugins/Compositing/OpenColorIO/OpenColorIO.uplugin" 72
"../../../Engine/Plugins/Editor/CurveEditorTools/CurveEditorTools.uplugin" 73
"../../../Engine/Plugins/Developer/RiderSourceCodeAccess/RiderSourceCodeAccess.uplugin" 74
"../../../Engine/Plugins/Developer/SubversionSourceControl/SubversionSourceControl.uplugin" 75
"../../../Engine/Plugins/Developer/TraceSourceFiltering/TraceSourceFilters.uplugin" 76
"../../../Engine/Plugins/Developer/PixWinPlugin/PixWinPlugin.uplugin" 77
"../../../Engine/Plugins/Editor/FacialAnimation/FacialAnimation.uplugin" 78
"../../../Engine/Plugins/Editor/EditorScriptingUtilities/EditorScriptingUtilities.uplugin" 79
"../../../Engine/Plugins/Enterprise/VariantManager/VariantManager.uplugin" 80
"../../../Engine/Plugins/Editor/GameplayTagsEditor/GameplayTagsEditor.uplugin" 81
"../../../Engine/Plugins/Editor/GeometryMode/GeometryMode.uplugin" 82
"../../../Engine/Plugins/Editor/MacGraphicsSwitching/MacGraphicsSwitching.uplugin" 83
"../../../Engine/Plugins/Editor/GLTFImporter/GLTFImporter.uplugin" 84
"../../../Engine/Plugins/Editor/MaterialAnalyzer/MaterialAnalyzer.uplugin" 85
"../../../Engine/Plugins/AI/EnvironmentQueryEditor/EnvironmentQueryEditor.uplugin" 86
"../../../Engine/Plugins/Editor/MobileLauncherProfileWizard/MobileLauncherProfileWizard.uplugin" 87
"../../../Engine/Plugins/Editor/PluginBrowser/PluginBrowser.uplugin" 88
"../../../Engine/Plugins/Editor/EditorDebugTools/EditorDebugTools.uplugin" 89
"../../../Engine/Plugins/Editor/SpeedTreeImporter/SpeedTreeImporter.uplugin" 90
"../../../Engine/Plugins/Experimental/ActorPalette/ActorPalette.uplugin" 91
"../../../Engine/Plugins/Developer/UObjectPlugin/UObjectPlugin.uplugin" 92
"../../../Engine/Plugins/Editor/WorldPartitionHLODUtilities/WorldPartitionHLODUtilities.uplugin" 93
"../../../Engine/Plugins/FX/NiagaraFluids/NiagaraFluids.uplugin" 94
"../../../Engine/Plugins/Experimental/AppleVision/AppleVision.uplugin" 95
"../../../Engine/Plugins/Developer/VisualStudioCodeSourceCodeAccess/VisualStudioCodeSourceCodeAccess.uplugin" 96
"../../../Engine/Plugins/Editor/ModelingToolsEditorMode/ModelingToolsEditorMode.uplugin" 97
"../../../Engine/Plugins/Editor/MakeCookedEditorAsDLC/MakeCookedEditorAsDLC.uplugin" 98
"../../../Engine/Plugins/Editor/StylusInput/StylusInput.uplugin" 99
"../../../Engine/Plugins/Importers/USDMultiUser/USDMultiUser.uplugin" 100
"../../../Engine/Plugins/Importers/AlembicHairImporter/AlembicHairImporter.uplugin" 101
"../../../Engine/Plugins/Experimental/AssetPlacementEdMode/AssetPlacementEdMode.uplugin" 102
"../../../Engine/Plugins/Experimental/BackChannel/BackChannel.uplugin" 103
"../../../Engine/Plugins/Importers/USDImporter/USDImporter.uplugin" 104
"../../../Engine/Plugins/Editor/SequencerAnimTools/SequencerAnimTools.uplugin" 105
"../../../Engine/Plugins/Developer/XcodeGPUDebuggerPlugin/XcodeGPUDebuggerPlugin.uplugin" 106
"../../../Engine/Plugins/Experimental/ChaosEditor/ChaosEditor.uplugin" 107
"../../../Engine/Plugins/Importers/AlembicImporter/AlembicImporter.uplugin" 108
"../../../Engine/Plugins/Developer/TraceDataFiltering/TraceDataFilters.uplugin" 109
"../../../Engine/Plugins/Experimental/AutomationUtils/AutomationUtils.uplugin" 110
"../../../Engine/Plugins/Developer/XCodeSourceCodeAccess/XCodeSourceCodeAccess.uplugin" 111
"../../../Engine/Plugins/Experimental/ChaosSolverPlugin/ChaosSolverPlugin.uplugin" 112
"../../../Engine/Plugins/Experimental/BlueprintStats/BlueprintStats.uplugin" 113
"../../../Engine/Plugins/Experimental/ChaosCaching/ChaosCaching.uplugin" 114
"../../../Engine/Plugins/Experimental/CommonConversation/CommonConversation.uplugin" 115
"../../../Engine/Plugins/Experimental/ColorCorrectRegions/ColorCorrectRegions.uplugin" 116
"../../../Engine/Plugins/Experimental/CodeView/CodeView.uplugin" 117
"../../../Engine/Plugins/Developer/VisualStudioSourceCodeAccess/VisualStudioSourceCodeAccess.uplugin" 118
"../../../Engine/Plugins/Experimental/CommonUI/CommonUI.uplugin" 119
"../../../Engine/Plugins/Experimental/ChaosNiagara/ChaosNiagara.uplugin" 120
"../../../Engine/Plugins/Experimental/ControlFlows/ControlFlows.uplugin" 121
"../../../Engine/Plugins/Experimental/ComputeFramework/ComputeFramework.uplugin" 122
"../../../Engine/Plugins/Experimental/ExampleAssetEditor/ExampleAssetEditor.uplugin" 123
"../../../Engine/Plugins/Experimental/CharacterAI/CharacterAI.uplugin" 124
"../../../Engine/Plugins/Experimental/CodeEditor/CodeEditor.uplugin" 125
"../../../Engine/Plugins/Experimental/FieldSystemPlugin/FieldSystemPlugin.uplugin" 126
"../../../Engine/Plugins/Experimental/Gauntlet/Gauntlet.uplugin" 127
"../../../Engine/Plugins/Experimental/GameplayBehaviors/GameplayBehaviors.uplugin" 128
"../../../Engine/Plugins/Experimental/ChaosVehiclesPlugin/ChaosVehiclesPlugin.uplugin" 129
"../../../Engine/Plugins/Messaging/UdpMessaging/UdpMessaging.uplugin" 130
"../../../Engine/Plugins/Experimental/ChaosClothEditor/ChaosClothEditor.uplugin" 131
"../../../Engine/Plugins/Experimental/GeometryCacheAbcFile/GeometryCacheAbcFile.uplugin" 132
"../../../Engine/Plugins/Messaging/MessagingDebugger/MessagingDebugger.uplugin" 133
"../../../Engine/Plugins/Experimental/EnhancedInput/EnhancedInput.uplugin" 134
"../../../Engine/Plugins/Experimental/GameFeatures/GameFeatures.uplugin" 135
"../../../Engine/Plugins/Experimental/GizmoEdMode/GizmoEdMode.uplugin" 136
"../../../Engine/Plugins/Experimental/FullBodyIK/FullBodyIK.uplugin" 137
"../../../Engine/Plugins/Experimental/GPULightmass/GPULightmass.uplugin" 138
"../../../Engine/Plugins/Experimental/GeometryCollectionPlugin/GeometryCollectionPlugin.uplugin" 139
"../../../Engine/Plugins/NetcodeUnitTest/NetcodeUnitTest/NetcodeUnitTest.uplugin" 140
"../../../Engine/Plugins/Experimental/GeometryScripting/GeometryScripting.uplugin" 141
"../../../Engine/Plugins/Experimental/GeometryFlow/GeometryFlow.uplugin" 142
"../../../Engine/Plugins/NetcodeUnitTest/NUTUnrealEngine/NUTUnrealEngine.uplugin" 143
"../../../Engine/Plugins/Experimental/HairModelingToolset/HairModelingToolset.uplugin" 144
"../../../Engine/Plugins/Experimental/ImpostorBaker/ImpostorBaker.uplugin" 145
"../../../Engine/Plugins/Experimental/ChaosCloth/ChaosCloth.uplugin" 146
"../../../Engine/Plugins/Experimental/MeshModelingToolsetExp/MeshModelingToolsetExp.uplugin" 147
"../../../Engine/Plugins/Experimental/MeshLODToolset/MeshLODToolset.uplugin" 148
"../../../Engine/Plugins/Experimental/LiveLinkControlRig/LiveLinkControlRig.uplugin" 149
"../../../Engine/Plugins/Experimental/MLDeformer/MLDeformer.uplugin" 150
"../../../Engine/Plugins/Messaging/TcpMessaging/TcpMessaging.uplugin" 151
"../../../Engine/Plugins/Experimental/ModularGameplay/ModularGameplay.uplugin" 152
"../../../Engine/Plugins/Developer/TextureFormatOodle/TextureFormatOodle.uplugin" 153
"../../../Engine/Plugins/Experimental/MotoSynth/MotoSynth.uplugin" 154
"../../../Engine/Plugins/Experimental/Optimus/Optimus.uplugin" 155
"../../../Engine/Plugins/Experimental/GizmoFramework/GizmoFramework.uplugin" 156
"../../../Engine/Plugins/Experimental/PlatformCrypto/PlatformCrypto.uplugin" 157
"../../../Engine/Plugins/Experimental/PlanarCutPlugin/PlanarCut.uplugin" 158
"../../../Engine/Plugins/Experimental/PythonFoundationPackages/PythonFoundationPackages.uplugin" 159
"../../../Engine/Plugins/Experimental/PythonScriptPlugin/PythonScriptPlugin.uplugin" 160
"../../../Engine/Plugins/Experimental/NNI/NeuralNetworkInference.uplugin" 161
"../../../Engine/Plugins/Experimental/RawInput/RawInput.uplugin" 162
"../../../Engine/Plugins/Experimental/ScreenReader/ScreenReader.uplugin" 163
"../../../Engine/Plugins/Experimental/SkeletalReduction/SkeletalReduction.uplugin" 164
"../../../Engine/Plugins/Experimental/Shotgrid/Shotgrid.uplugin" 165
"../../../Engine/Plugins/Experimental/RemoteSession/RemoteSession.uplugin" 166
"../../../Engine/Plugins/Experimental/StaticMeshEditorModeling/StaticMeshEditorModeling.uplugin" 167
"../../../Engine/Plugins/Experimental/OpenImageDenoise/OpenImageDenoise.uplugin" 168
"../../../Engine/Plugins/Experimental/Text3D/Text3D.uplugin" 169
"../../../Engine/Plugins/Experimental/TextToSpeech/TextToSpeech.uplugin" 170
"../../../Engine/Plugins/Experimental/SlateScreenReader/SlateScreenReader.uplugin" 171
"../../../Engine/Plugins/Experimental/StructUtils/StructUtils.uplugin" 172
"../../../Engine/Plugins/Experimental/SimpleHMD/SimpleHMD.uplugin" 173
"../../../Engine/Plugins/Experimental/VirtualCamera/VirtualCamera.uplugin" 174
"../../../Engine/Plugins/Experimental/VirtualHeightfieldMesh/VirtualHeightfieldMesh.uplugin" 175
"../../../Engine/Plugins/Experimental/VirtualProductionUtilities/VirtualProductionUtilities.uplugin" 176
"../../../Engine/Plugins/Experimental/Water/Water.uplugin" 177
"../../../Engine/Plugins/Experimental/WaterExtras/WaterExtras.uplugin" 178
"../../../Engine/Plugins/Experimental/Volumetrics/Volumetrics.uplugin" 179
"../../../Engine/Plugins/Experimental/WebSocketNetworking/WebSocketNetworking.uplugin" 180
"../../../Engine/Plugins/Online/EOSShared/EOSShared.uplugin" 181
"../../../Engine/Plugins/Experimental/SampleToolsEditorMode/SampleToolsEditorMode.uplugin" 182
"../../../Engine/Plugins/Experimental/UVEditor/UVEditor.uplugin" 183
"../../../Engine/Plugins/Online/OnlineBase/OnlineBase.uplugin" 184
"../../../Engine/Plugins/MovieScene/ActorSequence/ActorSequence.uplugin" 185
"../../../Engine/Plugins/Experimental/WaveFunctionCollapse/WaveFunctionCollapse.uplugin" 186
"../../../Engine/Plugins/MovieScene/LevelSequenceEditor/LevelSequenceEditor.uplugin" 187
"../../../Engine/Plugins/MovieScene/CustomizableSequencerTracks/CustomizableSequencerTracks.uplugin" 188
"../../../Engine/Plugins/MovieScene/MatineeToLevelSequence/MatineeToLevelSequence.uplugin" 189
"../../../Engine/Plugins/Online/OnlineSubsystem/OnlineSubsystem.uplugin" 190
"../../../Engine/Plugins/Online/OnlineFramework/OnlineFramework.uplugin" 191
"../../../Engine/Plugins/MovieScene/MovieRenderPipeline/MovieRenderPipeline.uplugin" 192
"../../../Engine/Plugins/Experimental/ImagePlate/ImagePlate.uplugin" 193
"../../../Engine/Plugins/Online/OnlineSubsystemFacebook/OnlineSubsystemFacebook.uplugin" 194
"../../../Engine/Plugins/MovieScene/SequencerScripting/SequencerScripting.uplugin" 195
"../../../Engine/Plugins/MovieScene/TemplateSequence/TemplateSequence.uplugin" 196
"../../../Engine/Plugins/MovieScene/MoviePipelineMaskRenderPass/MoviePipelineMaskRenderPass.uplugin" 197
"../../../Engine/Plugins/Online/OnlineSubsystemApple/OnlineSubsystemApple.uplugin" 198
"../../../Engine/Plugins/Online/OnlineSubsystemOculus/OnlineSubsystemOculus.uplugin" 199
"../../../Engine/Plugins/Online/OnlineSubsystemSteam/OnlineSubsystemSteam.uplugin" 200
"../../../Engine/Plugins/MovieScene/ReplayTracks/ReplayTracks.uplugin" 201
"../../../Engine/Plugins/Online/OnlineSubsystemTwitch/OnlineSubsystemTwitch.uplugin" 202
"../../../Engine/Plugins/Online/OnlineSubsystemNull/OnlineSubsystemNull.uplugin" 203
"../../../Engine/Plugins/Online/OnlineSubsystemUtils/OnlineSubsystemUtils.uplugin" 204
"../../../Engine/Plugins/Online/OnlineSubsystemEOS/OnlineSubsystemEOS.uplugin" 205
"../../../Engine/Plugins/Online/SocketSubsystemEOS/SocketSubsystemEOS.uplugin" 206
"../../../Engine/Plugins/Online/OnlineSubsystemGoogle/OnlineSubsystemGoogle.uplugin" 207
"../../../Engine/Plugins/Runtime/ActorLayerUtilities/ActorLayerUtilities.uplugin" 208
"../../../Engine/Plugins/Online/WebAuth/WebAuth.uplugin" 209
"../../../Engine/Plugins/Runtime/AndroidFileServer/AndroidFileServer.uplugin" 210
"../../../Engine/Plugins/Runtime/AndroidMoviePlayer/AndroidMoviePlayer.uplugin" 211
"../../../Engine/Plugins/Runtime/AndroidPermission/AndroidPermission.uplugin" 212
"../../../Engine/Plugins/Runtime/AppleMoviePlayer/AppleMoviePlayer.uplugin" 213
"../../../Engine/Plugins/Runtime/AnimationBudgetAllocator/AnimationBudgetAllocator.uplugin" 214
"../../../Engine/Plugins/Runtime/ArchVisCharacter/ArchVisCharacter.uplugin" 215
"../../../Engine/Plugins/Runtime/AndroidDeviceProfileSelector/AndroidDeviceProfileSelector.uplugin" 216
"../../../Engine/Plugins/Portal/LauncherChunkInstaller/LauncherChunkInstaller.uplugin" 217
"../../../Engine/Plugins/Runtime/AppleImageUtils/AppleImageUtils.uplugin" 218
"../../../Engine/Plugins/Runtime/ApexDestruction/ApexDestruction.uplugin" 219
"../../../Engine/Plugins/Runtime/AudioSynesthesia/AudioSynesthesia.uplugin" 220
"../../../Engine/Plugins/Online/OnlineSubsystemAmazon/OnlineSubsystemAmazon.uplugin" 221
"../../../Engine/Plugins/Runtime/AudioCapture/AudioCapture.uplugin" 222
"../../../Engine/Plugins/Runtime/AssetTags/AssetTags.uplugin" 223
"../../../Engine/Plugins/Runtime/CableComponent/CableComponent.uplugin" 224
"../../../Engine/Plugins/Runtime/CustomMeshComponent/CustomMeshComponent.uplugin" 225
"../../../Engine/Plugins/Runtime/ChunkDownloader/ChunkDownloader.uplugin" 226
"../../../Engine/Plugins/Experimental/ProxyLODPlugin/ProxyLODPlugin.uplugin" 227
"../../../Engine/Plugins/Runtime/DataRegistry/DataRegistry.uplugin" 228
"../../../Engine/Plugins/Runtime/AndroidBackgroundService/AndroidBackgroundService.uplugin" 229
"../../../Engine/Plugins/Runtime/ExampleDeviceProfileSelector/ExampleDeviceProfileSelector.uplugin" 230
"../../../Engine/Plugins/Runtime/GameplayAbilities/GameplayAbilities.uplugin" 231
"../../../Engine/Plugins/Runtime/Firebase/Firebase.uplugin" 232
"../../../Engine/Plugins/Runtime/AudioWidgets/AudioWidgets.uplugin" 233
"../../../Engine/Plugins/Runtime/GeometryCache/GeometryCache.uplugin" 234
"../../../Engine/Plugins/Performance/PerformanceMonitor/PerformanceMonitor.uplugin" 235
"../../../Engine/Plugins/Runtime/GeometryProcessing/GeometryProcessing.uplugin" 236
"../../../Engine/Plugins/Slate/SlateInsights/SlateInsights.uplugin" 237
"../../../Engine/Plugins/Runtime/GeoReferencing/GeoReferencing.uplugin" 238
"../../../Engine/Plugins/Runtime/GoogleCloudMessaging/GoogleCloudMessaging.uplugin" 239
"../../../Engine/Plugins/Slate/SlateScripting/SlateScripting.uplugin" 240
"../../../Engine/Plugins/Runtime/HDRIBackdrop/HDRIBackdrop.uplugin" 241
"../../../Engine/Plugins/Runtime/HairStrands/HairStrands.uplugin" 242
"../../../Engine/Plugins/Runtime/HPMotionController/HPMotionController.uplugin" 243
"../../../Engine/Plugins/Runtime/MassEntity/MassEntity.uplugin" 244
"../../../Engine/Plugins/Runtime/AudioModulation/AudioModulation.uplugin" 245
"../../../Engine/Plugins/Online/OnlineSubsystemTencent/OnlineSubsystemTencent.uplugin" 246
"../../../Engine/Plugins/Runtime/MassGameplay/MassGameplay.uplugin" 247
"../../../Engine/Plugins/Runtime/HTTPChunkInstaller/HTTPChunkInstaller.uplugin" 248
"../../../Engine/Plugins/Runtime/MicrosoftSpatialAudio/MicroSoftSpatialSound.uplugin" 249
"../../../Engine/Plugins/Runtime/IOSReplayKit/IOSReplayKit.uplugin" 250
"../../../Engine/Plugins/Runtime/IOSDeviceProfileSelector/IOSDeviceProfileSelector.uplugin" 251
"../../../Engine/Plugins/Runtime/Metasound/Metasound.uplugin" 252
"../../../Engine/Plugins/Runtime/GooglePAD/GooglePAD.uplugin" 253
"../../../Engine/Plugins/Runtime/MixedRealityCaptureFramework/MixedRealityCaptureFramework.uplugin" 254
"../../../Engine/Plugins/Runtime/MeshModelingToolset/MeshModelingToolset.uplugin" 255
"../../../Engine/Plugins/Runtime/MobilePatchingUtils/MobilePatchingUtils.uplugin" 256
"../../../Engine/Plugins/Runtime/NetworkPredictionExtras/NetworkPredictionExtras.uplugin" 257
"../../../Engine/Plugins/Runtime/NetworkPrediction/NetworkPrediction.uplugin" 258
"../../../Engine/Plugins/Runtime/NetworkPredictionInsights/NetworkPredictionInsights.uplugin" 259
"../../../Engine/Plugins/Runtime/LocationServicesAndroidImpl/LocationServicesAndroidImpl.uplugin" 260
"../../../Engine/Plugins/Runtime/nDisplay/nDisplay.uplugin" 261
"../../../Engine/Plugins/Runtime/LiveLinkOvernDisplay/LiveLinkOverNDisplay.uplugin" 262
"../../../Engine/Plugins/Runtime/OpenXR/OpenXR.uplugin" 263
"../../../Engine/Plugins/Runtime/OpenXREyeTracker/OpenXREyeTracker.uplugin" 264
"../../../Engine/Plugins/VirtualProduction/CameraCalibration/CameraCalibration.uplugin" 265
"../../../Engine/Plugins/VirtualProduction/CameraCalibrationCore/CameraCalibrationCore.uplugin" 266
"../../../Engine/Plugins/VirtualProduction/ICVFX/ICVFX.uplugin" 267
"../../../Engine/Plugins/VirtualProduction/CompositePlane/CompositePlane.uplugin" 268
"../../../Engine/Plugins/Runtime/LocationServicesIOSImpl/LocationServicesIOSImpl.uplugin" 269
"../../../Engine/Plugins/Runtime/LocationServicesBPLibrary/LocationServicesBPLibrary.uplugin" 270
"../../../Engine/Plugins/VirtualProduction/LiveLinkCamera/LiveLinkCamera.uplugin" 271
"../../../Engine/Plugins/VirtualProduction/LiveLinkFreeD/LiveLinkFreeD.uplugin" 272
"../../../Engine/Plugins/VirtualProduction/LevelSnapshots/LevelSnapshots.uplugin" 273
"../../../Engine/Plugins/VirtualProduction/LiveLinkLens/LiveLinkLens.uplugin" 274
"../../../Engine/Plugins/VirtualProduction/LiveLinkPrestonMDR/LiveLinkPrestonMDR.uplugin" 275
"../../../Engine/Plugins/Runtime/OpenXRHandTracking/OpenXRHandTracking.uplugin" 276
"../../../Engine/Plugins/Runtime/OpenXRMsftHandInteraction/OpenXRMsftHandInteraction.uplugin" 277
"../../../Engine/Plugins/VirtualProduction/LiveLinkMasterLockit/LiveLinkMasterLockit.uplugin" 278
"../../../Engine/Plugins/VirtualProduction/RemoteControl/RemoteControl.uplugin" 279
"../../../Engine/Plugins/VirtualProduction/RemoteControlInterception/RemoteControlInterception.uplugin" 280
"../../../Engine/Plugins/VirtualProduction/LiveLinkXR/LiveLinkXR.uplugin" 281
"../../../Engine/Plugins/Runtime/OpenCV/OpenCV.uplugin" 282
"../../../Engine/Plugins/VirtualProduction/RemoteControlProtocolMIDI/RemoteControlProtocolMIDI.uplugin" 283
"../../../Engine/Plugins/Runtime/LinuxDeviceProfileSelector/LinuxDeviceProfileSelector.uplugin" 284
"../../../Engine/Plugins/VirtualProduction/StageMonitoring/StageMonitoring.uplugin" 285
"../../../Engine/Plugins/VirtualProduction/LiveLinkVRPN/LiveLinkVRPN.uplugin" 286
"../../../Engine/Plugins/VirtualProduction/Takes/Takes.uplugin" 287
"../../../Engine/Plugins/Runtime/OSC/OSC.uplugin" 288
"../../../Engine/Plugins/VirtualProduction/Switchboard/Switchboard.uplugin" 289
"../../../Engine/Plugins/VirtualProduction/RemoteControlProtocolOSC/RemoteControlProtocolOSC.uplugin" 290
"../../../Engine/Plugins/VirtualProduction/TimedDataMonitor/TimedDataMonitor.uplugin" 291
"../../../Engine/Plugins/VirtualProduction/MultiUserTakes/MultiUserTakes.uplugin" 292
"../../../Engine/Plugins/Runtime/ProceduralMeshComponent/ProceduralMeshComponent.uplugin" 293
"../../../Engine/Plugins/VirtualProduction/RemoteControlProtocolDMX/RemoteControlProtocolDMX.uplugin" 294
"../../../Engine/Plugins/Runtime/PropertyAccess/PropertyAccessEditor.uplugin" 295
"../../../Engine/Plugins/Runtime/PhysXVehicles/PhysXVehicles.uplugin" 296
"../../../Engine/Plugins/Runtime/OSCModulationMixing/OSCModulationMixing.uplugin" 297
"../../../Engine/Plugins/VirtualProduction/SequencerPlaylists/SequencerPlaylists.uplugin" 298
"../../../Engine/Plugins/Runtime/SoundCueTemplates/SoundCueTemplates.uplugin" 299
"../../../Engine/Plugins/VirtualProduction/DataCharts/DataCharts.uplugin" 300
"../../../Engine/Plugins/Experimental/Landmass/Landmass.uplugin" 301
"../../../Engine/Plugins/Runtime/SmartObjects/SmartObjects.uplugin" 302
"../../../Engine/Plugins/Runtime/SoundFields/SoundFields.uplugin" 303
"../../../Engine/Plugins/Runtime/ResonanceAudio/ResonanceAudio.uplugin" 304
"../../../Engine/Plugins/Runtime/SoundMod/SoundMod.uplugin" 305
"../../../Engine/Plugins/VirtualProduction/RemoteControlWebInterface/RemoteControlWebInterface.uplugin" 306
"../../../Engine/Plugins/Runtime/RuntimePhysXCooking/RuntimePhysXCooking.uplugin" 307
"../../../Engine/Plugins/Runtime/OptionalMobileFeaturesBPLibrary/OptionalMobileFeaturesBPLibrary.uplugin" 308
"../../../Engine/Plugins/Runtime/ReplicationGraph/ReplicationGraph.uplugin" 309
"../../../Engine/Plugins/Runtime/StateTree/StateTree.uplugin" 310
"../../../Engine/Plugins/Runtime/Synthesis/Synthesis.uplugin" 311
"../../../Engine/Plugins/Runtime/PreLoadScreenMoviePlayer/PreLoadScreenMoviePlayer.uplugin" 312
"../../../Engine/Plugins/Runtime/TextureShare/TextureShare.uplugin" 313
"../../../Engine/Plugins/Runtime/Spatialization/Spatialization.uplugin" 314
"../../../Engine/Plugins/Runtime/SunPosition/SunPosition.uplugin" 315
"../../../Engine/Plugins/Runtime/WebBrowserNativeProxy/WebBrowserNativeProxy.uplugin" 316
"../../../Engine/Plugins/Runtime/SignificanceManager/SignificanceManager.uplugin" 317
"../../../Engine/Plugins/Runtime/WebBrowserWidget/WebBrowserWidget.uplugin" 318
"../../../Engine/Plugins/Runtime/WebMMoviePlayer/WebMMoviePlayer.uplugin" 319
"../../../Engine/Plugins/Runtime/WindowsMoviePlayer/WindowsMoviePlayer.uplugin" 320
"../../../Engine/Plugins/Runtime/WindowsMixedReality/WindowsMixedReality.uplugin" 321
"../../../Engine/Plugins/Runtime/ZoneGraph/ZoneGraph.uplugin" 322
"../../../Engine/Plugins/Tests/EditorTests/EditorTests.uplugin" 323
"../../../Engine/Plugins/Runtime/ZoneGraphAnnotations/ZoneGraphAnnotations.uplugin" 324
"../../../Engine/Plugins/Tests/AutomationDriverTests/AutomationDriverTests.uplugin" 325
"../../../Engine/Plugins/Tests/FunctionalTestingEditor/FunctionalTestingEditor.uplugin" 326
"../../../Engine/Plugins/Runtime/SoundUtilities/SoundUtilities.uplugin" 327
"../../../Engine/Plugins/Tests/FbxAutomationTestBuilder/FbxAutomationTestBuilder.uplugin" 328
"../../../Engine/Plugins/Tests/RHITests/RHITests.uplugin" 329
"../../../Engine/Plugins/Tests/TestSamples/TestSamples.uplugin" 330
"../../../Engine/Plugins/Tests/PythonAutomationTest/PythonAutomationTest.uplugin" 331
"../../../Engine/Plugins/Runtime/WarpUtils/WarpUtils.uplugin" 332
"../../../Engine/Plugins/Tests/RuntimeTests/RuntimeTests.uplugin" 333
"../../../Engine/Plugins/Experimental/PanoramicCapture/PanoramicCapture.uplugin" 334
"../../../Engine/Plugins/Media/AppleProResMedia/AppleProResMedia.uplugin" 335
"../../../Engine/Plugins/Media/AndroidMedia/AndroidMedia.uplugin" 336
"../../../Engine/Plugins/Media/ElectraCDM/ElectraCDM.uplugin" 337
"../../../Engine/Plugins/Media/AvidDNxMedia/AvidDNxMedia.uplugin" 338
"../../../Engine/Plugins/Media/AndroidCamera/AndroidCamera.uplugin" 339
"../../../Engine/Plugins/GamepadUMGPlugin_UE5_FPSGameStarterKit/GamepadUMGPlugin/GamepadUMGPlugin.uplugin" 340
"../../../Engine/Plugins/Media/ElectraPlayer/ElectraPlayer.uplugin" 341
"../../../Engine/Plugins/Media/BinkMedia/BinkMedia.uplugin" 342
"../../../Engine/Plugins/Media/ElectraUtil/ElectraUtil.uplugin" 343
"../../../Engine/Plugins/Media/HAPMedia/HAPMedia.uplugin" 344
"../../../Engine/Plugins/Media/AudioCaptureTimecodeProvider/AudioCaptureTimecodeProvider.uplugin" 345
"../../../Engine/Plugins/Media/HardwareEncoders/HardwareEncoders.uplugin" 346
"../../../Engine/Plugins/Media/HLMedia/HLMedia.uplugin" 347
"../../../Engine/Plugins/Media/ImgMedia/ImgMedia.uplugin" 348
"../../../Engine/Plugins/Media/MediaFrameworkUtilities/MediaFrameworkUtilities.uplugin" 349
"../../../Engine/Plugins/Media/MfMedia/MfMedia.uplugin" 350
"../../../Engine/Plugins/Media/PixelStreaming/PixelStreaming.uplugin" 351
"../../../Engine/Plugins/Media/BlackmagicMedia/BlackmagicMedia.uplugin" 352
"../../../Engine/Plugins/Media/MediaPlayerEditor/MediaPlayerEditor.uplugin" 353
"../../../Engine/Plugins/Media/MediaMovieStreamer/MediaMovieStreamer.uplugin" 354
"../../../Engine/Plugins/Media/MediaIOFramework/MediaIOFramework.uplugin" 355
"../../../Engine/Plugins/Media/WebMMedia/WebMMedia.uplugin" 356
"../../../Engine/Plugins/Media/TimecodeSynchronizer/TimecodeSynchronizer.uplugin" 357
"../../../Engine/Plugins/Media/MediaCompositing/MediaCompositing.uplugin" 358
"../../../Engine/Plugins/Runtime/MIDIDevice/MIDIDevice.uplugin" 359
"../../../Engine/Plugins/Media/WmfMedia/WmfMedia.uplugin" 360
"../../../Engine/Plugins/Media/ElectraSubtitles/ElectraSubtitles.uplugin" 361
"../../../Engine/Plugins/Media/AvfMedia/AvfMedia.uplugin" 362
"../../../Engine/Plugins/Media/AjaMedia/AjaMedia.uplugin" 363
"../../../Engine/Plugins/Runtime/WindowsDeviceProfileSelector/WindowsDeviceProfileSelector.uplugin" 364
"../../../Engine/Plugins/Editor/ContentBrowser/ContentBrowserAssetDataSource/ContentBrowserAssetDataSource.uplugin" 365
"../../../Engine/Plugins/Editor/ContentBrowser/ContentBrowserClassDataSource/ContentBrowserClassDataSource.uplugin" 366
"../../../Engine/Plugins/Media/LinearTimecode/LinearTimecode.uplugin" 367
"../../../Engine/Plugins/Editor/ContentBrowser/ContentBrowserFileDataSource/ContentBrowserFileDataSource.uplugin" 368
"../../../Engine/Plugins/Developer/Concert/MultiUserClient/MultiUserClient.uplugin" 369
"../../../Engine/Plugins/Developer/Concert/ConcertMain/ConcertMain.uplugin" 370
"../../../Engine/Plugins/Developer/Concert/DisasterRecoveryClient/DisasterRecoveryClient.uplugin" 371
"../../../Engine/Plugins/Experimental/Animation/MotionWarping/MotionWarping.uplugin" 372
"../../../Engine/Plugins/Experimental/Animation/PoseSearch/PoseSearch.uplugin" 373
"../../../Engine/Plugins/Experimental/Animation/MotionTrajectory/MotionTrajectory.uplugin" 374
"../../../Engine/Plugins/Experimental/Animation/ContextualAnimation/ContextualAnimation.uplugin" 375
"../../../Engine/Plugins/Experimental/Interchange/Runtime/Interchange.uplugin" 376
"../../../Engine/Plugins/Experimental/AR/PointCloud/PointCloud.uplugin" 377
"../../../Engine/Plugins/Experimental/VirtualProduction/LedWallCalibration/LedWallCalibration.uplugin" 378
"../../../Engine/Plugins/Experimental/Enterprise/DataprepGeometryOperations/DataprepGeometryOperations.uplugin" 379
"../../../Engine/Plugins/Runtime/SkeletalMerging/SkeletalMerging.uplugin" 380
"../../../Engine/Plugins/Online/Experimental/OnlineServices/OnlineServices.uplugin" 381
"../../../Engine/Plugins/Online/Experimental/OnlineServicesEOS/OnlineServicesEOS.uplugin" 382
"../../../Engine/Plugins/Experimental/Interchange/Editor/InterchangeEditor.uplugin" 383
"../../../Engine/Plugins/Online/Android/OnlineSubsystemGooglePlay/OnlineSubsystemGooglePlay.uplugin" 384
"../../../Engine/Plugins/Online/Android/OnlineSubsystemGameCircle/OnlineSubsystemGameCircle.uplugin" 385
"../../../Engine/Plugins/Editor/ContentBrowser/ContentBrowserAliasDataSoure/ContentBrowserAliasDataSource.uplugin" 386
"../../../Engine/Plugins/Online/Experimental/OnlineServicesNull/OnlineServicesNull.uplugin" 387
"../../../Engine/Plugins/Online/VoiceChat/EOSVoiceChat/EOSVoiceChat.uplugin" 388
"../../../Engine/Plugins/Online/IOS/OnlineSubsystemIOS/OnlineSubsystemIOS.uplugin" 389
"../../../Engine/Plugins/Online/VoiceChat/VoiceChat/VoiceChat.uplugin" 390
"../../../Engine/Plugins/Runtime/Advertising/IOSTapJoy/IOSTapJoy.uplugin" 391
"../../../Engine/Plugins/Runtime/Analytics/AnalyticsMulticast/AnalyticsMulticast.uplugin" 392
"../../../Engine/Plugins/Runtime/Analytics/AnalyticsBlueprintLibrary/AnalyticsBlueprintLibrary.uplugin" 393
"../../../Engine/Plugins/Runtime/Analytics/FileLogging/FileLogging.uplugin" 394
"../../../Engine/Plugins/Runtime/AR/ARUtilities/ARUtilities.uplugin" 395
"../../../Engine/Plugins/Runtime/AR/AzureSpatialAnchorsForARKit/AzureSpatialAnchorsForARKit.uplugin" 396
"../../../Engine/Plugins/Runtime/AR/AzureSpatialAnchors/AzureSpatialAnchors.uplugin" 397
"../../../Engine/Plugins/Runtime/Analytics/Adjust/Adjust.uplugin" 398
"../../../Engine/Plugins/Experimental/Enterprise/DatasmithRuntime/DatasmithRuntime.uplugin" 399
"../../../Engine/Plugins/Online/Experimental/OnlineServicesOSSAdapter/OnlineServicesOSSAdapter.uplugin" 400
"../../../Engine/Plugins/Online/Android/AndroidFetchBackgroundDownload/AndroidFetchBackgroundDownload.uplugin" 401
"../../../Engine/Plugins/Runtime/Analytics/Flurry/Flurry.uplugin" 402
"../../../Engine/Plugins/Runtime/MeshReconstruction/DummyMeshReconstructor/DummyMeshReconstructor.uplugin" 403
"../../../Engine/Plugins/Runtime/AR/AzureSpatialAnchorsForARCore/AzureSpatialAnchorsForARCore.uplugin" 404
"../../../Engine/Plugins/Runtime/Database/DatabaseSupport/DatabaseSupport.uplugin" 405
"../../../Engine/Plugins/Runtime/Database/SQLiteCore/SQLiteCore.uplugin" 406
"../../../Engine/Plugins/Runtime/Database/ADOSupport/ADOSupport.uplugin" 407
"../../../Engine/Plugins/Runtime/Database/SQLiteSupport/SQLiteSupport.uplugin" 408
"../../../Engine/Plugins/VirtualProduction/DMX/DMXDisplayCluster/DMXDisplayCluster.uplugin" 409
"../../../Engine/Plugins/VirtualProduction/DMX/DMXEngine/DMXEngine.uplugin" 410
"../../../Engine/Plugins/Runtime/Database/RemoteDatabaseSupport/RemoteDatabaseSupport.uplugin" 411
"../../../Engine/Plugins/Runtime/PacketHandlers/AESGCMHandlerComponent/AESGCMHandlerComponent.uplugin" 412
"../../../Engine/Plugins/VirtualProduction/DMX/DMXProtocol/DMXProtocol.uplugin" 413
"../../../Engine/Plugins/Runtime/PacketHandlers/AESHandlerComponent/AESHandlerComponent.uplugin" 414
"../../../Engine/Plugins/Runtime/Oculus/OculusAudio/OculusAudio.uplugin" 415
"../../../Engine/Plugins/Runtime/Steam/SteamController/SteamController.uplugin" 416
"../../../Engine/Plugins/VirtualProduction/DMX/DMXPixelMapping/DMXPixelMapping.uplugin" 417
"../../../Engine/Plugins/VirtualProduction/DMX/DMXFixtures/DMXFixtures.uplugin" 418
"../../../Engine/Plugins/Runtime/Nvidia/Reflex/Reflex.uplugin" 419
"../../../Engine/Plugins/Runtime/Steam/SteamAudio/SteamAudio.uplugin" 420
"../../../Engine/Plugins/Runtime/Steam/SteamSockets/SteamSockets.uplugin" 421
"../../../Engine/Plugins/Runtime/Steam/SteamVR/SteamVR.uplugin" 422
"../../../Engine/Plugins/Runtime/XR/XRVisualization/XRVisualization.uplugin" 423
"../../../Engine/Plugins/Runtime/Windows/WinDualShock/WinDualShock.uplugin" 424
"../../../Engine/Plugins/Developer/Concert/ConcertSync/ConcertSyncClient/ConcertSyncClient.uplugin" 425
"../../../Engine/Plugins/Runtime/AR/AzureSpatialAnchorsForWMR/AzureSpatialAnchorsForWMR.uplugin" 426
"../../../Engine/Plugins/Runtime/PacketHandlers/DTLSHandlerComponent/DTLSHandlerComponent.uplugin" 427
"../../../Engine/Plugins/Developer/Concert/ConcertSync/ConcertSyncServer/ConcertSyncServer.uplugin" 428
"../../../Engine/Plugins/Developer/Concert/ConcertSync/ConcertSyncCore/ConcertSyncCore.uplugin" 429
"../../../Engine/Plugins/Runtime/AR/AppleAR/AppleARKit/AppleARKit.uplugin" 430
"../../../Engine/Plugins/Runtime/AR/AppleAR/AppleARKitFaceSupport/AppleARKitFaceSupport.uplugin" 431
"../../../Engine/Plugins/Runtime/AR/Google/GoogleARCoreServices/GoogleARCoreServices.uplugin" 432
"../../../Engine/Plugins/Developer/Concert/ConcertSync/ConcertSyncTest/ConcertSyncTest.uplugin" 433
"../../../Engine/Plugins/Runtime/AR/Google/GoogleARCore/GoogleARCore.uplugin" 434
"../../../Engine/Plugins/Runtime/Oculus/OculusVR/OculusVR.uplugin" 435
"../../../Engine/Plugins/Runtime/Steam/SteamShared/SteamShared.uplugin" 436
"../../../Engine/Content/Internationalization/icudt64l/cnvalias.icu" 437
"../../../Engine/Content/Internationalization/icudt64l/res_index.res" 438
"../../../Engine/Content/Internationalization/icudt64l/plurals.res" 439
"../../../Engine/Content/Internationalization/icudt64l/lang/en_GB.res" 440
"../../../Engine/Content/Internationalization/icudt64l/lang/pool.res" 441
"../../../Engine/Content/Internationalization/icudt64l/lang/en_001.res" 442
"../../../Engine/Content/Internationalization/icudt64l/lang/en.res" 443
"../../../Engine/Content/Internationalization/icudt64l/lang/root.res" 444
"../../../Engine/Content/Internationalization/icudt64l/region/en_GB.res" 445
"../../../Engine/Content/Internationalization/icudt64l/region/pool.res" 446
"../../../Engine/Content/Internationalization/icudt64l/region/en.res" 447
"../../../Engine/Content/Internationalization/icudt64l/region/root.res" 448
"../../../Engine/Content/Internationalization/icudt64l/windowsZones.res" 449
"../../../Engine/Content/Internationalization/icudt64l/zoneinfo64.res" 450
"../../../Engine/Content/Internationalization/icudt64l/keyTypeData.res" 451
"../../../Engine/Content/Internationalization/icudt64l/timezoneTypes.res" 452
"../../../Engine/Content/Internationalization/icudt64l/likelySubtags.res" 453
"../../../Engine/Content/Internationalization/icudt64l/en_GB.res" 454
"../../../Engine/Content/Internationalization/icudt64l/pool.res" 455
"../../../Engine/Content/Internationalization/icudt64l/en_001.res" 456
"../../../Engine/Content/Internationalization/icudt64l/en.res" 457
"../../../Engine/Content/Internationalization/icudt64l/root.res" 458
"../../../Engine/Content/Internationalization/icudt64l/supplementalData.res" 459
"C:/Users/Jacob/AppData/Local/UnrealEngine/5.0/Saved/Config/WindowsEditor/Manifest.ini" 460
"../../../Engine/Config/Base.ini" 461
"../../../Engine/Config/BaseEngine.ini" 462
"../../../Engine/Config/Windows/BaseWindowsEngine.ini" 463
"C:/Users/Jacob/Documents/Unreal Projects/ConCat/Config/DefaultEngine.ini" 464
"../../../Engine/Config/Windows/WindowsEngine.ini" 465
"C:/Users/Jacob/Documents/Unreal Projects/ConCat/Saved/Config/WindowsEditor/Engine.ini" 466
"../../../Engine/Config/BaseGame.ini" 467
"C:/Users/Jacob/Documents/Unreal Projects/ConCat/Config/DefaultGame.ini" 468
"../../../Engine/Config/Windows/WindowsGame.ini" 469
"C:/Users/Jacob/Documents/Unreal Projects/ConCat/Saved/Config/WindowsEditor/Game.ini" 470
"../../../Engine/Config/BaseInput.ini" 471
"C:/Users/Jacob/Documents/Unreal Projects/ConCat/Config/DefaultInput.ini" 472
"C:/Users/Jacob/Documents/Unreal Projects/ConCat/Saved/Config/WindowsEditor/Input.ini" 473
"../../../Engine/Config/BaseDeviceProfiles.ini" 474
"C:/Users/Jacob/Documents/Unreal Projects/ConCat/Saved/Config/WindowsEditor/DeviceProfiles.ini" 475
"../../../Engine/Config/BaseGameUserSettings.ini" 476
"C:/Users/Jacob/Documents/Unreal Projects/ConCat/Saved/Config/WindowsEditor/GameUserSettings.ini" 477
"../../../Engine/Config/BaseScalability.ini" 478
"C:/Users/Jacob/Documents/Unreal Projects/ConCat/Saved/Config/WindowsEditor/Scalability.ini" 479
"../../../Engine/Config/BaseRuntimeOptions.ini" 480
"C:/Users/Jacob/Documents/Unreal Projects/ConCat/Saved/Config/WindowsEditor/RuntimeOptions.ini" 481
"../../../Engine/Config/BaseInstallBundle.ini" 482
"../../../Engine/Config/BaseHardware.ini" 483
"C:/Users/Jacob/Documents/Unreal Projects/ConCat/Saved/Config/WindowsEditor/Hardware.ini" 484
"../../../Engine/Config/BaseEditor.ini" 485
"C:/Users/Jacob/Documents/Unreal Projects/ConCat/Config/DefaultEditor.ini" 486
"C:/Users/Jacob/Documents/Unreal Projects/ConCat/Saved/Config/WindowsEditor/Editor.ini" 487
"../../../Engine/Config/BaseEditorPerProjectUserSettings.ini" 488
"C:/Users/Jacob/Documents/Unreal Projects/ConCat/Config/DefaultEditorPerProjectUserSettings.ini" 489
"../../../Engine/Config/Windows/WindowsEditorPerProjectUserSettings.ini" 490
"C:/Users/Jacob/Documents/Unreal Projects/ConCat/Saved/Config/WindowsEditor/EditorPerProjectUserSettings.ini" 491
"../../../Engine/Config/BaseEditorSettings.ini" 492
"C:/Users/Jacob/AppData/Local/UnrealEngine/5.0/Saved/Config/WindowsEditor/EditorSettings.ini" 493
"../../../Engine/Config/BaseEditorKeyBindings.ini" 494
"C:/Users/Jacob/AppData/Local/UnrealEngine/5.0/Saved/Config/WindowsEditor/EditorKeyBindings.ini" 495
"C:/Users/Jacob/AppData/Local/UnrealEngine/5.0/Saved/Config/WindowsEditor/EditorLayout.ini" 496
"../../../Engine/Config/BaseCompat.ini" 497
"C:/Users/Jacob/Documents/Unreal Projects/ConCat/Saved/Config/WindowsEditor/Compat.ini" 498
"../../../Engine/Config/BaseLightmass.ini" 499
"C:/Users/Jacob/Documents/Unreal Projects/ConCat/Saved/Config/WindowsEditor/Lightmass.ini" 500
"../../../Engine/Config/Android/BaseAndroidEngine.ini" 501
"../../../Engine/Config/Mac/BaseMacEngine.ini" 502
"../../../Engine/Config/IOS/BaseIOSEngine.ini" 503
"../../../Engine/Config/Linux/BaseLinuxEngine.ini" 504
"../../../Engine/Config/HoloLens/HoloLensEngine.ini" 505
"../../../Engine/Config/Android/AndroidEngine.ini" 506
"../../../Engine/Config/Mac/MacEngine.ini" 507
"../../../Engine/Config/IOS/IOSEngine.ini" 508
"C:/Users/Jacob/Documents/Unreal Projects/ConCat/Config/HoloLens/HoloLensEngine.ini" 509
"../../../Engine/Config/TVOS/TVOSEngine.ini" 510
"../../../Engine/Config/Unix/UnixEngine.ini" 511
"../../../Engine/Config/LinuxArm64/LinuxArm64Engine.ini" 512
"../../../Engine/Config/Linux/LinuxEngine.ini" 513
"C:/Users/Jacob/Documents/Unreal Projects/ConCat/Binaries/Win64/ConCat-Win64-Shipping.target" 514
"../../../Engine/Config/Android/BaseAndroidGame.ini" 515
"../../../Engine/Config/IOS/BaseIOSGame.ini" 516
"../../../Engine/Config/HoloLens/HoloLensGame.ini" 517
"../../../Engine/Config/Mac/MacGame.ini" 518
"../../../Engine/Config/IOS/IOSGame.ini" 519
"../../../Engine/Binaries/Win64/BootstrapPackagedGame-Win64-Shipping.target" 520
"../../../Engine/Binaries/Win64/BuildPatchTool-Win64-Shipping.target" 521
"../../../Engine/Binaries/Win64/CrashReportClient-Win64-Shipping.target" 522
"../../../Engine/Config/Linux/LinuxGame.ini" 523
"../../../Engine/Binaries/Win64/CrashReportClientEditor-Win64-Shipping.target" 524
"../../../Engine/Binaries/Win64/DatasmithCADWorker.target" 525
"../../../Engine/Binaries/Win64/EpicWebHelper.target" 526
"../../../Engine/Binaries/Win64/LiveCodingConsole.target" 527
"../../../Engine/Binaries/Win64/ShaderCompileWorker.target" 528
"../../../Engine/Binaries/Win64/SwitchboardListener.target" 529
"../../../Engine/Binaries/Win64/UnrealEditor-Win64-DebugGame.target" 530
"../../../Engine/Config/Android/AndroidScalability.ini" 531
"../../../Engine/Config/IOS/IOSScalability.ini" 532
"../../../Engine/Binaries/Win64/UnrealEditor.target" 533
"../../../Engine/Plugins/Animation/ControlRig/Config/BaseControlRig.ini" 534
"C:/Users/Jacob/Documents/Unreal Projects/ConCat/Saved/Config/WindowsEditor/ControlRig.ini" 535
"../../../Engine/Plugins/Animation/IKRig/Config/BaseIKRig.ini" 536
"../../../Engine/Plugins/2D/Paper2D/Config/BasePaper2D.ini" 537
"C:/Users/Jacob/Documents/Unreal Projects/ConCat/Saved/Config/WindowsEditor/Paper2D.ini" 538
"../../../Engine/Plugins/Enterprise/VariantManagerContent/Config/BaseVariantManagerContent.ini" 539
"C:/Users/Jacob/Documents/Unreal Projects/ConCat/Saved/Config/WindowsEditor/VariantManagerContent.ini" 540
"../../../Engine/Plugins/FX/Niagara/Config/BaseNiagara.ini" 541
"C:/Users/Jacob/Documents/Unreal Projects/ConCat/Saved/Config/WindowsEditor/Niagara.ini" 542
"../../../Engine/Plugins/Editor/EditorScriptingUtilities/Config/BaseEditorScriptingUtilities.ini" 543
"C:/Users/Jacob/Documents/Unreal Projects/ConCat/Saved/Config/WindowsEditor/EditorScriptingUtilities.ini" 544
"../../../Engine/Plugins/Developer/TraceDataFiltering/Config/BaseTraceDataFilters.ini" 545
"C:/Users/Jacob/Documents/Unreal Projects/ConCat/Saved/Config/WindowsEditor/TraceDataFilters.ini" 546
"../../../Engine/Plugins/FX/NiagaraFluids/Config/BaseNiagaraFluids.ini" 547
"C:/Users/Jacob/Documents/Unreal Projects/ConCat/Saved/Config/WindowsEditor/NiagaraFluids.ini" 548
"../../../Engine/Plugins/Experimental/FullBodyIK/Config/BaseFullBodyIK.ini" 549
"C:/Users/Jacob/Documents/Unreal Projects/ConCat/Saved/Config/WindowsEditor/FullBodyIK.ini" 550
"../../../Engine/Plugins/Runtime/HairStrands/Config/BaseHairStrands.ini" 551
"C:/Users/Jacob/Documents/Unreal Projects/ConCat/Saved/Config/WindowsEditor/HairStrands.ini" 552
"../../../Engine/Plugins/Runtime/Synthesis/Config/BaseSynthesis.ini" 553
"C:/Users/Jacob/Documents/Unreal Projects/ConCat/Saved/Config/WindowsEditor/Synthesis.ini" 554
"../../../Engine/Plugins/Editor/ModelingToolsEditorMode/Binaries/Win64/UnrealEditor.modules" 555
"../../../Engine/Plugins/Runtime/MeshModelingToolset/Binaries/Win64/UnrealEditor.modules" 556
"../../../Engine/Plugins/Experimental/MeshModelingToolsetExp/Binaries/Win64/UnrealEditor.modules" 557
"../../../Engine/Plugins/Experimental/MeshLODToolset/Binaries/Win64/UnrealEditor.modules" 558
"../../../Engine/Plugins/Editor/StylusInput/Binaries/Win64/UnrealEditor.modules" 559
"../../../Engine/Plugins/Runtime/GeometryProcessing/Binaries/Win64/UnrealEditor.modules" 560
"../../../Engine/Plugins/Experimental/ProxyLODPlugin/Binaries/Win64/UnrealEditor.modules" 561
"../../../Engine/Plugins/Runtime/HairStrands/Binaries/Win64/UnrealEditor.modules" 562
"../../../Engine/Plugins/Experimental/GeometryFlow/Binaries/Win64/UnrealEditor.modules" 563
"../../../Engine/Plugins/Editor/EditorScriptingUtilities/Binaries/Win64/UnrealEditor.modules" 564
"../../../Engine/Plugins/FX/Niagara/Binaries/Win64/UnrealEditor.modules" 565
"../../../Engine/Plugins/Runtime/GeometryCache/Binaries/Win64/UnrealEditor.modules" 566
"../../../Engine/Plugins/Experimental/PythonScriptPlugin/Binaries/Win64/UnrealEditor.modules" 567
"../../../Engine/Plugins/Editor/ContentBrowser/ContentBrowserFileDataSource/Binaries/Win64/UnrealEditor.modules" 568
"../../../Engine/Plugins/FX/NiagaraFluids/Binaries/Win64/UnrealEditor.modules" 569
"../../../Engine/Plugins/Bridge/Binaries/Win64/UnrealEditor.modules" 570
"../../../Engine/Plugins/FastBuildController/Binaries/Win64/UnrealEditor.modules" 571
"../../../Engine/Plugins/MeshPainting/Binaries/Win64/UnrealEditor.modules" 572
"../../../Engine/Plugins/XGEController/Binaries/Win64/UnrealEditor.modules" 573
"../../../Engine/Plugins/Animation/AnimationModifierLibrary/Binaries/Win64/UnrealEditor.modules" 574
"../../../Engine/Plugins/Animation/BlendSpaceMotionAnalysis/Binaries/Win64/UnrealEditor.modules" 575
"../../../Engine/Plugins/Animation/ControlRig/Binaries/Win64/UnrealEditor.modules" 576
"../../../Engine/Plugins/MovieScene/LevelSequenceEditor/Binaries/Win64/UnrealEditor.modules" 577
"../../../Engine/Plugins/Runtime/PropertyAccess/Binaries/Win64/UnrealEditor.modules" 578
"../../../Engine/Plugins/MovieScene/SequencerScripting/Binaries/Win64/UnrealEditor.modules" 579
"../../../Engine/Plugins/Animation/IKRig/Binaries/Win64/UnrealEditor.modules" 580
"../../../Engine/Plugins/Experimental/FullBodyIK/Binaries/Win64/UnrealEditor.modules" 581
"../../../Engine/Plugins/AI/AISupport/Binaries/Win64/UnrealEditor.modules" 582
"../../../Engine/Plugins/Developer/CLionSourceCodeAccess/Binaries/Win64/UnrealEditor.modules" 583
"../../../Engine/Plugins/Animation/ControlRigSpline/Binaries/Win64/UnrealEditor.modules" 584
"../../../Engine/Plugins/Compression/OodleNetwork/Binaries/Win64/UnrealEditor.modules" 585
"../../../Engine/Plugins/Editor/AssetManagerEditor/Binaries/Win64/UnrealEditor.modules" 586
"../../../Engine/Plugins/Cameras/CameraShakePreviewer/Binaries/Win64/UnrealEditor.modules" 587
"../../../Engine/Plugins/Cameras/GameplayCameras/Binaries/Win64/UnrealEditor.modules" 588
"../../../Engine/Plugins/MovieScene/TemplateSequence/Binaries/Win64/UnrealEditor.modules" 589
"../../../Engine/Plugins/Editor/CryptoKeys/Binaries/Win64/UnrealEditor.modules" 590
"../../../Engine/Plugins/Enterprise/DatasmithContent/Binaries/Win64/UnrealEditor.modules" 591
"../../../Engine/Plugins/Enterprise/VariantManagerContent/Binaries/Win64/UnrealEditor.modules" 592
"../../../Engine/Plugins/2D/Paper2D/Binaries/Win64/UnrealEditor.modules" 593
"../../../Engine/Plugins/Developer/AnimationSharing/Binaries/Win64/UnrealEditor.modules" 594
"../../../Engine/Plugins/Runtime/SignificanceManager/Binaries/Win64/UnrealEditor.modules" 595
"../../../Engine/Plugins/Developer/GitSourceControl/Binaries/Win64/UnrealEditor.modules" 596
"../../../Engine/Plugins/AI/EnvironmentQueryEditor/Binaries/Win64/UnrealEditor.modules" 597
"../../../Engine/Plugins/Developer/PerforceSourceControl/Binaries/Win64/UnrealEditor.modules" 598
"../../../Engine/Plugins/Developer/PropertyAccessNode/Binaries/Win64/UnrealEditor.modules" 599
"../../../Engine/Plugins/Developer/PlasticSourceControl/Binaries/Win64/UnrealEditor.modules" 600
"../../../Engine/Plugins/Developer/PluginUtils/Binaries/Win64/UnrealEditor.modules" 601
"../../../Engine/Plugins/Editor/DataValidation/Binaries/Win64/UnrealEditor.modules" 602
"../../../Engine/Plugins/Editor/CurveEditorTools/Binaries/Win64/UnrealEditor.modules" 603
"../../../Engine/Plugins/Developer/RiderSourceCodeAccess/Binaries/Win64/UnrealEditor.modules" 604
"../../../Engine/Plugins/Developer/SubversionSourceControl/Binaries/Win64/UnrealEditor.modules" 605
"../../../Engine/Plugins/Editor/EditorDebugTools/Binaries/Win64/UnrealEditor.modules" 606
"../../../Engine/Plugins/Developer/PixWinPlugin/Binaries/Win64/UnrealEditor.modules" 607
"../../../Engine/Plugins/Editor/FacialAnimation/Binaries/Win64/UnrealEditor.modules" 608
"../../../Engine/Plugins/Editor/GameplayTagsEditor/Binaries/Win64/UnrealEditor.modules" 609
"../../../Engine/Plugins/Editor/GeometryMode/Binaries/Win64/UnrealEditor.modules" 610
"../../../Engine/Plugins/Developer/TraceDataFiltering/Binaries/Win64/UnrealEditor.modules" 611
"../../../Engine/Plugins/Editor/MaterialAnalyzer/Binaries/Win64/UnrealEditor.modules" 612
"../../../Engine/Plugins/Editor/MobileLauncherProfileWizard/Binaries/Win64/UnrealEditor.modules" 613
"../../../Engine/Plugins/Editor/PluginBrowser/Binaries/Win64/UnrealEditor.modules" 614
"../../../Engine/Plugins/Editor/SpeedTreeImporter/Binaries/Win64/UnrealEditor.modules" 615
"../../../Engine/Plugins/Editor/WorldPartitionHLODUtilities/Binaries/Win64/UnrealEditor.modules" 616
"../../../Engine/Plugins/Developer/UObjectPlugin/Binaries/Win64/UnrealEditor.modules" 617
"../../../Engine/Plugins/Developer/VisualStudioCodeSourceCodeAccess/Binaries/Win64/UnrealEditor.modules" 618
"../../../Engine/Plugins/Importers/AlembicImporter/Binaries/Win64/UnrealEditor.modules" 619
"../../../Engine/Plugins/Developer/VisualStudioSourceCodeAccess/Binaries/Win64/UnrealEditor.modules" 620
"../../../Engine/Plugins/Experimental/BackChannel/Binaries/Win64/UnrealEditor.modules" 621
"../../../Engine/Plugins/Experimental/AutomationUtils/Binaries/Win64/UnrealEditor.modules" 622
"../../../Engine/Plugins/Editor/SequencerAnimTools/Binaries/Win64/UnrealEditor.modules" 623
"../../../Engine/Plugins/Experimental/ChaosClothEditor/Binaries/Win64/UnrealEditor.modules" 624
"../../../Engine/Plugins/Experimental/ChaosCloth/Binaries/Win64/UnrealEditor.modules" 625
"../../../Engine/Plugins/Experimental/ChaosEditor/Binaries/Win64/UnrealEditor.modules" 626
"../../../Engine/Plugins/Experimental/PlanarCutPlugin/Binaries/Win64/UnrealEditor.modules" 627
"../../../Engine/Plugins/Experimental/GeometryCollectionPlugin/Binaries/Win64/UnrealEditor.modules" 628
"../../../Engine/Plugins/Runtime/ProceduralMeshComponent/Binaries/Win64/UnrealEditor.modules" 629
"../../../Engine/Plugins/Experimental/ChaosSolverPlugin/Binaries/Win64/UnrealEditor.modules" 630
"../../../Engine/Plugins/Experimental/ChaosNiagara/Binaries/Win64/UnrealEditor.modules" 631
"../../../Engine/Plugins/Experimental/CharacterAI/Binaries/Win64/UnrealEditor.modules" 632
"../../../Engine/Plugins/Messaging/UdpMessaging/Binaries/Win64/UnrealEditor.modules" 633
"../../../Engine/Plugins/Messaging/TcpMessaging/Binaries/Win64/UnrealEditor.modules" 634
"../../../Engine/Plugins/Developer/TextureFormatOodle/Binaries/Win64/UnrealEditor.modules" 635
"../../../Engine/Plugins/Experimental/OpenImageDenoise/Binaries/Win64/UnrealEditor.modules" 636
"../../../Engine/Plugins/Experimental/PlatformCrypto/Binaries/Win64/UnrealEditor.modules" 637
"../../../Engine/Plugins/Experimental/SkeletalReduction/Binaries/Win64/UnrealEditor.modules" 638
"../../../Engine/Plugins/Online/OnlineBase/Binaries/Win64/UnrealEditor.modules" 639
"../../../Engine/Plugins/MovieScene/ActorSequence/Binaries/Win64/UnrealEditor.modules" 640
"../../../Engine/Plugins/MovieScene/MatineeToLevelSequence/Binaries/Win64/UnrealEditor.modules" 641
"../../../Engine/Plugins/Online/OnlineSubsystem/Binaries/Win64/UnrealEditor.modules" 642
"../../../Engine/Plugins/Online/OnlineSubsystemNull/Binaries/Win64/UnrealEditor.modules" 643
"../../../Engine/Plugins/Online/OnlineSubsystemUtils/Binaries/Win64/UnrealEditor.modules" 644
"../../../Engine/Plugins/Online/Experimental/OnlineServices/Binaries/Win64/UnrealEditor.modules" 645
"../../../Engine/Plugins/Runtime/ActorLayerUtilities/Binaries/Win64/UnrealEditor.modules" 646
"../../../Engine/Plugins/Runtime/AndroidFileServer/Binaries/Win64/UnrealEditor.modules" 647
"../../../Engine/Plugins/Runtime/AndroidPermission/Binaries/Win64/UnrealEditor.modules" 648
"../../../Engine/Plugins/Runtime/AndroidDeviceProfileSelector/Binaries/Win64/UnrealEditor.modules" 649
"../../../Engine/Plugins/Runtime/ArchVisCharacter/Binaries/Win64/UnrealEditor.modules" 650
"../../../Engine/Plugins/Runtime/AssetTags/Binaries/Win64/UnrealEditor.modules" 651
"../../../Engine/Plugins/Portal/LauncherChunkInstaller/Binaries/Win64/UnrealEditor.modules" 652
"../../../Engine/Plugins/Runtime/AppleImageUtils/Binaries/Win64/UnrealEditor.modules" 653
"../../../Engine/Plugins/Runtime/AudioCapture/Binaries/Win64/UnrealEditor.modules" 654
"../../../Engine/Plugins/Runtime/CableComponent/Binaries/Win64/UnrealEditor.modules" 655
"../../../Engine/Plugins/Runtime/CustomMeshComponent/Binaries/Win64/UnrealEditor.modules" 656
"../../../Engine/Plugins/Runtime/ChunkDownloader/Binaries/Win64/UnrealEditor.modules" 657
"../../../Engine/Plugins/Runtime/ExampleDeviceProfileSelector/Binaries/Win64/UnrealEditor.modules" 658
"../../../Engine/Plugins/Runtime/GooglePAD/Binaries/Win64/UnrealEditor.modules" 659
"../../../Engine/Plugins/Runtime/LocationServicesBPLibrary/Binaries/Win64/UnrealEditor.modules" 660
"../../../Engine/Plugins/Runtime/MobilePatchingUtils/Binaries/Win64/UnrealEditor.modules" 661
"../../../Engine/Plugins/Runtime/ResonanceAudio/Binaries/Win64/UnrealEditor.modules" 662
"../../../Engine/Plugins/Runtime/RuntimePhysXCooking/Binaries/Win64/UnrealEditor.modules" 663
"../../../Engine/Plugins/Runtime/SoundFields/Binaries/Win64/UnrealEditor.modules" 664
"../../../Engine/Plugins/Runtime/Synthesis/Binaries/Win64/UnrealEditor.modules" 665
"../../../Engine/Plugins/Runtime/AudioSynesthesia/Binaries/Win64/UnrealEditor.modules" 666
"../../../Engine/Plugins/Runtime/WebMMoviePlayer/Binaries/Win64/UnrealEditor.modules" 667
"../../../Engine/Plugins/Media/WebMMedia/Binaries/Win64/UnrealEditor.modules" 668
"../../../Engine/Plugins/Runtime/WindowsMoviePlayer/Binaries/Win64/UnrealEditor.modules" 669
"../../../Engine/Plugins/Media/AndroidMedia/Binaries/Win64/UnrealEditor.modules" 670
"../../../Engine/Plugins/Media/ImgMedia/Binaries/Win64/UnrealEditor.modules" 671
"../../../Engine/Plugins/Media/MediaPlayerEditor/Binaries/Win64/UnrealEditor.modules" 672
"../../../Engine/Plugins/Media/MediaCompositing/Binaries/Win64/UnrealEditor.modules" 673
"../../../Engine/Plugins/Media/WmfMedia/Binaries/Win64/UnrealEditor.modules" 674
"../../../Engine/Plugins/Media/AvfMedia/Binaries/Win64/UnrealEditor.modules" 675
"../../../Engine/Plugins/Runtime/WindowsDeviceProfileSelector/Binaries/Win64/UnrealEditor.modules" 676
"../../../Engine/Plugins/Editor/ContentBrowser/ContentBrowserAssetDataSource/Binaries/Win64/UnrealEditor.modules" 677
"../../../Engine/Plugins/Editor/ContentBrowser/ContentBrowserClassDataSource/Binaries/Win64/UnrealEditor.modules" 678
"../../../Engine/Plugins/Experimental/Interchange/Editor/Binaries/Win64/UnrealEditor.modules" 679
"../../../Engine/Plugins/Experimental/Interchange/Runtime/Binaries/Win64/UnrealEditor.modules" 680
"C:/Users/Jacob/AppData/Local/UnrealEngine/5.0/Saved/Config/WindowsEditor/SourceControlSettings.ini" 681
"C:/Users/Jacob/Documents/Unreal Projects/ConCat/Saved/Config/WindowsEditor/SourceControlSettings.ini" 682
"../../../Engine/Content/Certificates/ThirdParty/cacert.pem" 683
"../../../Engine/Config/ConsoleVariables.ini" 684
"../../../Engine/Binaries/Win64/Android/UnrealEditor.modules" 685
"../../../Engine/Binaries/Win64/IOS/UnrealEditor.modules" 686
"../../../Engine/Binaries/Win64/Linux/UnrealEditor.modules" 687
"../../../Engine/Binaries/Win64/LinuxArm64/UnrealEditor.modules" 688
"J:\Program Files\UE_5.0\Engine\Binaries\ThirdParty\ShaderConductor\Win64\dxcompiler.dll" 689
"J:\Program Files\UE_5.0\Engine\Binaries\ThirdParty\ShaderConductor\Win64\dxil.dll" 690
"J:\Program Files\UE_5.0\Engine\Binaries\ThirdParty\ShaderConductor\Win64\ShaderConductor.dll" 691
"../../../Engine/Content/Localization/Editor/en/Editor.locres" 692
"../../../Engine/Content/Localization/EditorTutorials/en/EditorTutorials.locres" 693
"../../../Engine/Content/Localization/Keywords/en/Keywords.locres" 694
"../../../Engine/Content/Localization/Category/en/Category.locres" 695
"../../../Engine/Content/Localization/ToolTips/en/ToolTips.locres" 696
"../../../Engine/Content/Localization/PropertyNames/en/PropertyNames.locres" 697
"../../../Engine/Content/Localization/Engine/en/Engine.locres" 698
"../../../Engine/Plugins/Online/OnlineSubsystem/Content/Localization/OnlineSubsystem/en/OnlineSubsystem.locres" 699
"../../../Engine/Plugins/Online/OnlineSubsystemUtils/Content/Localization/OnlineSubsystemUtils/en/OnlineSubsystemUtils.locres" 700
"../../../Engine/Plugins/Online/Android/OnlineSubsystemGooglePlay/Content/Localization/OnlineSubsystemGooglePlay/en/OnlineSubsystemGooglePlay.locres" 701
"../../../Engine/Plugins/Online/IOS/OnlineSubsystemIOS/Content/Localization/OnlineSubsystemIOS/en/OnlineSubsystemIOS.locres" 702
"../../../Engine/Content/Internationalization/icudt64l/numberingSystems.res" 703
"../../../Engine/Content/Internationalization/icudt64l/curr/supplementalData.res" 704
"../../../Engine/Content/Internationalization/icudt64l/curr/en_GB.res" 705
"../../../Engine/Content/Internationalization/icudt64l/curr/pool.res" 706
"../../../Engine/Content/Internationalization/icudt64l/curr/en_001.res" 707
"../../../Engine/Content/Internationalization/icudt64l/curr/en.res" 708
"../../../Engine/Content/Internationalization/icudt64l/curr/root.res" 709
"../../../Engine/Content/Internationalization/icudt64l/lang/af.res" 710
"../../../Engine/Content/Internationalization/icudt64l/region/af.res" 711
"../../../Engine/Content/Internationalization/icudt64l/lang/agq.res" 712
"../../../Engine/Content/Internationalization/icudt64l/region/agq.res" 713
"../../../Engine/Content/Internationalization/icudt64l/lang/ak.res" 714
"../../../Engine/Content/Internationalization/icudt64l/region/ak.res" 715
"../../../Engine/Content/Internationalization/icudt64l/lang/am.res" 716
"../../../Engine/Content/Internationalization/icudt64l/region/am.res" 717
"../../../Engine/Content/Internationalization/icudt64l/lang/ar.res" 718
"../../../Engine/Content/Internationalization/icudt64l/region/ar.res" 719
"../../../Engine/Content/Internationalization/icudt64l/region/ar_AE.res" 720
"../../../Engine/Content/Internationalization/icudt64l/lang/ar_EG.res" 721
"../../../Engine/Content/Internationalization/icudt64l/lang/ar_LY.res" 722
"../../../Engine/Content/Internationalization/icudt64l/region/ar_LY.res" 723
"../../../Engine/Content/Internationalization/icudt64l/lang/ar_SA.res" 724
"../../../Engine/Content/Internationalization/icudt64l/region/ar_SA.res" 725
"../../../Engine/Content/Internationalization/icudt64l/lang/as.res" 726
"../../../Engine/Content/Internationalization/icudt64l/region/as.res" 727
"../../../Engine/Content/Internationalization/icudt64l/lang/asa.res" 728
"../../../Engine/Content/Internationalization/icudt64l/region/asa.res" 729
"../../../Engine/Content/Internationalization/icudt64l/lang/ast.res" 730
"../../../Engine/Content/Internationalization/icudt64l/region/ast.res" 731
"../../../Engine/Content/Internationalization/icudt64l/lang/az.res" 732
"../../../Engine/Content/Internationalization/icudt64l/lang/az_Cyrl.res" 733
"../../../Engine/Content/Internationalization/icudt64l/lang/az_AZ.res" 734
"../../../Engine/Content/Internationalization/icudt64l/lang/az_Latn_AZ.res" 735
"../../../Engine/Content/Internationalization/icudt64l/lang/az_Latn.res" 736
"../../../Engine/Content/Internationalization/icudt64l/region/az_AZ.res" 737
"../../../Engine/Content/Internationalization/icudt64l/region/az_Latn_AZ.res" 738
"../../../Engine/Content/Internationalization/icudt64l/region/az_Latn.res" 739
"../../../Engine/Content/Internationalization/icudt64l/region/az.res" 740
"../../../Engine/Content/Internationalization/icudt64l/region/az_Cyrl.res" 741
"../../../Engine/Content/Internationalization/icudt64l/lang/bas.res" 742
"../../../Engine/Content/Internationalization/icudt64l/region/bas.res" 743
"../../../Engine/Content/Internationalization/icudt64l/lang/be.res" 744
"../../../Engine/Content/Internationalization/icudt64l/region/be.res" 745
"../../../Engine/Content/Internationalization/icudt64l/lang/bem.res" 746
"../../../Engine/Content/Internationalization/icudt64l/region/bem.res" 747
"../../../Engine/Content/Internationalization/icudt64l/lang/bez.res" 748
"../../../Engine/Content/Internationalization/icudt64l/region/bez.res" 749
"../../../Engine/Content/Internationalization/icudt64l/lang/bg.res" 750
"../../../Engine/Content/Internationalization/icudt64l/region/bg.res" 751
"../../../Engine/Content/Internationalization/icudt64l/lang/bm.res" 752
"../../../Engine/Content/Internationalization/icudt64l/region/bm.res" 753
"../../../Engine/Content/Internationalization/icudt64l/lang/bn.res" 754
"../../../Engine/Content/Internationalization/icudt64l/region/bn.res" 755
"../../../Engine/Content/Internationalization/icudt64l/lang/bn_IN.res" 756
"../../../Engine/Content/Internationalization/icudt64l/region/bn_IN.res" 757
"../../../Engine/Content/Internationalization/icudt64l/lang/bo.res" 758
"../../../Engine/Content/Internationalization/icudt64l/region/bo.res" 759
"../../../Engine/Content/Internationalization/icudt64l/region/bo_IN.res" 760
"../../../Engine/Content/Internationalization/icudt64l/lang/br.res" 761
"../../../Engine/Content/Internationalization/icudt64l/region/br.res" 762
"../../../Engine/Content/Internationalization/icudt64l/lang/brx.res" 763
"../../../Engine/Content/Internationalization/icudt64l/region/brx.res" 764
"../../../Engine/Content/Internationalization/icudt64l/lang/bs.res" 765
"../../../Engine/Content/Internationalization/icudt64l/lang/bs_Cyrl.res" 766
"../../../Engine/Content/Internationalization/icudt64l/lang/bs_BA.res" 767
"../../../Engine/Content/Internationalization/icudt64l/lang/bs_Latn_BA.res" 768
"../../../Engine/Content/Internationalization/icudt64l/lang/bs_Latn.res" 769
"../../../Engine/Content/Internationalization/icudt64l/region/bs_BA.res" 770
"../../../Engine/Content/Internationalization/icudt64l/region/bs_Latn_BA.res" 771
"../../../Engine/Content/Internationalization/icudt64l/region/bs_Latn.res" 772
"../../../Engine/Content/Internationalization/icudt64l/region/bs.res" 773
"../../../Engine/Content/Internationalization/icudt64l/region/bs_Cyrl.res" 774
"../../../Engine/Content/Internationalization/icudt64l/lang/ca.res" 775
"../../../Engine/Content/Internationalization/icudt64l/region/ca.res" 776
"../../../Engine/Content/Internationalization/icudt64l/lang/ccp.res" 777
"../../../Engine/Content/Internationalization/icudt64l/region/ccp.res" 778
"../../../Engine/Content/Internationalization/icudt64l/lang/ce.res" 779
"../../../Engine/Content/Internationalization/icudt64l/region/ce.res" 780
"../../../Engine/Content/Internationalization/icudt64l/lang/ceb.res" 781
"../../../Engine/Content/Internationalization/icudt64l/region/ceb.res" 782
"../../../Engine/Content/Internationalization/icudt64l/lang/cgg.res" 783
"../../../Engine/Content/Internationalization/icudt64l/region/cgg.res" 784
"../../../Engine/Content/Internationalization/icudt64l/lang/chr.res" 785
"../../../Engine/Content/Internationalization/icudt64l/region/chr.res" 786
"../../../Engine/Content/Internationalization/icudt64l/lang/ckb.res" 787
"../../../Engine/Content/Internationalization/icudt64l/region/ckb.res" 788
"../../../Engine/Content/Internationalization/icudt64l/lang/cs.res" 789
"../../../Engine/Content/Internationalization/icudt64l/region/cs.res" 790
"../../../Engine/Content/Internationalization/icudt64l/lang/cy.res" 791
"../../../Engine/Content/Internationalization/icudt64l/region/cy.res" 792
"../../../Engine/Content/Internationalization/icudt64l/lang/da.res" 793
"../../../Engine/Content/Internationalization/icudt64l/region/da.res" 794
"../../../Engine/Content/Internationalization/icudt64l/lang/dav.res" 795
"../../../Engine/Content/Internationalization/icudt64l/region/dav.res" 796
"../../../Engine/Content/Internationalization/icudt64l/lang/de.res" 797
"../../../Engine/Content/Internationalization/icudt64l/lang/de_AT.res" 798
"../../../Engine/Content/Internationalization/icudt64l/region/de_AT.res" 799
"../../../Engine/Content/Internationalization/icudt64l/region/de.res" 800
"../../../Engine/Content/Internationalization/icudt64l/lang/de_CH.res" 801
"../../../Engine/Content/Internationalization/icudt64l/region/de_CH.res" 802
"../../../Engine/Content/Internationalization/icudt64l/lang/de_LU.res" 803
"../../../Engine/Content/Internationalization/icudt64l/lang/dje.res" 804
"../../../Engine/Content/Internationalization/icudt64l/region/dje.res" 805
"../../../Engine/Content/Internationalization/icudt64l/lang/dsb.res" 806
"../../../Engine/Content/Internationalization/icudt64l/region/dsb.res" 807
"../../../Engine/Content/Internationalization/icudt64l/lang/dua.res" 808
"../../../Engine/Content/Internationalization/icudt64l/region/dua.res" 809
"../../../Engine/Content/Internationalization/icudt64l/lang/dyo.res" 810
"../../../Engine/Content/Internationalization/icudt64l/region/dyo.res" 811
"../../../Engine/Content/Internationalization/icudt64l/lang/dz.res" 812
"../../../Engine/Content/Internationalization/icudt64l/region/dz.res" 813
"../../../Engine/Content/Internationalization/icudt64l/lang/ebu.res" 814
"../../../Engine/Content/Internationalization/icudt64l/region/ebu.res" 815
"../../../Engine/Content/Internationalization/icudt64l/lang/ee.res" 816
"../../../Engine/Content/Internationalization/icudt64l/region/ee.res" 817
"../../../Engine/Content/Internationalization/icudt64l/lang/el.res" 818
"../../../Engine/Content/Internationalization/icudt64l/region/el.res" 819
"../../../Engine/Content/Internationalization/icudt64l/lang/en_150.res" 820
"../../../Engine/Content/Internationalization/icudt64l/region/en_150.res" 821
"../../../Engine/Content/Internationalization/icudt64l/lang/en_AG.res" 822
"../../../Engine/Content/Internationalization/icudt64l/region/en_AG.res" 823
"../../../Engine/Content/Internationalization/icudt64l/lang/en_AI.res" 824
"../../../Engine/Content/Internationalization/icudt64l/region/en_AI.res" 825
"../../../Engine/Content/Internationalization/icudt64l/lang/en_AT.res" 826
"../../../Engine/Content/Internationalization/icudt64l/region/en_AT.res" 827
"../../../Engine/Content/Internationalization/icudt64l/lang/en_AU.res" 828
"../../../Engine/Content/Internationalization/icudt64l/region/en_AU.res" 829
"../../../Engine/Content/Internationalization/icudt64l/lang/en_BB.res" 830
"../../../Engine/Content/Internationalization/icudt64l/region/en_BB.res" 831
"../../../Engine/Content/Internationalization/icudt64l/lang/en_BE.res" 832
"../../../Engine/Content/Internationalization/icudt64l/region/en_BE.res" 833
"../../../Engine/Content/Internationalization/icudt64l/lang/en_BM.res" 834
"../../../Engine/Content/Internationalization/icudt64l/region/en_BM.res" 835
"../../../Engine/Content/Internationalization/icudt64l/lang/en_BS.res" 836
"../../../Engine/Content/Internationalization/icudt64l/region/en_BS.res" 837
"../../../Engine/Content/Internationalization/icudt64l/lang/en_BW.res" 838
"../../../Engine/Content/Internationalization/icudt64l/region/en_BW.res" 839
"../../../Engine/Content/Internationalization/icudt64l/lang/en_BZ.res" 840
"../../../Engine/Content/Internationalization/icudt64l/region/en_BZ.res" 841
"../../../Engine/Content/Internationalization/icudt64l/lang/en_CA.res" 842
"../../../Engine/Content/Internationalization/icudt64l/region/en_CA.res" 843
"../../../Engine/Content/Internationalization/icudt64l/lang/en_CC.res" 844
"../../../Engine/Content/Internationalization/icudt64l/region/en_CC.res" 845
"../../../Engine/Content/Internationalization/icudt64l/lang/en_CH.res" 846
"../../../Engine/Content/Internationalization/icudt64l/region/en_CH.res" 847
"../../../Engine/Content/Internationalization/icudt64l/lang/en_CK.res" 848
"../../../Engine/Content/Internationalization/icudt64l/region/en_CK.res" 849
"../../../Engine/Content/Internationalization/icudt64l/lang/en_CM.res" 850
"../../../Engine/Content/Internationalization/icudt64l/region/en_CM.res" 851
"../../../Engine/Content/Internationalization/icudt64l/lang/en_CX.res" 852
"../../../Engine/Content/Internationalization/icudt64l/region/en_CX.res" 853
"../../../Engine/Content/Internationalization/icudt64l/lang/en_CY.res" 854
"../../../Engine/Content/Internationalization/icudt64l/region/en_CY.res" 855
"../../../Engine/Content/Internationalization/icudt64l/lang/en_DE.res" 856
"../../../Engine/Content/Internationalization/icudt64l/region/en_DE.res" 857
"../../../Engine/Content/Internationalization/icudt64l/lang/en_DG.res" 858
"../../../Engine/Content/Internationalization/icudt64l/region/en_DG.res" 859
"../../../Engine/Content/Internationalization/icudt64l/lang/en_DK.res" 860
"../../../Engine/Content/Internationalization/icudt64l/region/en_DK.res" 861
"../../../Engine/Content/Internationalization/icudt64l/lang/en_DM.res" 862
"../../../Engine/Content/Internationalization/icudt64l/region/en_DM.res" 863
"../../../Engine/Content/Internationalization/icudt64l/lang/en_ER.res" 864
"../../../Engine/Content/Internationalization/icudt64l/region/en_ER.res" 865
"../../../Engine/Content/Internationalization/icudt64l/lang/en_FI.res" 866
"../../../Engine/Content/Internationalization/icudt64l/region/en_FI.res" 867
"../../../Engine/Content/Internationalization/icudt64l/lang/en_FJ.res" 868
"../../../Engine/Content/Internationalization/icudt64l/region/en_FJ.res" 869
"../../../Engine/Content/Internationalization/icudt64l/lang/en_FK.res" 870
"../../../Engine/Content/Internationalization/icudt64l/region/en_FK.res" 871
"../../../Engine/Content/Internationalization/icudt64l/lang/en_FM.res" 872
"../../../Engine/Content/Internationalization/icudt64l/region/en_FM.res" 873
"../../../Engine/Content/Internationalization/icudt64l/lang/en_GD.res" 874
"../../../Engine/Content/Internationalization/icudt64l/region/en_GD.res" 875
"../../../Engine/Content/Internationalization/icudt64l/lang/en_GG.res" 876
"../../../Engine/Content/Internationalization/icudt64l/region/en_GG.res" 877
"../../../Engine/Content/Internationalization/icudt64l/lang/en_GH.res" 878
"../../../Engine/Content/Internationalization/icudt64l/region/en_GH.res" 879
"../../../Engine/Content/Internationalization/icudt64l/lang/en_GI.res" 880
"../../../Engine/Content/Internationalization/icudt64l/region/en_GI.res" 881
"../../../Engine/Content/Internationalization/icudt64l/lang/en_GM.res" 882
"../../../Engine/Content/Internationalization/icudt64l/region/en_GM.res" 883
"../../../Engine/Content/Internationalization/icudt64l/lang/en_GY.res" 884
"../../../Engine/Content/Internationalization/icudt64l/region/en_GY.res" 885
"../../../Engine/Content/Internationalization/icudt64l/lang/en_HK.res" 886
"../../../Engine/Content/Internationalization/icudt64l/region/en_HK.res" 887
"../../../Engine/Content/Internationalization/icudt64l/lang/en_IE.res" 888
"../../../Engine/Content/Internationalization/icudt64l/region/en_IE.res" 889
"../../../Engine/Content/Internationalization/icudt64l/lang/en_IL.res" 890
"../../../Engine/Content/Internationalization/icudt64l/region/en_IL.res" 891
"../../../Engine/Content/Internationalization/icudt64l/lang/en_IM.res" 892
"../../../Engine/Content/Internationalization/icudt64l/region/en_IM.res" 893
"../../../Engine/Content/Internationalization/icudt64l/lang/en_IN.res" 894
"../../../Engine/Content/Internationalization/icudt64l/region/en_IN.res" 895
"../../../Engine/Content/Internationalization/icudt64l/lang/en_IO.res" 896
"../../../Engine/Content/Internationalization/icudt64l/region/en_IO.res" 897
"../../../Engine/Content/Internationalization/icudt64l/lang/en_JE.res" 898
"../../../Engine/Content/Internationalization/icudt64l/region/en_JE.res" 899
"../../../Engine/Content/Internationalization/icudt64l/lang/en_JM.res" 900
"../../../Engine/Content/Internationalization/icudt64l/region/en_JM.res" 901
"../../../Engine/Content/Internationalization/icudt64l/lang/en_KE.res" 902
"../../../Engine/Content/Internationalization/icudt64l/region/en_KE.res" 903
"../../../Engine/Content/Internationalization/icudt64l/lang/en_KI.res" 904
"../../../Engine/Content/Internationalization/icudt64l/region/en_KI.res" 905
"../../../Engine/Content/Internationalization/icudt64l/lang/en_KN.res" 906
"../../../Engine/Content/Internationalization/icudt64l/region/en_KN.res" 907
"../../../Engine/Content/Internationalization/icudt64l/lang/en_KY.res" 908
"../../../Engine/Content/Internationalization/icudt64l/region/en_KY.res" 909
"../../../Engine/Content/Internationalization/icudt64l/lang/en_LC.res" 910
"../../../Engine/Content/Internationalization/icudt64l/region/en_LC.res" 911
"../../../Engine/Content/Internationalization/icudt64l/lang/en_LR.res" 912
"../../../Engine/Content/Internationalization/icudt64l/region/en_LR.res" 913
"../../../Engine/Content/Internationalization/icudt64l/lang/en_LS.res" 914
"../../../Engine/Content/Internationalization/icudt64l/region/en_LS.res" 915
"../../../Engine/Content/Internationalization/icudt64l/lang/en_MG.res" 916
"../../../Engine/Content/Internationalization/icudt64l/region/en_MG.res" 917
"../../../Engine/Content/Internationalization/icudt64l/lang/en_MO.res" 918
"../../../Engine/Content/Internationalization/icudt64l/region/en_MO.res" 919
"../../../Engine/Content/Internationalization/icudt64l/lang/en_MS.res" 920
"../../../Engine/Content/Internationalization/icudt64l/region/en_MS.res" 921
"../../../Engine/Content/Internationalization/icudt64l/lang/en_MT.res" 922
"../../../Engine/Content/Internationalization/icudt64l/region/en_MT.res" 923
"../../../Engine/Content/Internationalization/icudt64l/lang/en_MU.res" 924
"../../../Engine/Content/Internationalization/icudt64l/region/en_MU.res" 925
"../../../Engine/Content/Internationalization/icudt64l/lang/en_MW.res" 926
"../../../Engine/Content/Internationalization/icudt64l/region/en_MW.res" 927
"../../../Engine/Content/Internationalization/icudt64l/lang/en_MY.res" 928
"../../../Engine/Content/Internationalization/icudt64l/region/en_MY.res" 929
"../../../Engine/Content/Internationalization/icudt64l/lang/en_NA.res" 930
"../../../Engine/Content/Internationalization/icudt64l/region/en_NA.res" 931
"../../../Engine/Content/Internationalization/icudt64l/lang/en_NF.res" 932
"../../../Engine/Content/Internationalization/icudt64l/region/en_NF.res" 933
"../../../Engine/Content/Internationalization/icudt64l/lang/en_NG.res" 934
"../../../Engine/Content/Internationalization/icudt64l/region/en_NG.res" 935
"../../../Engine/Content/Internationalization/icudt64l/lang/en_NL.res" 936
"../../../Engine/Content/Internationalization/icudt64l/region/en_NL.res" 937
"../../../Engine/Content/Internationalization/icudt64l/lang/en_NR.res" 938
"../../../Engine/Content/Internationalization/icudt64l/region/en_NR.res" 939
"../../../Engine/Content/Internationalization/icudt64l/lang/en_NU.res" 940
"../../../Engine/Content/Internationalization/icudt64l/region/en_NU.res" 941
"../../../Engine/Content/Internationalization/icudt64l/lang/en_NZ.res" 942
"../../../Engine/Content/Internationalization/icudt64l/region/en_NZ.res" 943
"../../../Engine/Content/Internationalization/icudt64l/lang/en_PG.res" 944
"../../../Engine/Content/Internationalization/icudt64l/region/en_PG.res" 945
"../../../Engine/Content/Internationalization/icudt64l/lang/en_PH.res" 946
"../../../Engine/Content/Internationalization/icudt64l/region/en_PH.res" 947
"../../../Engine/Content/Internationalization/icudt64l/lang/en_PK.res" 948
"../../../Engine/Content/Internationalization/icudt64l/region/en_PK.res" 949
"../../../Engine/Content/Internationalization/icudt64l/lang/en_PN.res" 950
"../../../Engine/Content/Internationalization/icudt64l/region/en_PN.res" 951
"../../../Engine/Content/Internationalization/icudt64l/lang/en_PW.res" 952
"../../../Engine/Content/Internationalization/icudt64l/region/en_PW.res" 953
"../../../Engine/Content/Internationalization/icudt64l/lang/en_RW.res" 954
"../../../Engine/Content/Internationalization/icudt64l/region/en_RW.res" 955
"../../../Engine/Content/Internationalization/icudt64l/lang/en_SB.res" 956
"../../../Engine/Content/Internationalization/icudt64l/region/en_SB.res" 957
"../../../Engine/Content/Internationalization/icudt64l/lang/en_SC.res" 958
"../../../Engine/Content/Internationalization/icudt64l/region/en_SC.res" 959
"../../../Engine/Content/Internationalization/icudt64l/lang/en_SD.res" 960
"../../../Engine/Content/Internationalization/icudt64l/region/en_SD.res" 961
"../../../Engine/Content/Internationalization/icudt64l/lang/en_SE.res" 962
"../../../Engine/Content/Internationalization/icudt64l/region/en_SE.res" 963
"../../../Engine/Content/Internationalization/icudt64l/lang/en_SG.res" 964
"../../../Engine/Content/Internationalization/icudt64l/region/en_SG.res" 965
"../../../Engine/Content/Internationalization/icudt64l/lang/en_SH.res" 966
"../../../Engine/Content/Internationalization/icudt64l/region/en_SH.res" 967
"../../../Engine/Content/Internationalization/icudt64l/lang/en_SI.res" 968
"../../../Engine/Content/Internationalization/icudt64l/region/en_SI.res" 969
"../../../Engine/Content/Internationalization/icudt64l/lang/en_SL.res" 970
"../../../Engine/Content/Internationalization/icudt64l/region/en_SL.res" 971
"../../../Engine/Content/Internationalization/icudt64l/lang/en_SS.res" 972
"../../../Engine/Content/Internationalization/icudt64l/region/en_SS.res" 973
"../../../Engine/Content/Internationalization/icudt64l/lang/en_SX.res" 974
"../../../Engine/Content/Internationalization/icudt64l/region/en_SX.res" 975
"../../../Engine/Content/Internationalization/icudt64l/lang/en_SZ.res" 976
"../../../Engine/Content/Internationalization/icudt64l/region/en_SZ.res" 977
"../../../Engine/Content/Internationalization/icudt64l/lang/en_TC.res" 978
"../../../Engine/Content/Internationalization/icudt64l/region/en_TC.res" 979
"../../../Engine/Content/Internationalization/icudt64l/lang/en_TK.res" 980
"../../../Engine/Content/Internationalization/icudt64l/region/en_TK.res" 981
"../../../Engine/Content/Internationalization/icudt64l/lang/en_TO.res" 982
"../../../Engine/Content/Internationalization/icudt64l/region/en_TO.res" 983
"../../../Engine/Content/Internationalization/icudt64l/lang/en_TT.res" 984
"../../../Engine/Content/Internationalization/icudt64l/region/en_TT.res" 985
"../../../Engine/Content/Internationalization/icudt64l/lang/en_TV.res" 986
"../../../Engine/Content/Internationalization/icudt64l/region/en_TV.res" 987
"../../../Engine/Content/Internationalization/icudt64l/lang/en_TZ.res" 988
"../../../Engine/Content/Internationalization/icudt64l/region/en_TZ.res" 989
"../../../Engine/Content/Internationalization/icudt64l/lang/en_UG.res" 990
"../../../Engine/Content/Internationalization/icudt64l/region/en_UG.res" 991
"../../../Engine/Content/Internationalization/icudt64l/lang/en_VC.res" 992
"../../../Engine/Content/Internationalization/icudt64l/region/en_VC.res" 993
"../../../Engine/Content/Internationalization/icudt64l/lang/en_VG.res" 994
"../../../Engine/Content/Internationalization/icudt64l/region/en_VG.res" 995
"../../../Engine/Content/Internationalization/icudt64l/lang/en_VU.res" 996
"../../../Engine/Content/Internationalization/icudt64l/region/en_VU.res" 997
"../../../Engine/Content/Internationalization/icudt64l/lang/en_WS.res" 998
"../../../Engine/Content/Internationalization/icudt64l/region/en_WS.res" 999
"../../../Engine/Content/Internationalization/icudt64l/lang/en_ZA.res" 1000
"../../../Engine/Content/Internationalization/icudt64l/region/en_ZA.res" 1001
"../../../Engine/Content/Internationalization/icudt64l/lang/en_ZM.res" 1002
"../../../Engine/Content/Internationalization/icudt64l/region/en_ZM.res" 1003
"../../../Engine/Content/Internationalization/icudt64l/lang/en_ZW.res" 1004
"../../../Engine/Content/Internationalization/icudt64l/region/en_ZW.res" 1005
"../../../Engine/Content/Internationalization/icudt64l/lang/eo.res" 1006
"../../../Engine/Content/Internationalization/icudt64l/region/eo.res" 1007
"../../../Engine/Content/Internationalization/icudt64l/lang/es.res" 1008
"../../../Engine/Content/Internationalization/icudt64l/lang/es_419.res" 1009
"../../../Engine/Content/Internationalization/icudt64l/region/es_419.res" 1010
"../../../Engine/Content/Internationalization/icudt64l/region/es.res" 1011
"../../../Engine/Content/Internationalization/icudt64l/lang/es_AR.res" 1012
"../../../Engine/Content/Internationalization/icudt64l/region/es_AR.res" 1013
"../../../Engine/Content/Internationalization/icudt64l/lang/es_BO.res" 1014
"../../../Engine/Content/Internationalization/icudt64l/region/es_BO.res" 1015
"../../../Engine/Content/Internationalization/icudt64l/lang/es_BR.res" 1016
"../../../Engine/Content/Internationalization/icudt64l/region/es_BR.res" 1017
"../../../Engine/Content/Internationalization/icudt64l/lang/es_BZ.res" 1018
"../../../Engine/Content/Internationalization/icudt64l/region/es_BZ.res" 1019
"../../../Engine/Content/Internationalization/icudt64l/lang/es_CL.res" 1020
"../../../Engine/Content/Internationalization/icudt64l/region/es_CL.res" 1021
"../../../Engine/Content/Internationalization/icudt64l/lang/es_CO.res" 1022
"../../../Engine/Content/Internationalization/icudt64l/region/es_CO.res" 1023
"../../../Engine/Content/Internationalization/icudt64l/lang/es_CR.res" 1024
"../../../Engine/Content/Internationalization/icudt64l/region/es_CR.res" 1025
"../../../Engine/Content/Internationalization/icudt64l/lang/es_CU.res" 1026
"../../../Engine/Content/Internationalization/icudt64l/region/es_CU.res" 1027
"../../../Engine/Content/Internationalization/icudt64l/lang/es_DO.res" 1028
"../../../Engine/Content/Internationalization/icudt64l/region/es_DO.res" 1029
"../../../Engine/Content/Internationalization/icudt64l/lang/es_EC.res" 1030
"../../../Engine/Content/Internationalization/icudt64l/region/es_EC.res" 1031
"../../../Engine/Content/Internationalization/icudt64l/lang/es_GT.res" 1032
"../../../Engine/Content/Internationalization/icudt64l/region/es_GT.res" 1033
"../../../Engine/Content/Internationalization/icudt64l/lang/es_HN.res" 1034
"../../../Engine/Content/Internationalization/icudt64l/region/es_HN.res" 1035
"../../../Engine/Content/Internationalization/icudt64l/lang/es_MX.res" 1036
"../../../Engine/Content/Internationalization/icudt64l/region/es_MX.res" 1037
"../../../Engine/Content/Internationalization/icudt64l/lang/es_NI.res" 1038
"../../../Engine/Content/Internationalization/icudt64l/region/es_NI.res" 1039
"../../../Engine/Content/Internationalization/icudt64l/lang/es_PA.res" 1040
"../../../Engine/Content/Internationalization/icudt64l/region/es_PA.res" 1041
"../../../Engine/Content/Internationalization/icudt64l/lang/es_PE.res" 1042
"../../../Engine/Content/Internationalization/icudt64l/region/es_PE.res" 1043
"../../../Engine/Content/Internationalization/icudt64l/lang/es_PR.res" 1044
"../../../Engine/Content/Internationalization/icudt64l/region/es_PR.res" 1045
"../../../Engine/Content/Internationalization/icudt64l/lang/es_PY.res" 1046
"../../../Engine/Content/Internationalization/icudt64l/region/es_PY.res" 1047
"../../../Engine/Content/Internationalization/icudt64l/lang/es_SV.res" 1048
"../../../Engine/Content/Internationalization/icudt64l/region/es_SV.res" 1049
"../../../Engine/Content/Internationalization/icudt64l/lang/es_US.res" 1050
"../../../Engine/Content/Internationalization/icudt64l/region/es_US.res" 1051
"../../../Engine/Content/Internationalization/icudt64l/lang/es_UY.res" 1052
"../../../Engine/Content/Internationalization/icudt64l/region/es_UY.res" 1053
"../../../Engine/Content/Internationalization/icudt64l/lang/es_VE.res" 1054
"../../../Engine/Content/Internationalization/icudt64l/region/es_VE.res" 1055
"../../../Engine/Content/Internationalization/icudt64l/lang/et.res" 1056
"../../../Engine/Content/Internationalization/icudt64l/region/et.res" 1057
"../../../Engine/Content/Internationalization/icudt64l/lang/eu.res" 1058
"../../../Engine/Content/Internationalization/icudt64l/region/eu.res" 1059
"../../../Engine/Content/Internationalization/icudt64l/lang/ewo.res" 1060
"../../../Engine/Content/Internationalization/icudt64l/region/ewo.res" 1061
"../../../Engine/Content/Internationalization/icudt64l/lang/fa.res" 1062
"../../../Engine/Content/Internationalization/icudt64l/lang/fa_AF.res" 1063
"../../../Engine/Content/Internationalization/icudt64l/region/fa_AF.res" 1064
"../../../Engine/Content/Internationalization/icudt64l/region/fa.res" 1065
"../../../Engine/Content/Internationalization/icudt64l/lang/ff.res" 1066
"../../../Engine/Content/Internationalization/icudt64l/lang/ff_Latn.res" 1067
"../../../Engine/Content/Internationalization/icudt64l/region/ff.res" 1068
"../../../Engine/Content/Internationalization/icudt64l/region/ff_Latn.res" 1069
"../../../Engine/Content/Internationalization/icudt64l/lang/ff_CM.res" 1070
"../../../Engine/Content/Internationalization/icudt64l/lang/ff_Latn_CM.res" 1071
"../../../Engine/Content/Internationalization/icudt64l/region/ff_CM.res" 1072
"../../../Engine/Content/Internationalization/icudt64l/region/ff_Latn_CM.res" 1073
"../../../Engine/Content/Internationalization/icudt64l/lang/ff_GN.res" 1074
"../../../Engine/Content/Internationalization/icudt64l/lang/ff_Latn_GN.res" 1075
"../../../Engine/Content/Internationalization/icudt64l/region/ff_GN.res" 1076
"../../../Engine/Content/Internationalization/icudt64l/region/ff_Latn_GN.res" 1077
"../../../Engine/Content/Internationalization/icudt64l/lang/ff_MR.res" 1078
"../../../Engine/Content/Internationalization/icudt64l/lang/ff_Latn_MR.res" 1079
"../../../Engine/Content/Internationalization/icudt64l/region/ff_MR.res" 1080
"../../../Engine/Content/Internationalization/icudt64l/region/ff_Latn_MR.res" 1081
"../../../Engine/Content/Internationalization/icudt64l/lang/ff_SN.res" 1082
"../../../Engine/Content/Internationalization/icudt64l/lang/ff_Latn_SN.res" 1083
"../../../Engine/Content/Internationalization/icudt64l/region/ff_SN.res" 1084
"../../../Engine/Content/Internationalization/icudt64l/region/ff_Latn_SN.res" 1085
"../../../Engine/Content/Internationalization/icudt64l/lang/fi.res" 1086
"../../../Engine/Content/Internationalization/icudt64l/region/fi.res" 1087
"../../../Engine/Content/Internationalization/icudt64l/lang/fil.res" 1088
"../../../Engine/Content/Internationalization/icudt64l/lang/fil_PH.res" 1089
"../../../Engine/Content/Internationalization/icudt64l/region/fil_PH.res" 1090
"../../../Engine/Content/Internationalization/icudt64l/region/fil.res" 1091
"../../../Engine/Content/Internationalization/icudt64l/lang/fo.res" 1092
"../../../Engine/Content/Internationalization/icudt64l/region/fo.res" 1093
"../../../Engine/Content/Internationalization/icudt64l/lang/fr.res" 1094
"../../../Engine/Content/Internationalization/icudt64l/lang/fr_BE.res" 1095
"../../../Engine/Content/Internationalization/icudt64l/region/fr_BE.res" 1096
"../../../Engine/Content/Internationalization/icudt64l/region/fr.res" 1097
"../../../Engine/Content/Internationalization/icudt64l/lang/fr_CA.res" 1098
"../../../Engine/Content/Internationalization/icudt64l/region/fr_CA.res" 1099
"../../../Engine/Content/Internationalization/icudt64l/lang/fr_CH.res" 1100
"../../../Engine/Content/Internationalization/icudt64l/lang/fur.res" 1101
"../../../Engine/Content/Internationalization/icudt64l/region/fur.res" 1102
"../../../Engine/Content/Internationalization/icudt64l/lang/fy.res" 1103
"../../../Engine/Content/Internationalization/icudt64l/region/fy.res" 1104
"../../../Engine/Content/Internationalization/icudt64l/lang/ga.res" 1105
"../../../Engine/Content/Internationalization/icudt64l/region/ga.res" 1106
"../../../Engine/Content/Internationalization/icudt64l/lang/gd.res" 1107
"../../../Engine/Content/Internationalization/icudt64l/region/gd.res" 1108
"../../../Engine/Content/Internationalization/icudt64l/lang/gl.res" 1109
"../../../Engine/Content/Internationalization/icudt64l/region/gl.res" 1110
"../../../Engine/Content/Internationalization/icudt64l/lang/gsw.res" 1111
"../../../Engine/Content/Internationalization/icudt64l/region/gsw.res" 1112
"../../../Engine/Content/Internationalization/icudt64l/lang/gu.res" 1113
"../../../Engine/Content/Internationalization/icudt64l/region/gu.res" 1114
"../../../Engine/Content/Internationalization/icudt64l/lang/guz.res" 1115
"../../../Engine/Content/Internationalization/icudt64l/region/guz.res" 1116
"../../../Engine/Content/Internationalization/icudt64l/lang/gv.res" 1117
"../../../Engine/Content/Internationalization/icudt64l/region/gv.res" 1118
"../../../Engine/Content/Internationalization/icudt64l/lang/ha.res" 1119
"../../../Engine/Content/Internationalization/icudt64l/region/ha.res" 1120
"../../../Engine/Content/Internationalization/icudt64l/lang/ha_NE.res" 1121
"../../../Engine/Content/Internationalization/icudt64l/region/ha_NE.res" 1122
"../../../Engine/Content/Internationalization/icudt64l/lang/haw.res" 1123
"../../../Engine/Content/Internationalization/icudt64l/region/haw.res" 1124
"../../../Engine/Content/Internationalization/icudt64l/lang/he.res" 1125
"../../../Engine/Content/Internationalization/icudt64l/lang/he_IL.res" 1126
"../../../Engine/Content/Internationalization/icudt64l/region/he_IL.res" 1127
"../../../Engine/Content/Internationalization/icudt64l/region/he.res" 1128
"../../../Engine/Content/Internationalization/icudt64l/lang/hi.res" 1129
"../../../Engine/Content/Internationalization/icudt64l/region/hi.res" 1130
"../../../Engine/Content/Internationalization/icudt64l/lang/hr.res" 1131
"../../../Engine/Content/Internationalization/icudt64l/region/hr.res" 1132
"../../../Engine/Content/Internationalization/icudt64l/lang/hsb.res" 1133
"../../../Engine/Content/Internationalization/icudt64l/region/hsb.res" 1134
"../../../Engine/Content/Internationalization/icudt64l/lang/hu.res" 1135
"../../../Engine/Content/Internationalization/icudt64l/region/hu.res" 1136
"../../../Engine/Content/Internationalization/icudt64l/lang/hy.res" 1137
"../../../Engine/Content/Internationalization/icudt64l/region/hy.res" 1138
"../../../Engine/Content/Internationalization/icudt64l/lang/ia.res" 1139
"../../../Engine/Content/Internationalization/icudt64l/region/ia.res" 1140
"../../../Engine/Content/Internationalization/icudt64l/lang/id.res" 1141
"../../../Engine/Content/Internationalization/icudt64l/lang/id_ID.res" 1142
"../../../Engine/Content/Internationalization/icudt64l/region/id_ID.res" 1143
"../../../Engine/Content/Internationalization/icudt64l/region/id.res" 1144
"../../../Engine/Content/Internationalization/icudt64l/lang/ig.res" 1145
"../../../Engine/Content/Internationalization/icudt64l/region/ig.res" 1146
"../../../Engine/Content/Internationalization/icudt64l/lang/ii.res" 1147
"../../../Engine/Content/Internationalization/icudt64l/region/ii.res" 1148
"../../../Engine/Content/Internationalization/icudt64l/lang/is.res" 1149
"../../../Engine/Content/Internationalization/icudt64l/region/is.res" 1150
"../../../Engine/Content/Internationalization/icudt64l/lang/it.res" 1151
"../../../Engine/Content/Internationalization/icudt64l/region/it.res" 1152
"../../../Engine/Content/Internationalization/icudt64l/lang/ja.res" 1153
"../../../Engine/Content/Internationalization/icudt64l/lang/ja_JP.res" 1154
"../../../Engine/Content/Internationalization/icudt64l/region/ja_JP.res" 1155
"../../../Engine/Content/Internationalization/icudt64l/region/ja.res" 1156
"../../../Engine/Content/Internationalization/icudt64l/lang/jgo.res" 1157
"../../../Engine/Content/Internationalization/icudt64l/region/jgo.res" 1158
"../../../Engine/Content/Internationalization/icudt64l/lang/jmc.res" 1159
"../../../Engine/Content/Internationalization/icudt64l/region/jmc.res" 1160
"../../../Engine/Content/Internationalization/icudt64l/lang/jv.res" 1161
"../../../Engine/Content/Internationalization/icudt64l/region/jv.res" 1162
"../../../Engine/Content/Internationalization/icudt64l/lang/ka.res" 1163
"../../../Engine/Content/Internationalization/icudt64l/region/ka.res" 1164
"../../../Engine/Content/Internationalization/icudt64l/lang/kab.res" 1165
"../../../Engine/Content/Internationalization/icudt64l/region/kab.res" 1166
"../../../Engine/Content/Internationalization/icudt64l/lang/kam.res" 1167
"../../../Engine/Content/Internationalization/icudt64l/region/kam.res" 1168
"../../../Engine/Content/Internationalization/icudt64l/lang/kde.res" 1169
"../../../Engine/Content/Internationalization/icudt64l/region/kde.res" 1170
"../../../Engine/Content/Internationalization/icudt64l/lang/kea.res" 1171
"../../../Engine/Content/Internationalization/icudt64l/region/kea.res" 1172
"../../../Engine/Content/Internationalization/icudt64l/lang/khq.res" 1173
"../../../Engine/Content/Internationalization/icudt64l/region/khq.res" 1174
"../../../Engine/Content/Internationalization/icudt64l/lang/ki.res" 1175
"../../../Engine/Content/Internationalization/icudt64l/region/ki.res" 1176
"../../../Engine/Content/Internationalization/icudt64l/lang/kk.res" 1177
"../../../Engine/Content/Internationalization/icudt64l/region/kk.res" 1178
"../../../Engine/Content/Internationalization/icudt64l/lang/kkj.res" 1179
"../../../Engine/Content/Internationalization/icudt64l/region/kkj.res" 1180
"../../../Engine/Content/Internationalization/icudt64l/lang/kl.res" 1181
"../../../Engine/Content/Internationalization/icudt64l/region/kl.res" 1182
"../../../Engine/Content/Internationalization/icudt64l/lang/kln.res" 1183
"../../../Engine/Content/Internationalization/icudt64l/region/kln.res" 1184
"../../../Engine/Content/Internationalization/icudt64l/lang/km.res" 1185
"../../../Engine/Content/Internationalization/icudt64l/region/km.res" 1186
"../../../Engine/Content/Internationalization/icudt64l/lang/kn.res" 1187
"../../../Engine/Content/Internationalization/icudt64l/region/kn.res" 1188
"../../../Engine/Content/Internationalization/icudt64l/lang/ko.res" 1189
"../../../Engine/Content/Internationalization/icudt64l/region/ko_KP.res" 1190
"../../../Engine/Content/Internationalization/icudt64l/region/ko.res" 1191
"../../../Engine/Content/Internationalization/icudt64l/lang/kok.res" 1192
"../../../Engine/Content/Internationalization/icudt64l/region/kok.res" 1193
"../../../Engine/Content/Internationalization/icudt64l/lang/ks.res" 1194
"../../../Engine/Content/Internationalization/icudt64l/region/ks.res" 1195
"../../../Engine/Content/Internationalization/icudt64l/lang/ksb.res" 1196
"../../../Engine/Content/Internationalization/icudt64l/region/ksb.res" 1197
"../../../Engine/Content/Internationalization/icudt64l/lang/ksf.res" 1198
"../../../Engine/Content/Internationalization/icudt64l/region/ksf.res" 1199
"../../../Engine/Content/Internationalization/icudt64l/lang/ksh.res" 1200
"../../../Engine/Content/Internationalization/icudt64l/region/ksh.res" 1201
"../../../Engine/Content/Internationalization/icudt64l/lang/ku.res" 1202
"../../../Engine/Content/Internationalization/icudt64l/region/ku.res" 1203
"../../../Engine/Content/Internationalization/icudt64l/lang/kw.res" 1204
"../../../Engine/Content/Internationalization/icudt64l/region/kw.res" 1205
"../../../Engine/Content/Internationalization/icudt64l/lang/ky.res" 1206
"../../../Engine/Content/Internationalization/icudt64l/region/ky.res" 1207
"../../../Engine/Content/Internationalization/icudt64l/lang/lag.res" 1208
"../../../Engine/Content/Internationalization/icudt64l/region/lag.res" 1209
"../../../Engine/Content/Internationalization/icudt64l/lang/lb.res" 1210
"../../../Engine/Content/Internationalization/icudt64l/region/lb.res" 1211
"../../../Engine/Content/Internationalization/icudt64l/lang/lg.res" 1212
"../../../Engine/Content/Internationalization/icudt64l/region/lg.res" 1213
"../../../Engine/Content/Internationalization/icudt64l/lang/lkt.res" 1214
"../../../Engine/Content/Internationalization/icudt64l/region/lkt.res" 1215
"../../../Engine/Content/Internationalization/icudt64l/lang/ln.res" 1216
"../../../Engine/Content/Internationalization/icudt64l/region/ln.res" 1217
"../../../Engine/Content/Internationalization/icudt64l/lang/lo.res" 1218
"../../../Engine/Content/Internationalization/icudt64l/region/lo.res" 1219
"../../../Engine/Content/Internationalization/icudt64l/lang/lrc.res" 1220
"../../../Engine/Content/Internationalization/icudt64l/region/lrc.res" 1221
"../../../Engine/Content/Internationalization/icudt64l/lang/lt.res" 1222
"../../../Engine/Content/Internationalization/icudt64l/region/lt.res" 1223
"../../../Engine/Content/Internationalization/icudt64l/lang/lu.res" 1224
"../../../Engine/Content/Internationalization/icudt64l/region/lu.res" 1225
"../../../Engine/Content/Internationalization/icudt64l/lang/luo.res" 1226
"../../../Engine/Content/Internationalization/icudt64l/region/luo.res" 1227
"../../../Engine/Content/Internationalization/icudt64l/lang/luy.res" 1228
"../../../Engine/Content/Internationalization/icudt64l/region/luy.res" 1229
"../../../Engine/Content/Internationalization/icudt64l/lang/lv.res" 1230
"../../../Engine/Content/Internationalization/icudt64l/region/lv.res" 1231
"../../../Engine/Content/Internationalization/icudt64l/lang/mas.res" 1232
"../../../Engine/Content/Internationalization/icudt64l/region/mas.res" 1233
"../../../Engine/Content/Internationalization/icudt64l/lang/mer.res" 1234
"../../../Engine/Content/Internationalization/icudt64l/region/mer.res" 1235
"../../../Engine/Content/Internationalization/icudt64l/lang/mfe.res" 1236
"../../../Engine/Content/Internationalization/icudt64l/region/mfe.res" 1237
"../../../Engine/Content/Internationalization/icudt64l/lang/mg.res" 1238
"../../../Engine/Content/Internationalization/icudt64l/region/mg.res" 1239
"../../../Engine/Content/Internationalization/icudt64l/lang/mgh.res" 1240
"../../../Engine/Content/Internationalization/icudt64l/region/mgh.res" 1241
"../../../Engine/Content/Internationalization/icudt64l/lang/mgo.res" 1242
"../../../Engine/Content/Internationalization/icudt64l/region/mgo.res" 1243
"../../../Engine/Content/Internationalization/icudt64l/lang/mi.res" 1244
"../../../Engine/Content/Internationalization/icudt64l/region/mi.res" 1245
"../../../Engine/Content/Internationalization/icudt64l/lang/mk.res" 1246
"../../../Engine/Content/Internationalization/icudt64l/region/mk.res" 1247
"../../../Engine/Content/Internationalization/icudt64l/lang/ml.res" 1248
"../../../Engine/Content/Internationalization/icudt64l/region/ml.res" 1249
"../../../Engine/Content/Internationalization/icudt64l/lang/mn.res" 1250
"../../../Engine/Content/Internationalization/icudt64l/region/mn.res" 1251
"../../../Engine/Content/Internationalization/icudt64l/lang/mr.res" 1252
"../../../Engine/Content/Internationalization/icudt64l/region/mr.res" 1253
"../../../Engine/Content/Internationalization/icudt64l/lang/ms.res" 1254
"../../../Engine/Content/Internationalization/icudt64l/region/ms.res" 1255
"../../../Engine/Content/Internationalization/icudt64l/lang/mt.res" 1256
"../../../Engine/Content/Internationalization/icudt64l/region/mt.res" 1257
"../../../Engine/Content/Internationalization/icudt64l/lang/mua.res" 1258
"../../../Engine/Content/Internationalization/icudt64l/region/mua.res" 1259
"../../../Engine/Content/Internationalization/icudt64l/lang/my.res" 1260
"../../../Engine/Content/Internationalization/icudt64l/region/my.res" 1261
"../../../Engine/Content/Internationalization/icudt64l/lang/mzn.res" 1262
"../../../Engine/Content/Internationalization/icudt64l/region/mzn.res" 1263
"../../../Engine/Content/Internationalization/icudt64l/lang/naq.res" 1264
"../../../Engine/Content/Internationalization/icudt64l/region/naq.res" 1265
"../../../Engine/Content/Internationalization/icudt64l/lang/nb.res" 1266
"../../../Engine/Content/Internationalization/icudt64l/lang/nb_NO.res" 1267
"../../../Engine/Content/Internationalization/icudt64l/region/nb_NO.res" 1268
"../../../Engine/Content/Internationalization/icudt64l/region/nb.res" 1269
"../../../Engine/Content/Internationalization/icudt64l/lang/nd.res" 1270
"../../../Engine/Content/Internationalization/icudt64l/region/nd.res" 1271
"../../../Engine/Content/Internationalization/icudt64l/lang/nds.res" 1272
"../../../Engine/Content/Internationalization/icudt64l/region/nds.res" 1273
"../../../Engine/Content/Internationalization/icudt64l/lang/ne.res" 1274
"../../../Engine/Content/Internationalization/icudt64l/region/ne.res" 1275
"../../../Engine/Content/Internationalization/icudt64l/lang/nl.res" 1276
"../../../Engine/Content/Internationalization/icudt64l/region/nl.res" 1277
"../../../Engine/Content/Internationalization/icudt64l/lang/nmg.res" 1278
"../../../Engine/Content/Internationalization/icudt64l/region/nmg.res" 1279
"../../../Engine/Content/Internationalization/icudt64l/lang/nn.res" 1280
"../../../Engine/Content/Internationalization/icudt64l/lang/nn_NO.res" 1281
"../../../Engine/Content/Internationalization/icudt64l/region/nn_NO.res" 1282
"../../../Engine/Content/Internationalization/icudt64l/region/nn.res" 1283
"../../../Engine/Content/Internationalization/icudt64l/lang/nnh.res" 1284
"../../../Engine/Content/Internationalization/icudt64l/region/nnh.res" 1285
"../../../Engine/Content/Internationalization/icudt64l/lang/nus.res" 1286
"../../../Engine/Content/Internationalization/icudt64l/region/nus.res" 1287
"../../../Engine/Content/Internationalization/icudt64l/lang/nyn.res" 1288
"../../../Engine/Content/Internationalization/icudt64l/region/nyn.res" 1289
"../../../Engine/Content/Internationalization/icudt64l/lang/om.res" 1290
"../../../Engine/Content/Internationalization/icudt64l/region/om.res" 1291
"../../../Engine/Content/Internationalization/icudt64l/lang/or.res" 1292
"../../../Engine/Content/Internationalization/icudt64l/region/or.res" 1293
"../../../Engine/Content/Internationalization/icudt64l/lang/os.res" 1294
"../../../Engine/Content/Internationalization/icudt64l/region/os.res" 1295
"../../../Engine/Content/Internationalization/icudt64l/lang/pa.res" 1296
"../../../Engine/Content/Internationalization/icudt64l/lang/pa_Arab.res" 1297
"../../../Engine/Content/Internationalization/icudt64l/lang/pa_PK.res" 1298
"../../../Engine/Content/Internationalization/icudt64l/lang/pa_Arab_PK.res" 1299
"../../../Engine/Content/Internationalization/icudt64l/region/pa_PK.res" 1300
"../../../Engine/Content/Internationalization/icudt64l/region/pa_Arab_PK.res" 1301
"../../../Engine/Content/Internationalization/icudt64l/region/pa_Arab.res" 1302
"../../../Engine/Content/Internationalization/icudt64l/lang/pa_Guru.res" 1303
"../../../Engine/Content/Internationalization/icudt64l/lang/pa_IN.res" 1304
"../../../Engine/Content/Internationalization/icudt64l/lang/pa_Guru_IN.res" 1305
"../../../Engine/Content/Internationalization/icudt64l/region/pa_IN.res" 1306
"../../../Engine/Content/Internationalization/icudt64l/region/pa_Guru_IN.res" 1307
"../../../Engine/Content/Internationalization/icudt64l/region/pa_Guru.res" 1308
"../../../Engine/Content/Internationalization/icudt64l/region/pa.res" 1309
"../../../Engine/Content/Internationalization/icudt64l/lang/pl.res" 1310
"../../../Engine/Content/Internationalization/icudt64l/region/pl.res" 1311
"../../../Engine/Content/Internationalization/icudt64l/lang/ps.res" 1312
"../../../Engine/Content/Internationalization/icudt64l/region/ps.res" 1313
"../../../Engine/Content/Internationalization/icudt64l/lang/ps_PK.res" 1314
"../../../Engine/Content/Internationalization/icudt64l/region/ps_PK.res" 1315
"../../../Engine/Content/Internationalization/icudt64l/lang/pt.res" 1316
"../../../Engine/Content/Internationalization/icudt64l/lang/pt_AO.res" 1317
"../../../Engine/Content/Internationalization/icudt64l/lang/pt_PT.res" 1318
"../../../Engine/Content/Internationalization/icudt64l/region/pt_AO.res" 1319
"../../../Engine/Content/Internationalization/icudt64l/region/pt_PT.res" 1320
"../../../Engine/Content/Internationalization/icudt64l/region/pt.res" 1321
"../../../Engine/Content/Internationalization/icudt64l/lang/pt_CH.res" 1322
"../../../Engine/Content/Internationalization/icudt64l/region/pt_CH.res" 1323
"../../../Engine/Content/Internationalization/icudt64l/lang/pt_CV.res" 1324
"../../../Engine/Content/Internationalization/icudt64l/region/pt_CV.res" 1325
"../../../Engine/Content/Internationalization/icudt64l/lang/pt_GQ.res" 1326
"../../../Engine/Content/Internationalization/icudt64l/region/pt_GQ.res" 1327
"../../../Engine/Content/Internationalization/icudt64l/lang/pt_GW.res" 1328
"../../../Engine/Content/Internationalization/icudt64l/region/pt_GW.res" 1329
"../../../Engine/Content/Internationalization/icudt64l/lang/pt_LU.res" 1330
"../../../Engine/Content/Internationalization/icudt64l/region/pt_LU.res" 1331
"../../../Engine/Content/Internationalization/icudt64l/lang/pt_MO.res" 1332
"../../../Engine/Content/Internationalization/icudt64l/region/pt_MO.res" 1333
"../../../Engine/Content/Internationalization/icudt64l/lang/pt_MZ.res" 1334
"../../../Engine/Content/Internationalization/icudt64l/region/pt_MZ.res" 1335
"../../../Engine/Content/Internationalization/icudt64l/lang/pt_ST.res" 1336
"../../../Engine/Content/Internationalization/icudt64l/region/pt_ST.res" 1337
"../../../Engine/Content/Internationalization/icudt64l/lang/pt_TL.res" 1338
"../../../Engine/Content/Internationalization/icudt64l/region/pt_TL.res" 1339
"../../../Engine/Content/Internationalization/icudt64l/lang/qu.res" 1340
"../../../Engine/Content/Internationalization/icudt64l/region/qu.res" 1341
"../../../Engine/Content/Internationalization/icudt64l/lang/rm.res" 1342
"../../../Engine/Content/Internationalization/icudt64l/region/rm.res" 1343
"../../../Engine/Content/Internationalization/icudt64l/lang/rn.res" 1344
"../../../Engine/Content/Internationalization/icudt64l/region/rn.res" 1345
"../../../Engine/Content/Internationalization/icudt64l/lang/ro.res" 1346
"../../../Engine/Content/Internationalization/icudt64l/lang/ro_MD.res" 1347
"../../../Engine/Content/Internationalization/icudt64l/region/ro_MD.res" 1348
"../../../Engine/Content/Internationalization/icudt64l/region/ro.res" 1349
"../../../Engine/Content/Internationalization/icudt64l/lang/rof.res" 1350
"../../../Engine/Content/Internationalization/icudt64l/region/rof.res" 1351
"../../../Engine/Content/Internationalization/icudt64l/lang/ru.res" 1352
"../../../Engine/Content/Internationalization/icudt64l/region/ru.res" 1353
"../../../Engine/Content/Internationalization/icudt64l/region/ru_UA.res" 1354
"../../../Engine/Content/Internationalization/icudt64l/lang/rw.res" 1355
"../../../Engine/Content/Internationalization/icudt64l/region/rw.res" 1356
"../../../Engine/Content/Internationalization/icudt64l/lang/rwk.res" 1357
"../../../Engine/Content/Internationalization/icudt64l/region/rwk.res" 1358
"../../../Engine/Content/Internationalization/icudt64l/lang/sah.res" 1359
"../../../Engine/Content/Internationalization/icudt64l/region/sah.res" 1360
"../../../Engine/Content/Internationalization/icudt64l/lang/saq.res" 1361
"../../../Engine/Content/Internationalization/icudt64l/region/saq.res" 1362
"../../../Engine/Content/Internationalization/icudt64l/lang/sbp.res" 1363
"../../../Engine/Content/Internationalization/icudt64l/region/sbp.res" 1364
"../../../Engine/Content/Internationalization/icudt64l/lang/sd.res" 1365
"../../../Engine/Content/Internationalization/icudt64l/region/sd.res" 1366
"../../../Engine/Content/Internationalization/icudt64l/lang/se.res" 1367
"../../../Engine/Content/Internationalization/icudt64l/lang/se_FI.res" 1368
"../../../Engine/Content/Internationalization/icudt64l/region/se_FI.res" 1369
"../../../Engine/Content/Internationalization/icudt64l/region/se.res" 1370
"../../../Engine/Content/Internationalization/icudt64l/lang/seh.res" 1371
"../../../Engine/Content/Internationalization/icudt64l/region/seh.res" 1372
"../../../Engine/Content/Internationalization/icudt64l/lang/ses.res" 1373
"../../../Engine/Content/Internationalization/icudt64l/region/ses.res" 1374
"../../../Engine/Content/Internationalization/icudt64l/lang/sg.res" 1375
"../../../Engine/Content/Internationalization/icudt64l/region/sg.res" 1376
"../../../Engine/Content/Internationalization/icudt64l/lang/shi.res" 1377
"../../../Engine/Content/Internationalization/icudt64l/lang/shi_Latn.res" 1378
"../../../Engine/Content/Internationalization/icudt64l/lang/shi_MA.res" 1379
"../../../Engine/Content/Internationalization/icudt64l/lang/shi_Tfng_MA.res" 1380
"../../../Engine/Content/Internationalization/icudt64l/lang/shi_Tfng.res" 1381
"../../../Engine/Content/Internationalization/icudt64l/region/shi_MA.res" 1382
"../../../Engine/Content/Internationalization/icudt64l/region/shi_Tfng_MA.res" 1383
"../../../Engine/Content/Internationalization/icudt64l/region/shi_Tfng.res" 1384
"../../../Engine/Content/Internationalization/icudt64l/region/shi.res" 1385
"../../../Engine/Content/Internationalization/icudt64l/region/shi_Latn.res" 1386
"../../../Engine/Content/Internationalization/icudt64l/lang/si.res" 1387
"../../../Engine/Content/Internationalization/icudt64l/region/si.res" 1388
"../../../Engine/Content/Internationalization/icudt64l/lang/sk.res" 1389
"../../../Engine/Content/Internationalization/icudt64l/region/sk.res" 1390
"../../../Engine/Content/Internationalization/icudt64l/lang/sl.res" 1391
"../../../Engine/Content/Internationalization/icudt64l/region/sl.res" 1392
"../../../Engine/Content/Internationalization/icudt64l/lang/smn.res" 1393
"../../../Engine/Content/Internationalization/icudt64l/region/smn.res" 1394
"../../../Engine/Content/Internationalization/icudt64l/lang/sn.res" 1395
"../../../Engine/Content/Internationalization/icudt64l/region/sn.res" 1396
"../../../Engine/Content/Internationalization/icudt64l/lang/so.res" 1397
"../../../Engine/Content/Internationalization/icudt64l/region/so.res" 1398
"../../../Engine/Content/Internationalization/icudt64l/lang/sq.res" 1399
"../../../Engine/Content/Internationalization/icudt64l/region/sq.res" 1400
"../../../Engine/Content/Internationalization/icudt64l/lang/sr.res" 1401
"../../../Engine/Content/Internationalization/icudt64l/lang/sr_Cyrl.res" 1402
"../../../Engine/Content/Internationalization/icudt64l/lang/sr_BA.res" 1403
"../../../Engine/Content/Internationalization/icudt64l/lang/sr_Cyrl_BA.res" 1404
"../../../Engine/Content/Internationalization/icudt64l/region/sr_BA.res" 1405
"../../../Engine/Content/Internationalization/icudt64l/region/sr_Cyrl_BA.res" 1406
"../../../Engine/Content/Internationalization/icudt64l/region/sr_Cyrl.res" 1407
"../../../Engine/Content/Internationalization/icudt64l/region/sr.res" 1408
"../../../Engine/Content/Internationalization/icudt64l/lang/sr_ME.res" 1409
"../../../Engine/Content/Internationalization/icudt64l/lang/sr_Latn_ME.res" 1410
"../../../Engine/Content/Internationalization/icudt64l/lang/sr_Latn.res" 1411
"../../../Engine/Content/Internationalization/icudt64l/region/sr_ME.res" 1412
"../../../Engine/Content/Internationalization/icudt64l/region/sr_Latn_ME.res" 1413
"../../../Engine/Content/Internationalization/icudt64l/region/sr_Latn.res" 1414
"../../../Engine/Content/Internationalization/icudt64l/lang/sr_Cyrl_ME.res" 1415
"../../../Engine/Content/Internationalization/icudt64l/region/sr_Cyrl_ME.res" 1416
"../../../Engine/Content/Internationalization/icudt64l/lang/sr_RS.res" 1417
"../../../Engine/Content/Internationalization/icudt64l/lang/sr_Cyrl_RS.res" 1418
"../../../Engine/Content/Internationalization/icudt64l/region/sr_RS.res" 1419
"../../../Engine/Content/Internationalization/icudt64l/region/sr_Cyrl_RS.res" 1420
"../../../Engine/Content/Internationalization/icudt64l/lang/sr_XK.res" 1421
"../../../Engine/Content/Internationalization/icudt64l/lang/sr_Cyrl_XK.res" 1422
"../../../Engine/Content/Internationalization/icudt64l/region/sr_XK.res" 1423
"../../../Engine/Content/Internationalization/icudt64l/region/sr_Cyrl_XK.res" 1424
"../../../Engine/Content/Internationalization/icudt64l/lang/sr_Latn_BA.res" 1425
"../../../Engine/Content/Internationalization/icudt64l/region/sr_Latn_BA.res" 1426
"../../../Engine/Content/Internationalization/icudt64l/lang/sr_Latn_RS.res" 1427
"../../../Engine/Content/Internationalization/icudt64l/region/sr_Latn_RS.res" 1428
"../../../Engine/Content/Internationalization/icudt64l/lang/sr_Latn_XK.res" 1429
"../../../Engine/Content/Internationalization/icudt64l/region/sr_Latn_XK.res" 1430
"../../../Engine/Content/Internationalization/icudt64l/lang/sv.res" 1431
"../../../Engine/Content/Internationalization/icudt64l/region/sv.res" 1432
"../../../Engine/Content/Internationalization/icudt64l/lang/sv_FI.res" 1433
"../../../Engine/Content/Internationalization/icudt64l/lang/sw.res" 1434
"../../../Engine/Content/Internationalization/icudt64l/lang/sw_CD.res" 1435
"../../../Engine/Content/Internationalization/icudt64l/region/sw_CD.res" 1436
"../../../Engine/Content/Internationalization/icudt64l/region/sw.res" 1437
"../../../Engine/Content/Internationalization/icudt64l/lang/sw_KE.res" 1438
"../../../Engine/Content/Internationalization/icudt64l/region/sw_KE.res" 1439
"../../../Engine/Content/Internationalization/icudt64l/lang/ta.res" 1440
"../../../Engine/Content/Internationalization/icudt64l/region/ta.res" 1441
"../../../Engine/Content/Internationalization/icudt64l/lang/te.res" 1442
"../../../Engine/Content/Internationalization/icudt64l/region/te.res" 1443
"../../../Engine/Content/Internationalization/icudt64l/lang/teo.res" 1444
"../../../Engine/Content/Internationalization/icudt64l/region/teo.res" 1445
"../../../Engine/Content/Internationalization/icudt64l/lang/tg.res" 1446
"../../../Engine/Content/Internationalization/icudt64l/region/tg.res" 1447
"../../../Engine/Content/Internationalization/icudt64l/lang/th.res" 1448
"../../../Engine/Content/Internationalization/icudt64l/lang/th_TH.res" 1449
"../../../Engine/Content/Internationalization/icudt64l/region/th_TH.res" 1450
"../../../Engine/Content/Internationalization/icudt64l/region/th.res" 1451
"../../../Engine/Content/Internationalization/icudt64l/lang/ti.res" 1452
"../../../Engine/Content/Internationalization/icudt64l/region/ti.res" 1453
"../../../Engine/Content/Internationalization/icudt64l/lang/tk.res" 1454
"../../../Engine/Content/Internationalization/icudt64l/region/tk.res" 1455
"../../../Engine/Content/Internationalization/icudt64l/lang/to.res" 1456
"../../../Engine/Content/Internationalization/icudt64l/region/to.res" 1457
"../../../Engine/Content/Internationalization/icudt64l/lang/tr.res" 1458
"../../../Engine/Content/Internationalization/icudt64l/region/tr.res" 1459
"../../../Engine/Content/Internationalization/icudt64l/lang/tt.res" 1460
"../../../Engine/Content/Internationalization/icudt64l/region/tt.res" 1461
"../../../Engine/Content/Internationalization/icudt64l/lang/twq.res" 1462
"../../../Engine/Content/Internationalization/icudt64l/region/twq.res" 1463
"../../../Engine/Content/Internationalization/icudt64l/lang/tzm.res" 1464
"../../../Engine/Content/Internationalization/icudt64l/region/tzm.res" 1465
"../../../Engine/Content/Internationalization/icudt64l/lang/ug.res" 1466
"../../../Engine/Content/Internationalization/icudt64l/region/ug.res" 1467
"../../../Engine/Content/Internationalization/icudt64l/lang/uk.res" 1468
"../../../Engine/Content/Internationalization/icudt64l/region/uk.res" 1469
"../../../Engine/Content/Internationalization/icudt64l/lang/ur.res" 1470
"../../../Engine/Content/Internationalization/icudt64l/lang/ur_IN.res" 1471
"../../../Engine/Content/Internationalization/icudt64l/region/ur_IN.res" 1472
"../../../Engine/Content/Internationalization/icudt64l/region/ur.res" 1473
"../../../Engine/Content/Internationalization/icudt64l/lang/uz.res" 1474
"../../../Engine/Content/Internationalization/icudt64l/lang/uz_Arab.res" 1475
"../../../Engine/Content/Internationalization/icudt64l/lang/uz_AF.res" 1476
"../../../Engine/Content/Internationalization/icudt64l/lang/uz_Arab_AF.res" 1477
"../../../Engine/Content/Internationalization/icudt64l/region/uz_AF.res" 1478
"../../../Engine/Content/Internationalization/icudt64l/region/uz_Arab_AF.res" 1479
"../../../Engine/Content/Internationalization/icudt64l/region/uz_Arab.res" 1480
"../../../Engine/Content/Internationalization/icudt64l/lang/uz_Cyrl.res" 1481
"../../../Engine/Content/Internationalization/icudt64l/lang/uz_UZ.res" 1482
"../../../Engine/Content/Internationalization/icudt64l/lang/uz_Latn_UZ.res" 1483
"../../../Engine/Content/Internationalization/icudt64l/lang/uz_Latn.res" 1484
"../../../Engine/Content/Internationalization/icudt64l/region/uz_UZ.res" 1485
"../../../Engine/Content/Internationalization/icudt64l/region/uz_Latn_UZ.res" 1486
"../../../Engine/Content/Internationalization/icudt64l/region/uz_Latn.res" 1487
"../../../Engine/Content/Internationalization/icudt64l/region/uz.res" 1488
"../../../Engine/Content/Internationalization/icudt64l/region/uz_Cyrl.res" 1489
"../../../Engine/Content/Internationalization/icudt64l/lang/vai.res" 1490
"../../../Engine/Content/Internationalization/icudt64l/lang/vai_Latn.res" 1491
"../../../Engine/Content/Internationalization/icudt64l/lang/vai_LR.res" 1492
"../../../Engine/Content/Internationalization/icudt64l/lang/vai_Vaii_LR.res" 1493
"../../../Engine/Content/Internationalization/icudt64l/lang/vai_Vaii.res" 1494
"../../../Engine/Content/Internationalization/icudt64l/region/vai_LR.res" 1495
"../../../Engine/Content/Internationalization/icudt64l/region/vai_Vaii_LR.res" 1496
"../../../Engine/Content/Internationalization/icudt64l/region/vai_Vaii.res" 1497
"../../../Engine/Content/Internationalization/icudt64l/region/vai.res" 1498
"../../../Engine/Content/Internationalization/icudt64l/region/vai_Latn.res" 1499
"../../../Engine/Content/Internationalization/icudt64l/lang/vi.res" 1500
"../../../Engine/Content/Internationalization/icudt64l/region/vi.res" 1501
"../../../Engine/Content/Internationalization/icudt64l/lang/vun.res" 1502
"../../../Engine/Content/Internationalization/icudt64l/region/vun.res" 1503
"../../../Engine/Content/Internationalization/icudt64l/lang/wae.res" 1504
"../../../Engine/Content/Internationalization/icudt64l/region/wae.res" 1505
"../../../Engine/Content/Internationalization/icudt64l/lang/wo.res" 1506
"../../../Engine/Content/Internationalization/icudt64l/region/wo.res" 1507
"../../../Engine/Content/Internationalization/icudt64l/lang/xh.res" 1508
"../../../Engine/Content/Internationalization/icudt64l/region/xh.res" 1509
"../../../Engine/Content/Internationalization/icudt64l/lang/xog.res" 1510
"../../../Engine/Content/Internationalization/icudt64l/region/xog.res" 1511
"../../../Engine/Content/Internationalization/icudt64l/lang/yav.res" 1512
"../../../Engine/Content/Internationalization/icudt64l/region/yav.res" 1513
"../../../Engine/Content/Internationalization/icudt64l/lang/yi.res" 1514
"../../../Engine/Content/Internationalization/icudt64l/region/yi.res" 1515
"../../../Engine/Content/Internationalization/icudt64l/lang/yo.res" 1516
"../../../Engine/Content/Internationalization/icudt64l/lang/yo_BJ.res" 1517
"../../../Engine/Content/Internationalization/icudt64l/region/yo_BJ.res" 1518
"../../../Engine/Content/Internationalization/icudt64l/region/yo.res" 1519
"../../../Engine/Content/Internationalization/icudt64l/lang/yue.res" 1520
"../../../Engine/Content/Internationalization/icudt64l/lang/yue_Hans.res" 1521
"../../../Engine/Content/Internationalization/icudt64l/lang/yue_CN.res" 1522
"../../../Engine/Content/Internationalization/icudt64l/lang/yue_Hans_CN.res" 1523
"../../../Engine/Content/Internationalization/icudt64l/region/yue_CN.res" 1524
"../../../Engine/Content/Internationalization/icudt64l/region/yue_Hans_CN.res" 1525
"../../../Engine/Content/Internationalization/icudt64l/region/yue_Hans.res" 1526
"../../../Engine/Content/Internationalization/icudt64l/lang/yue_Hant.res" 1527
"../../../Engine/Content/Internationalization/icudt64l/lang/yue_HK.res" 1528
"../../../Engine/Content/Internationalization/icudt64l/lang/yue_Hant_HK.res" 1529
"../../../Engine/Content/Internationalization/icudt64l/region/yue_HK.res" 1530
"../../../Engine/Content/Internationalization/icudt64l/region/yue_Hant_HK.res" 1531
"../../../Engine/Content/Internationalization/icudt64l/region/yue_Hant.res" 1532
"../../../Engine/Content/Internationalization/icudt64l/region/yue.res" 1533
"../../../Engine/Content/Internationalization/icudt64l/lang/zgh.res" 1534
"../../../Engine/Content/Internationalization/icudt64l/region/zgh.res" 1535
"../../../Engine/Content/Internationalization/icudt64l/lang/zh.res" 1536
"../../../Engine/Content/Internationalization/icudt64l/lang/zh_Hans.res" 1537
"../../../Engine/Content/Internationalization/icudt64l/lang/zh_CN.res" 1538
"../../../Engine/Content/Internationalization/icudt64l/lang/zh_Hans_CN.res" 1539
"../../../Engine/Content/Internationalization/icudt64l/region/zh_CN.res" 1540
"../../../Engine/Content/Internationalization/icudt64l/region/zh_Hans_CN.res" 1541
"../../../Engine/Content/Internationalization/icudt64l/region/zh_Hans.res" 1542
"../../../Engine/Content/Internationalization/icudt64l/region/zh.res" 1543
"../../../Engine/Content/Internationalization/icudt64l/lang/zh_HK.res" 1544
"../../../Engine/Content/Internationalization/icudt64l/lang/zh_Hant_HK.res" 1545
"../../../Engine/Content/Internationalization/icudt64l/lang/zh_Hant.res" 1546
"../../../Engine/Content/Internationalization/icudt64l/region/zh_HK.res" 1547
"../../../Engine/Content/Internationalization/icudt64l/region/zh_Hant_HK.res" 1548
"../../../Engine/Content/Internationalization/icudt64l/region/zh_Hant.res" 1549
"../../../Engine/Content/Internationalization/icudt64l/lang/zh_MO.res" 1550
"../../../Engine/Content/Internationalization/icudt64l/lang/zh_Hant_MO.res" 1551
"../../../Engine/Content/Internationalization/icudt64l/region/zh_MO.res" 1552
"../../../Engine/Content/Internationalization/icudt64l/region/zh_Hant_MO.res" 1553
"../../../Engine/Content/Internationalization/icudt64l/lang/zh_SG.res" 1554
"../../../Engine/Content/Internationalization/icudt64l/lang/zh_Hans_SG.res" 1555
"../../../Engine/Content/Internationalization/icudt64l/region/zh_SG.res" 1556
"../../../Engine/Content/Internationalization/icudt64l/region/zh_Hans_SG.res" 1557
"../../../Engine/Content/Internationalization/icudt64l/lang/zh_TW.res" 1558
"../../../Engine/Content/Internationalization/icudt64l/lang/zh_Hant_TW.res" 1559
"../../../Engine/Content/Internationalization/icudt64l/region/zh_TW.res" 1560
"../../../Engine/Content/Internationalization/icudt64l/region/zh_Hant_TW.res" 1561
"../../../Engine/Content/Internationalization/icudt64l/lang/zu.res" 1562
"../../../Engine/Content/Internationalization/icudt64l/region/zu.res" 1563
"../../../Engine/Content/Internationalization/icudt64l/lang/no.res" 1564
"../../../Engine/Content/Internationalization/icudt64l/lang/tl.res" 1565
"../../../Engine/Config/Android/DataDrivenPlatformInfo.ini" 1566
"../../../Engine/Config/HoloLens/DataDrivenPlatformInfo.ini" 1567
"../../../Engine/Config/IOS/DataDrivenPlatformInfo.ini" 1568
"../../../Engine/Config/Linux/DataDrivenPlatformInfo.ini" 1569
"../../../Engine/Config/LinuxArm64/DataDrivenPlatformInfo.ini" 1570
"../../../Engine/Config/Mac/DataDrivenPlatformInfo.ini" 1571
"../../../Engine/Config/TVOS/DataDrivenPlatformInfo.ini" 1572
"../../../Engine/Config/Unix/DataDrivenPlatformInfo.ini" 1573
"../../../Engine/Config/VulkanPC/DataDrivenPlatformInfo.ini" 1574
"../../../Engine/Config/Windows/DataDrivenPlatformInfo.ini" 1575
"C:/Users/Jacob/Documents/Unreal Projects/ConCat/Intermediate/ShaderAutogen/PCD3D_SM5/AutogenShaderHeaders.ush" 1576
"C:/Users/Jacob/Documents/Unreal Projects/ConCat/Intermediate/ShaderAutogen/PCD3D_ES31/AutogenShaderHeaders.ush" 1577
"../../../Engine/DerivedDataCache/Compressed.ddp" 1578
"C:/Users/Jacob/AppData/Local/UnrealEngine/Common/DerivedDataCache/TestData/0/TestData_4kb.dat" 1579
"C:/Users/Jacob/AppData/Local/UnrealEngine/Common/DerivedDataCache/TestData/1/TestData_4kb.dat" 1580
"C:/Users/Jacob/AppData/Local/UnrealEngine/Common/DerivedDataCache/TestData/0/TestData_8kb.dat" 1581
"C:/Users/Jacob/AppData/Local/UnrealEngine/Common/DerivedDataCache/TestData/1/TestData_8kb.dat" 1582
"C:/Users/Jacob/AppData/Local/UnrealEngine/Common/DerivedDataCache/TestData/0/TestData_16kb.dat" 1583
"C:/Users/Jacob/AppData/Local/UnrealEngine/Common/DerivedDataCache/TestData/1/TestData_16kb.dat" 1584
"C:/Users/Jacob/AppData/Local/UnrealEngine/Common/DerivedDataCache/TestData/0/TestData_64kb.dat" 1585
"C:/Users/Jacob/AppData/Local/UnrealEngine/Common/DerivedDataCache/TestData/1/TestData_64kb.dat" 1586
"C:/Users/Jacob/AppData/Local/UnrealEngine/Common/DerivedDataCache/TestData/0/TestData_128kb.dat" 1587
"C:/Users/Jacob/AppData/Local/UnrealEngine/Common/DerivedDataCache/TestData/1/TestData_128kb.dat" 1588
"C:/Users/Jacob/AppData/Local/UnrealEngine/Common/DerivedDataCache/TestData/0/TestData_256kb.dat" 1589
"C:/Users/Jacob/AppData/Local/UnrealEngine/Common/DerivedDataCache/TestData/1/TestData_256kb.dat" 1590
"../../../Engine/Shaders/Private/HairStrands/HairStrandsVertexFactory.ush" 1591
"../../../Engine/Shaders/Private/VertexFactoryCommon.ush" 1592
"../../../Engine/Shaders/Private/Common.ush" 1593
"../../../Engine/Shaders/Public/Platform.ush" 1594
"../../../Engine/Shaders/Public/FP16Math.ush" 1595
"../../../Engine/Shaders/Public/Platform/D3D/D3DCommon.ush" 1596
"../../../Engine/Shaders/Public/ShaderVersion.ush" 1597
"../../../Engine/Shaders/Private/GeneratedUniformBufferTypes.ush" 1598
"../../../Engine/Shaders/Private/Nanite/NanitePackedNaniteView.ush" 1599
"../../../Engine/Shaders/Private/HairStrands/HairStrandsVisibilityCommonStruct.ush" 1600
"../../../Engine/Shaders/Private/HairStrands/HairStrandsVoxelPageCommonStruct.ush" 1601
"../../../Engine/Shaders/Private/HairStrands/HairStrandsDeepShadowCommonStruct.ush" 1602
"../../../Engine/Shaders/Private/CommonViewUniformBuffer.ush" 1603
"../../../Engine/Shaders/Private/LargeWorldCoordinates.ush" 1604
"../../../Engine/Shaders/Private/LWCOperations.ush" 1605
"../../../Engine/Shaders/Private/InstancedStereo.ush" 1606
"../../../Engine/Shaders/Private/Definitions.usf" 1607
"../../../Engine/Shaders/Private/AssertionMacros.ush" 1608
"../../../Engine/Shaders/Private/FastMath.ush" 1609
"../../../Engine/Shaders/Private/Random.ush" 1610
"../../../Engine/Shaders/Private/SceneData.ush" 1611
"../../../Engine/Shaders/Private/OctahedralCommon.ush" 1612
"../../../Engine/Shaders/Private/LocalVertexFactoryCommon.ush" 1613
"../../../Engine/Shaders/Private/HairStrands/HairStrandsVisibilityCommon.ush" 1614
"../../../Engine/Shaders/Private/HairStrands/HairStrandsVertexFactoryCommon.ush" 1615
"../../../Engine/Shaders/Private/HairStrands/HairStrandsAttributeCommon.ush" 1616
"../../../Engine/Shaders/Private/VertexFactoryDefaultInterface.ush" 1617
"../../../Engine/Shaders/Private/HairStrands/HairCardsVertexFactory.ush" 1618
"../../../Engine/Shaders/Private/HairStrands/HairCardsAttributeCommon.ush" 1619
"../../../Engine/Shaders/Private/RayTracing/RayTracingCommon.ush" 1620
"../../../Engine/Shaders/Private/ShadingCommon.ush" 1621
"../../../Engine/Shaders/Shared/RayTracingDefinitions.h" 1622
"../../../Engine/Shaders/Private/PositionReconstructionCommon.ush" 1623
"../../../Engine/Shaders/Private/RayTracing/RayTracingHitGroupCommon.ush" 1624
"../../../Engine/Shaders/Shared/RayTracingBuiltInResources.h" 1625
"../../../Engine/Plugins/FX/Niagara/Shaders/Private/NiagaraSpriteVertexFactory.ush" 1626
"../../../Engine/Shaders/Private/ParticleVertexFactoryCommon.ush" 1627
"../../../Engine/Plugins/FX/Niagara/Shaders/Private/NiagaraVFCommon.usf" 1628
"../../../Engine/Plugins/FX/Niagara/Shaders/Private/NiagaraVFParticleAccess.usf" 1629
"../../../Engine/Plugins/FX/Niagara/Shaders/Private/NiagaraParticleAccess.ush" 1630
"../../../Engine/Plugins/FX/Niagara/Shaders/Private/NiagaraRibbonVertexFactory.ush" 1631
"../../../Engine/Plugins/FX/Niagara/Shaders/Private/NiagaraMeshVertexFactory.ush" 1632
"../../../Engine/Plugins/FX/Niagara/Shaders/Private/NiagaraCommon.ush" 1633
"../../../Engine/Plugins/FX/Niagara/Shaders/Private/NiagaraMeshParticleUtils.ush" 1634
"../../../Engine/Shaders/Private/VectorFieldVisualizationVertexFactory.ush" 1635
"../../../Engine/Shaders/Private/Nanite/NaniteVertexFactory.ush" 1636
"../../../Engine/Shaders/Private/LightmapData.ush" 1637
"../../../Engine/Shaders/Private/Nanite/NaniteDataDecode.ush" 1638
"../../../Engine/Shaders/Private/BitPacking.ush" 1639
"../../../Engine/Shaders/Private/BitStreamReaderImplementation.ush" 1640
"../../../Engine/Shaders/Shared/NaniteDefinitions.h" 1641
"../../../Engine/Shaders/Private/Nanite/NaniteAttributeDecode.ush" 1642
"../../../Engine/Shaders/Private/ParticleSpriteVertexFactory.ush" 1643
"../../../Engine/Shaders/Private/ParticleGPUSpriteVertexFactory.ush" 1644
"../../../Engine/Shaders/Private/ParticleBeamTrailVertexFactory.ush" 1645
"../../../Engine/Shaders/Private/MeshParticleVertexFactory.ush" 1646
"../../../Engine/Shaders/Private/LocalVertexFactory.ush" 1647
"../../../Engine/Shaders/Private/GpuSkinCommon.ush" 1648
"../../../Engine/Shaders/Private/GpuSkinVertexFactory.ush" 1649
"../../../Engine/Shaders/Private/GeometryCollectionVertexFactory.ush" 1650
"../../../Engine/Shaders/Private/GeometryCacheVertexFactory.ush" 1651
"../../../Engine/Shaders/Private/LandscapeVertexFactory.ush" 1652
"../../../Engine/Plugins/Media/WmfMedia/Shaders/Private/MediaHardwareVideoDecoding.usf" 1653
"../../../Engine/Shaders/Private/GammaCorrectionCommon.ush" 1654
"../../../Engine/Shaders/Private/ColorUtils.ush" 1655
"../../../Engine/Plugins/Media/ImgMedia/Shaders/Private/ExrSwizzler.usf" 1656
"../../../Engine/Plugins/Runtime/HairStrands/Shaders/Private/NiagaraCopyVelocityGrid.usf" 1657
"../../../Engine/Plugins/Runtime/HairStrands/Shaders/Private/NiagaraClearVelocityGrid.usf" 1658
"../../../Engine/Plugins/Runtime/HairStrands/Shaders/Private/NiagaraClearPressureGrid.usf" 1659
"../../../Engine/Shaders/Private/HairStrands/HairStrandsClusterCulling.usf" 1660
"../../../Engine/Shaders/Private/ColorMap.ush" 1661
"../../../Engine/Shaders/Private/ColorSpace.ush" 1662
"../../../Engine/Shaders/Private/HairStrands/HairStrandsAABBCommon.ush" 1663
"../../../Engine/Shaders/Private/HairStrands/HairStrandsClusterCommon.ush" 1664
"../../../Engine/Shaders/Private/ShaderDrawDebug.ush" 1665
"../../../Engine/Shaders/Private/ShaderPrintCommon.ush" 1666
"../../../Engine/Shaders/Private/MiniFontCommon.ush" 1667
"../../../Engine/Shaders/Private/HairStrands/HairStrandsRaytracingGeometry.usf" 1668
"../../../Engine/Shaders/Private/HairStrands/HairStrandsTangent.usf" 1669
"../../../Engine/Shaders/Private/MonteCarlo.ush" 1670
"../../../Engine/Shaders/Private/HairStrands/HairCardsDeformation.usf" 1671
"../../../Engine/Shaders/Private/HairStrands/HairStrandsMeshProjectionCommon.ush" 1672
"../../../Engine/Shaders/Private/HairStrands/HairStrandsInterpolation.usf" 1673
"../../../Engine/Shaders/Private/HairStrands/HairStrandsGuideDeform.usf" 1674
"../../../Engine/Shaders/Private/HairStrands/HairStrandsMeshRBF.ush" 1675
"../../../Engine/Shaders/Private/HairStrands/HairStrandsMeshUpdate.usf" 1676
"../../../Engine/Shaders/Private/HairStrands/HairStrandsFollicleMask.usf" 1677
"../../../Engine/Shaders/Private/HairStrands/HairStrandsSamplesUpdate.usf" 1678
"../../../Engine/Shaders/Private/HairStrands/HairStrandsSamplesInit.usf" 1679
"../../../Engine/Shaders/Private/HairStrands/HairStrandsMeshInterpolate.usf" 1680
"../../../Engine/Shaders/Private/HairStrands/HairStrandsSkinUpdate.usf" 1681
"../../../Engine/Shaders/Private/HairStrands/HairCardsGeneration.usf" 1682
"../../../Engine/Shaders/Private/HairStrands/HairCardsTextureCommon.ush" 1683
"../../../Engine/Shaders/Private/HairStrands/HairStrandsTexturesGeneration.usf" 1684
"../../../Engine/Shaders/Private/HairStrands/HairCardsDebug.usf" 1685
"../../../Engine/Shaders/Private/HairStrands/HairStrandsDebug.usf" 1686
"../../../Engine/Shaders/Private/HairStrands/HairCardsVoxel.usf" 1687
"../../../Engine/Shaders/Private/SceneTextureParameters.ush" 1688
"../../../Engine/Shaders/Private/SceneTexturesCommon.ush" 1689
"../../../Engine/Shaders/Private/DeferredShadingCommon.ush" 1690
"../../../Engine/Shaders/Private/LightAccumulator.ush" 1691
"../../../Engine/Shaders/Private/GBufferHelpers.ush" 1692
"../../../Engine/Shaders/Private/HairStrands/HairStrandsMeshProjectionHairDebug.usf" 1693
"../../../Engine/Shaders/Private/HairStrands/HairStrandsMeshProjectionMeshDebug.usf" 1694
"../../../Engine/Plugins/FX/Niagara/Shaders/Private/NiagaraFillIntBuffer.usf" 1695
"../../../Engine/Plugins/FX/Niagara/Shaders/Private/NiagaraComputeFreeIDs.usf" 1696
"../../../Engine/Plugins/FX/Niagara/Shaders/Private/NiagaraInitFreeIDBuffer.usf" 1697
"../../../Engine/Plugins/FX/Niagara/Shaders/Private/NiagaraEmitterInstanceShader.usf" 1698
"../../../Engine/Plugins/FX/Niagara/Shaders/Private/NiagaraShaderVersion.ush" 1699
"../../../Engine/Shaders/Private/GlobalDistanceFieldShared.ush" 1700
"../../../Engine/Plugins/FX/Niagara/Shaders/Private/NiagaraPhysicsCommon.ush" 1701
"../../../Engine/Plugins/FX/Niagara/Shaders/Private/NiagaraUpdateMeshGPUSceneInstances.usf" 1702
"../../../Engine/Shaders/Private/ComputeShaderUtils.ush" 1703
"../../../Engine/Shaders/Private/GPUScene/GPUSceneWriter.ush" 1704
"../../../Engine/Plugins/FX/Niagara/Shaders/Private/NiagaraGenerateMips.usf" 1705
"../../../Engine/Plugins/FX/Niagara/Shaders/Private/NiagaraDebugDraw.usf" 1706
"../../../Engine/Plugins/FX/Niagara/Shaders/Private/NiagaraDebugDraw.ush" 1707
"../../../Engine/Plugins/FX/Niagara/Shaders/Private/NiagaraVisualizeTexture.usf" 1708
"../../../Engine/Plugins/FX/Niagara/Shaders/Private/NiagaraClearCounts.usf" 1709
"../../../Engine/Plugins/FX/Niagara/Shaders/Private/NiagaraBatchedElements.usf" 1710
"../../../Engine/Plugins/FX/Niagara/Shaders/Private/NiagaraRayTracingShaders.usf" 1711
"../../../Engine/Plugins/FX/Niagara/Shaders/Private/NiagaraAsyncGpuTraceCommon.ush" 1712
"../../../Engine/Shaders/Private/HashTable.ush" 1713
"../../../Engine/Shaders/Private/RayTracing/VFXTraceRay.ush" 1714
"../../../Engine/Plugins/FX/Niagara/Shaders/Private/NiagaraRayMarchingShaders.usf" 1715
"../../../Engine/Plugins/FX/Niagara/Shaders/Private/NiagaraRayTraceCollisionGroupShaders.usf" 1716
"../../../Engine/Plugins/FX/Niagara/Shaders/Private/NiagaraAsyncGpuTraceUtils.usf" 1717
"../../../Engine/Plugins/FX/Niagara/Shaders/Private/NiagaraSortKeyGen.usf" 1718
"../../../Engine/Plugins/FX/Niagara/Shaders/Private/NiagaraGPURayTracingTransforms.usf" 1719
"../../../Engine/Plugins/FX/Niagara/Shaders/Private/NiagaraDrawIndirectArgsGen.usf" 1720
"../../../Engine/Shaders/Private/SlateElementPixelShader.usf" 1721
"../../../Engine/Shaders/Private/SlateShaderCommon.ush" 1722
"../../../Engine/Shaders/Private/MaterialTemplate.ush" 1723
"../../../Engine/Shaders/Private/EyeAdaptationCommon.ush" 1724
"../../../Engine/Shaders/Private/SobolRandom.ush" 1725
"../../../Engine/Shaders/Private/DepthOfFieldCommon.ush" 1726
"../../../Engine/Shaders/Private/CircleDOFCommon.ush" 1727
"../../../Engine/Shaders/Private/PhysicsFieldSampler.ush" 1728
"../../../Engine/Shaders/Private/PhysicsFieldShared.ush" 1729
"../../../Engine/Shaders/Private/HairShadingCommon.ush" 1730
"../../../Engine/Shaders/Private/DBufferDecalShared.ush" 1731
"../../../Engine/Shaders/Private/SpeedTreeCommon.ush" 1732
"../../../Engine/Shaders/Private/VirtualTextureCommon.ush" 1733
"../../../Engine/Shaders/Private/MinMaterialTexCoords.ush" 1734
"../../../Engine/Shaders/Private/SkyAtmosphereCommon.ush" 1735
"../../../Engine/Shaders/Private/SingleLayerWaterCommon.ush" 1736
"../../../Engine/Shaders/Private/PaniniProjection.ush" 1737
"../../../Engine/Shaders/Private/DBufferNormalReprojection.ush" 1738
"../../../Engine/Shaders/Private/Strata/Strata.ush" 1739
"../../../Engine/Shaders/Private/ShadingEnergyConservation.ush" 1740
"../../../Engine/Shaders/Private/BRDF.ush" 1741
"../../../Engine/Shaders/Private/ParticipatingMediaCommon.ush" 1742
"../../../Engine/Shaders/Private/ThinFilmBSDF.ush" 1743
"../../../Engine/Shaders/Private/MortonCode.ush" 1744
"../../../Engine/Shaders/Shared/StrataDefinitions.h" 1745
"../../../Engine/Shaders/Private/Strata/StrataLegacyConversion.ush" 1746
"../../../Engine/Shaders/Private/CompositeUIPixelShader.usf" 1747
"../../../Engine/Shaders/Private/TonemapCommon.ush" 1748
"../../../Engine/Shaders/Private/ACES.ush" 1749
"../../../Engine/Shaders/Private/SlateMaskingShader.usf" 1750
"../../../Engine/Shaders/Private/SlatePostProcessColorDeficiencyPixelShader.usf" 1751
"../../../Engine/Shaders/Private/SlatePostProcessPixelShader.usf" 1752
"../../../Engine/Shaders/Private/SlateVertexShader.usf" 1753
"../../../Engine/Shaders/Private/TranslucentLightingShaders.usf" 1754
"../../../Engine/Shaders/Private/SHCommon.ush" 1755
"../../../Engine/Shaders/Private/ShadowProjectionCommon.ush" 1756
"../../../Engine/Shaders/Private/CubemapCommon.ush" 1757
"../../../Engine/Shaders/Private/VectorFieldCompositeShaders.usf" 1758
"../../../Engine/Shaders/Private/UpdateTextureShaders.usf" 1759
"../../../Engine/Shaders/Private/StereoLayerShader.usf" 1760
"../../../Engine/Shaders/Private/MorphTargets.usf" 1761
"../../../Engine/Shaders/Private/SimpleElementColorChannelMaskPixelShader.usf" 1762
"../../../Engine/Shaders/Private/SimpleElementHitProxyPixelShader.usf" 1763
"../../../Engine/Shaders/Private/SimpleElementPixelShader.usf" 1764
"../../../Engine/Shaders/Private/IESLightProfilesCommon.ush" 1765
"../../../Engine/Shaders/Private/SimpleElementVertexShader.usf" 1766
"../../../Engine/Shaders/Private/ScreenPixelShaderOES.usf" 1767
"../../../Engine/Shaders/Private/ScreenVertexShader.usf" 1768
"../../../Engine/Shaders/Private/ScreenPixelShader.usf" 1769
"../../../Engine/Shaders/Private/SSProfilePreIntegratedMobile.usf" 1770
"../../../Engine/Shaders/Private/BurleyNormalizedSSSCommon.ush" 1771
"../../../Engine/Shaders/Private/SubsurfaceProfileCommon.ush" 1772
"../../../Engine/Shaders/Private/Nanite/NaniteClusterCulling.usf" 1773
"../../../Engine/Shaders/Private/WaveOpUtil.ush" 1774
"../../../Engine/Shaders/Private/VirtualShadowMaps/VirtualShadowMapPageOverlap.ush" 1775
"../../../Engine/Shaders/Private/Nanite/NaniteHZBCull.ush" 1776
"../../../Engine/Shaders/Private/VirtualShadowMaps/VirtualShadowMapPageAccessCommon.ush" 1777
"../../../Engine/Shaders/Private/Nanite/NaniteCulling.ush" 1778
"../../../Engine/Shaders/Private/GPUMessaging.ush" 1779
"../../../Engine/Shaders/Private/Nanite/NaniteTranscode.usf" 1780
"../../../Engine/Shaders/Private/VolumetricLightmapStreaming.usf" 1781
"../../../Engine/Shaders/Private/PhysicsFieldReset.usf" 1782
"../../../Engine/Shaders/Private/PhysicsFieldBuilder.usf" 1783
"../../../Engine/Shaders/Private/PhysicsFieldEval.ush" 1784
"../../../Engine/Shaders/Private/ParticleSortKeyGen.usf" 1785
"../../../Engine/Shaders/Private/ParticleBoundsShader.usf" 1786
"../../../Engine/Shaders/Private/ParticleSimVisualizeShader.usf" 1787
"../../../Engine/Shaders/Private/ParticleInjectionShader.usf" 1788
"../../../Engine/Shaders/Private/ParticleSimulationShader.usf" 1789
"../../../Engine/Shaders/Private/ParticleCurveInjectionShader.usf" 1790
"../../../Engine/Shaders/Private/CopyUIntBuffer.usf" 1791
"../../../Engine/Shaders/Private/RadixSortShaders.usf" 1792
"../../../Engine/Shaders/Private/RecomputeTangentsPerVertexPass.usf" 1793
"../../../Engine/Shaders/Private/RecomputeTangentsCommon.ush" 1794
"../../../Engine/Shaders/Private/RecomputeTangentsPerTrianglePass.usf" 1795
"../../../Engine/Shaders/Private/GpuSkinCacheComputeShader.usf" 1796
"../../../Engine/Shaders/Private/HeightFieldAtlasManagement.usf" 1797
"../../../Engine/Shaders/Private/LandscapePhysicalMaterial.usf" 1798
"../../../Engine/Shaders/Private/LandscapeGrassWeight.usf" 1799
"../../../Engine/Shaders/Private/Landscape/LandscapeLayersWeightmapsPS.usf" 1800
"../../../Engine/Shaders/Private/Landscape/LandscapeLayersHeightmapsPS.usf" 1801
"../../../Engine/Shaders/Private/LandscapeLayersCS.usf" 1802
"../../../Engine/Shaders/Private/LandscapeLayersPS.usf" 1803
"../../../Engine/Shaders/Private/LandscapeLayersVS.usf" 1804
"../../../Engine/Shaders/Private/WideCustomResolveShaders.usf" 1805
"../../../Engine/Shaders/Private/WideCustomResolve_Wide.ush" 1806
"../../../Engine/Shaders/Private/WideCustomResolve_Wider.ush" 1807
"../../../Engine/Shaders/Private/WideCustomResolve_Widest.ush" 1808
"../../../Engine/Shaders/Private/PageTableUpdate.usf" 1809
"../../../Engine/Shaders/Private/VirtualTextureCompress.usf" 1810
"../../../Engine/Shaders/Private/BlockCompressionCommon.ush" 1811
"../../../Engine/Shaders/Private/BCCompressionCommon.ush" 1812
"../../../Engine/Shaders/Private/ETCCompressionCommon.ush" 1813
"../../../Engine/Shaders/Private/VirtualTextureMaterial.usf" 1814
"../../../Engine/Shaders/Private/PixelShaderOutputCommon.ush" 1815
"../../../Engine/Shaders/Private/VolumetricRenderTarget.usf" 1816
"../../../Engine/Shaders/Private/VolumetricFogVoxelization.usf" 1817
"../../../Engine/Shaders/Private/VolumetricCloudMaterialPixelCommon.ush" 1818
"../../../Engine/Shaders/Private/VolumetricFogLightFunction.usf" 1819
"../../../Engine/Shaders/Private/LightFunctionCommon.ush" 1820
"../../../Engine/Shaders/Private/VolumetricFog.usf" 1821
"../../../Engine/Shaders/Private/DeferredLightingCommon.ush" 1822
"../../../Engine/Shaders/Private/DynamicLightingCommon.ush" 1823
"../../../Engine/Shaders/Private/CapsuleLightIntegrate.ush" 1824
"../../../Engine/Shaders/Private/AreaLightCommon.ush" 1825
"../../../Engine/Shaders/Private/RectLight.ush" 1826
"../../../Engine/Shaders/Private/CapsuleLight.ush" 1827
"../../../Engine/Shaders/Private/ShadingModels.ush" 1828
"../../../Engine/Shaders/Private/TransmissionCommon.ush" 1829
"../../../Engine/Shaders/Private/HairBsdf.ush" 1830
"../../../Engine/Shaders/Private/CapsuleLightSampling.ush" 1831
"../../../Engine/Shaders/Private/RectLightIntegrate.ush" 1832
"../../../Engine/Shaders/Private/LightGridCommon.ush" 1833
"../../../Engine/Shaders/Private/HeightFogCommon.ush" 1834
"../../../Engine/Shaders/Private/DistanceFieldAOShared.ush" 1835
"../../../Engine/Shaders/Private/VolumeLightingCommon.ush" 1836
"../../../Engine/Shaders/Private/ShadowFilteringCommon.ush" 1837
"../../../Engine/Shaders/Private/PixelQuadMessagePassing.ush" 1838
"../../../Engine/Shaders/Private/VolumeLightingCommonSampling.ush" 1839
"../../../Engine/Shaders/Private/VolumetricLightmapShared.ush" 1840
"../../../Engine/Shaders/Private/ForwardShadowingCommon.ush" 1841
"../../../Engine/Shaders/Private/Lumen/LumenTranslucencyVolumeShared.ush" 1842
"../../../Engine/Shaders/Private/Lumen/LumenRadianceCacheInterpolation.ush" 1843
"../../../Engine/Shaders/Private/VirtualShadowMaps/VirtualShadowMapProjectionCommon.ush" 1844
"../../../Engine/Shaders/Private/VirtualShadowMaps/VirtualShadowMapProjectionStructs.ush" 1845
"../../../Engine/Shaders/Private/VolumetricCloudCommon.ush" 1846
"../../../Engine/Shaders/Private/VolumetricCloud.usf" 1847
"../../../Engine/Shaders/Private/ReflectionEnvironmentShared.ush" 1848
"../../../Engine/Shaders/Private/VisualizeVolumetricLightmap.usf" 1849
"../../../Engine/Shaders/Private/VirtualShadowMaps/VirtualShadowMapProjection.usf" 1850
"../../../Engine/Shaders/Private/LightShaderParameters.ush" 1851
"../../../Engine/Shaders/Private/Visualization.ush" 1852
"../../../Engine/Shaders/Private/VirtualShadowMaps/VirtualShadowMapProjectionDirectional.ush" 1853
"../../../Engine/Shaders/Private/PathTracing/Utilities/PathTracingRandomSequence.ush" 1854
"../../../Engine/Shaders/Private/VirtualShadowMaps/VirtualShadowMapSMRTCommon.ush" 1855
"../../../Engine/Shaders/Private/VirtualShadowMaps/VirtualShadowMapSMRTTemplate.ush" 1856
"../../../Engine/Shaders/Private/VirtualShadowMaps/VirtualShadowMapProjectionSpot.ush" 1857
"../../../Engine/Shaders/Private/VirtualShadowMaps/VirtualShadowMapTransmissionCommon.ush" 1858
"../../../Engine/Shaders/Shared/VirtualShadowMapDefinitions.h" 1859
"../../../Engine/Shaders/Private/HairStrands/HairStrandsVoxelPageCommon.ush" 1860
"../../../Engine/Shaders/Private/HairStrands/HairStrandsVoxelPageTraversal.ush" 1861
"../../../Engine/Shaders/Private/VirtualShadowMaps/VirtualShadowMapCacheManagement.usf" 1862
"../../../Engine/Shaders/Private/VirtualShadowMaps/VirtualShadowMapPageCacheCommon.ush" 1863
"../../../Engine/Shaders/Private/ScreenSpaceDenoise/SSDDefinitions.ush" 1864
"../../../Engine/Shaders/Private/InstanceCulling/InstanceCullingLoadBalancer.ush" 1865
"../../../Engine/Shaders/Private/VirtualShadowMaps/VirtualShadowMapCopyStats.usf" 1866
"../../../Engine/Shaders/Private/VirtualShadowMaps/VirtualShadowMapPageManagement.usf" 1867
"../../../Engine/Shaders/Private/HairStrands/HairStrandsTileCommon.ush" 1868
"../../../Engine/Shaders/Private/ReductionCommon.ush" 1869
"../../../Engine/Shaders/Private/VirtualShadowMaps/VirtualShadowMapStats.ush" 1870
"../../../Engine/Shaders/Private/VirtualShadowMaps/VirtualShadowMapBuildPerPageDrawCommands.usf" 1871
"../../../Engine/Shaders/Private/InstanceCulling/InstanceCullingCommon.ush" 1872
"../../../Engine/Shaders/Private/VirtualShadowMaps/VirtualShadowMapPrintStats.usf" 1873
"../../../Engine/Shaders/Private/VirtualShadowMaps/VirtualShadowMapDebug.usf" 1874
"../../../Engine/Shaders/Private/VelocityShader.usf" 1875
"../../../Engine/Shaders/Private/VelocityCommon.ush" 1876
"../../../Engine/Shaders/Private/VariableRateShading.usf" 1877
"../../../Engine/Shaders/Private/TranslucencyUpsampling.usf" 1878
"../../../Engine/Shaders/Private/ScreenPass.ush" 1879
"../../../Engine/Shaders/Private/ComposeSeparateTranslucency.usf" 1880
"../../../Engine/Shaders/Private/SeparateTranslucency.ush" 1881
"../../../Engine/Shaders/Private/TranslucentLightInjectionShaders.usf" 1882
"../../../Engine/Shaders/Private/TranslucentShadowDepthShaders.usf" 1883
"../../../Engine/Shaders/Private/ShadowDepthCommon.ush" 1884
"../../../Engine/Shaders/Private/RayTracing/RayTracingTest.usf" 1885
"../../../Engine/Shaders/Private/PostProcessSubsurfaceTile.usf" 1886
"../../../Engine/Shaders/Private/Strata/StrataTiling.usf" 1887
"../../../Engine/Shaders/Private/Strata/StrataMaterialClassification.usf" 1888
"../../../Engine/Shaders/Private/Strata/StrataVisualize.usf" 1889
"../../../Engine/Shaders/Private/Strata/StrataEvaluation.ush" 1890
"../../../Engine/Shaders/Private/HairStrands/HairStrandsCommon.ush" 1891
"../../../Engine/Shaders/Private/HairStrands/HairStrandsDeepTransmittanceCommon.ush" 1892
"../../../Engine/Shaders/Private/HairStrands/HairStrandsDeepTransmittanceDualScattering.ush" 1893
"../../../Engine/Shaders/Private/SkyAtmosphere.usf" 1894
"../../../Engine/Shaders/Private/SingleLayerWaterComposite.usf" 1895
"../../../Engine/Shaders/Private/ReflectionEnvironmentComposite.ush" 1896
"../../../Engine/Shaders/Private/ShadowProjectionVertexShader.usf" 1897
"../../../Engine/Shaders/Private/ShadowProjectionPixelShader.usf" 1898
"../../../Engine/Shaders/Private/ShadowPercentageCloserFiltering.ush" 1899
"../../../Engine/Shaders/Private/TransmissionThickness.ush" 1900
"../../../Engine/Shaders/Private/CopyShadowMaps.usf" 1901
"../../../Engine/Shaders/Private/ShadowDepthPixelShader.usf" 1902
"../../../Engine/Shaders/Private/ShadowDepthVertexShader.usf" 1903
"../../../Engine/Shaders/Private/ShadingEnergyConservationTable.usf" 1904
"../../../Engine/Shaders/Shared/PathTracingDefinitions.h" 1905
"../../../Engine/Shaders/Private/PathTracing/Material/PathTracingGlossy.ush" 1906
"../../../Engine/Shaders/Private/PathTracing/Material/PathTracingFresnel.ush" 1907
"../../../Engine/Shaders/Private/ShadingFurnaceTest.usf" 1908
"../../../Engine/Shaders/Private/Strata/StrataDeferredLighting.ush" 1909
"../../../Engine/Shaders/Private/ShaderPrintDraw.usf" 1910
"../../../Engine/Shaders/Private/ShaderDrawDebug.usf" 1911
"../../../Engine/Shaders/Private/SSRT/SSRTTraceProbeOcclusion.usf" 1912
"../../../Engine/Shaders/Private/SSRT/SSRTRayCast.ush" 1913
"../../../Engine/Shaders/Private/SSRT/SSRTTileClassificationBuffer.ush" 1914
"../../../Engine/Shaders/Private/Lumen/FinalGather/LumenProbeOcclusion.ush" 1915
"../../../Engine/Shaders/Public/WaveBroadcastIntrinsics.ush" 1916
"../../../Engine/Shaders/Private/Lumen/ProbeHierarchy/LumenCubemapProbeHierarchy.ush" 1917
"../../../Engine/Shaders/Private/Lumen/ProbeHierarchy/LumenProbeHierarchy.ush" 1918
"../../../Engine/Shaders/Private/HybridIndirectLighting.ush" 1919
"../../../Engine/Shaders/Private/ScreenSpaceDenoise/DenoisingCommon.ush" 1920
"../../../Engine/Shaders/Private/ShadingModelsSampling.ush" 1921
"../../../Engine/Shaders/Private/HairStrands/HairBsdfSample.ush" 1922
"../../../Engine/Shaders/Private/Lumen/FinalGather/LumenProbeOcclusionPass.ush" 1923
"../../../Engine/Shaders/Private/SSRT/SSRTTraceProbe.usf" 1924
"../../../Engine/Shaders/Private/Lumen/ProbeHierarchy/LumenProbeTracing.ush" 1925
"../../../Engine/Shaders/Private/SSRT/SSRTDiffuseIndirect.usf" 1926
"../../../Engine/Shaders/Private/SSRT/SSRTReflections.usf" 1927
"../../../Engine/Shaders/Private/ScreenSpaceDenoise/SSDPublic.ush" 1928
"../../../Engine/Shaders/Private/SSRT/SSRTTileClassification.usf" 1929
"../../../Engine/Shaders/Private/SSRT/SSRTPrevFrameReduction.usf" 1930
"../../../Engine/Shaders/Private/ScreenSpaceDenoise/SSDComposeHarmonics.usf" 1931
"../../../Engine/Shaders/Private/ScreenSpaceDenoise/SSDPublicHarmonics.ush" 1932
"../../../Engine/Shaders/Private/ScreenSpaceDenoise/SSDSignalFramework.ush" 1933
"../../../Engine/Shaders/Private/ScreenSpaceDenoise/SSDCommon.ush" 1934
"../../../Engine/Shaders/Private/SphericalGaussian.ush" 1935
"../../../Engine/Shaders/Private/ScreenSpaceDenoise/SSDMetadata.ush" 1936
"../../../Engine/Shaders/Private/ScreenSpaceDenoise/SSDSignalCore.ush" 1937
"../../../Engine/Shaders/Private/ScreenSpaceDenoise/SSDSignalArray.ush" 1938
"../../../Engine/Shaders/Private/ScreenSpaceDenoise/SSDSignalBufferEncoding.ush" 1939
"../../../Engine/Shaders/Private/ScreenSpaceDenoise/SSDPublicBufferEncoding.ush" 1940
"../../../Engine/Shaders/Private/Lumen/LumenBufferEncoding.ush" 1941
"../../../Engine/Shaders/Private/ScreenSpaceDenoise/SSDTemporalAccumulation.usf" 1942
"../../../Engine/Shaders/Private/ScreenSpaceDenoise/SSDSpatialKernel.ush" 1943
"../../../Engine/Shaders/Private/ScreenSpaceDenoise/SSDSignalAccumulatorArray.ush" 1944
"../../../Engine/Shaders/Private/ScreenSpaceDenoise/SSDSignalAccumulator.ush" 1945
"../../../Engine/Shaders/Private/ScreenSpaceDenoise/SSDSignalCompression.ush" 1946
"../../../Engine/Shaders/Private/TextureSampling.ush" 1947
"../../../Engine/Shaders/Private/ScreenSpaceDenoise/SSDSpatialAccumulation.usf" 1948
"../../../Engine/Shaders/Private/ScreenSpaceDenoise/SSDInjest.usf" 1949
"../../../Engine/Shaders/Private/ScreenSpaceDenoise/SSDCompressMetadata.usf" 1950
"../../../Engine/Shaders/Private/DownsampleDepthPixelShader.usf" 1951
"../../../Engine/Shaders/Private/ScreenPass.usf" 1952
"../../../Engine/Shaders/Private/HZB.usf" 1953
"../../../Engine/Shaders/Private/HZBOcclusion.usf" 1954
"../../../Engine/Shaders/Private/OcclusionQueryPixelShader.usf" 1955
"../../../Engine/Shaders/Private/OcclusionQueryVertexShader.usf" 1956
"../../../Engine/Shaders/Private/HitProxyPixelShader.usf" 1957
"../../../Engine/Shaders/Private/HitProxyVertexShader.usf" 1958
"../../../Engine/Shaders/Private/ODSCapture.usf" 1959
"../../../Engine/Shaders/Private/SceneCapturePixelShader.usf" 1960
"../../../Engine/Shaders/Private/RTWriteMaskDecode.usf" 1961
"../../../Engine/Shaders/Private/ReflectionEnvironmentShaders.usf" 1962
"../../../Engine/Shaders/Private/SkyLightingShared.ush" 1963
"../../../Engine/Shaders/Private/RayTracing/VisualizeSkyLightMipTreePS.usf" 1964
"../../../Engine/Shaders/Private/RayTracing/MipTreeCommon.ush" 1965
"../../../Engine/Shaders/Private/RayTracing/CompositeSkyLightPS.usf" 1966
"../../../Engine/Shaders/Private/RayTracing/GenerateSkyLightVisibilityRaysCS.usf" 1967
"../../../Engine/Shaders/Private/RayTracing/RayTracingSkyLightCommon.ush" 1968
"../../../Engine/Shaders/Private/RayTracing/SkyLightVisibilityRaysData.ush" 1969
"../../../Engine/Shaders/Private/Raytracing/RaytracingSkylightRGS.usf" 1970
"../../../Engine/Shaders/Private/HairStrands/HairStrandsRaytracing.ush" 1971
"../../../Engine/Shaders/Private/Raytracing/RayTracingSkyLightEvaluation.ush" 1972
"../../../Engine/Shaders/Private/Raytracing/RayTracingDeferredShadingCommon.ush" 1973
"../../../Engine/Shaders/Private/RayTracing/RayTracingOcclusionRGS.usf" 1974
"../../../Engine/Shaders/Private/RayTracing/RayTracingDirectionalLight.ush" 1975
"../../../Engine/Shaders/Private/RayTracing/RayTracingRectLight.ush" 1976
"../../../Engine/Shaders/Private/RayTracing/RayTracingSphereLight.ush" 1977
"../../../Engine/Shaders/Private/RayTracing/RayTracingSpotLight.ush" 1978
"../../../Engine/Shaders/Private/RayTracing/RayTracingDiskLight.ush" 1979
"../../../Engine/Shaders/Private/RayTracing/RayTracingPointLight.ush" 1980
"../../../Engine/Shaders/Private/RayTracing/SplitImaginaryReflectionGBufferCS.usf" 1981
"../../../Engine/Shaders/Private/RayTracing/RayTracingReflectionsCommon.ush" 1982
"../../../Engine/Shaders/Private/RayTracing/RayTracingReflections.usf" 1983
"../../../Engine/Shaders/Private/RayTracing/RayTracingLightingCommon.ush" 1984
"../../../Engine/Shaders/Private/RayTracing/RayTracingLightCullingCommon.ush" 1985
"../../../Engine/Shaders/Private/RayTracing/RayTracingReflectionEnvironment.ush" 1986
"../../../Engine/Shaders/Private/RayTracing/RayTracingPrimaryRays.usf" 1987
"../../../Engine/Shaders/Private/RayTracing/RayTracingMaterialDefaultHitShaders.usf" 1988
"../../../Engine/Shaders/Private/RayTracing/RayTracingMaterialHitShaders.usf" 1989
"../../../Engine/Shaders/Private/RayTracing/RayTracingCalcInterpolants.ush" 1990
"../../../Engine/Shaders/Private/LightmapCommon.ush" 1991
"../../../Engine/Shaders/Private/Lumen/LumenHardwareRayTracingPayloadCommon.ush" 1992
"../../../Engine/Shaders/Private/RayTracing/RayTracingLightingMS.usf" 1993
"../../../Engine/Shaders/Private/RayTracing/GenerateCulledLightListCS.usf" 1994
"../../../Engine/Shaders/Private/Raytracing/RayTracingInstanceBufferUtil.usf" 1995
"../../../Engine/Shaders/Private/RayTracing/RayTracingFinalGatherRGS.usf" 1996
"../../../Engine/Shaders/Private/RayTracing/RayTracingGatherPoints.ush" 1997
"../../../Engine/Shaders/Private/PathTracing/Light/PathTracingLightSampling.ush" 1998
"../../../Engine/Shaders/Private/PathTracing/Light/PathTracingLightCommon.ush" 1999
"../../../Engine/Shaders/Shared/RayTracingTypes.h" 2000
"../../../Engine/Shaders/Private/PathTracing/Light/PathTracingDirectionalLight.ush" 2001
"../../../Engine/Shaders/Private/PathTracing/Light/PathTracingPointLight.ush" 2002
"../../../Engine/Shaders/Private/PathTracing/Light/PathTracingCapsuleLight.ush" 2003
"../../../Engine/Shaders/Private/PathTracing/Light/PathTracingRectLight.ush" 2004
"../../../Engine/Shaders/Private/PathTracing/Light/PathTracingSkyLight.ush" 2005
"../../../Engine/Shaders/Private/PathTracing/Light/PathTracingSpotLight.ush" 2006
"../../../Engine/Shaders/Private/PathTracing/Material/PathTracingMaterialSampling.ush" 2007
"../../../Engine/Shaders/Private/PathTracing/Material/PathTracingMaterialCommon.ush" 2008
"../../../Engine/Shaders/Private/PathTracing/PathTracingCommon.ush" 2009
"../../../Engine/Shaders/Private/PathTracing/Material/PathTracingLambert.ush" 2010
"../../../Engine/Shaders/Private/PathTracing/Material/PathTracingRadianceProbe.ush" 2011
"../../../Engine/Shaders/Private/PathTracing/Material/FirstBounceRayGuidingCommon.ush" 2012
"../../../Engine/Shaders/Private/PathTracing/Material/PathTracingSpecularReflection.ush" 2013
"../../../Engine/Shaders/Private/PathTracing/Material/PathTracingSpecularTransmission.ush" 2014
"../../../Engine/Shaders/Private/PathTracing/Material/PathTracingSolidGlass.ush" 2015
"../../../Engine/Shaders/Private/PathTracing/Material/PathTracingEnergyConservation.ush" 2016
"../../../Engine/Shaders/Private/PathTracing/Material/PathTracingThinGlass.ush" 2017
"../../../Engine/Shaders/Private/PathTracing/Material/PathTracingDefaultLit.ush" 2018
"../../../Engine/Shaders/Private/PathTracing/Material/PathTracingClearCoat.ush" 2019
"../../../Engine/Shaders/Private/PathTracing/Material/PathTracingTwoSidedFoliage.ush" 2020
"../../../Engine/Shaders/Private/PathTracing/Material/PathTracingCloth.ush" 2021
"../../../Engine/Shaders/Private/PathTracing/Material/PathTracingSubsurfaceProfile.ush" 2022
"../../../Engine/Shaders/Private/PathTracing/Material/PathTracingEye.ush" 2023
"../../../Engine/Shaders/Private/PathTracing/Material/PathTracingHair.ush" 2024
"../../../Engine/Shaders/Private/RayTracing/RayTracingCreateGatherPointsRGS.usf" 2025
"../../../Engine/Shaders/Private/RayTracing/RayTracingGlobalIlluminationRGS.usf" 2026
"../../../Engine/Shaders/Private/RayTracing/RayTracingDynamicMesh.usf" 2027
"../../../Engine/Shaders/Private/RayTracing/RayTracingDeferredReflections.usf" 2028
"../../../Engine/Shaders/Private/RayTracing/RayTracingDeferredMaterials.ush" 2029
"../../../Engine/Shaders/Shared/ThirdParty/AMD/ags_shader_intrinsics_dx12.h" 2030
"../../../Engine/Shaders/Private/RayTracing/RayTracingDeferredReflections.ush" 2031
"../../../Engine/Shaders/Private/RayTracing/RayTracingReflectionResolve.usf" 2032
"../../../Engine/Shaders/Private/RayTracing/RayTracingReflectionsGenerateRaysCS.usf" 2033
"../../../Engine/Shaders/Private/RayTracing/MaterialSort.usf" 2034
"../../../Engine/Shaders/Private/RayTracing/RayTracingDeferredMaterials.usf" 2035
"../../../Engine/Shaders/Private/RayTracing/RayTracingDebugTraversal.usf" 2036
"../../../Engine/Shaders/Shared/RayTracingDebugDefinitions.h" 2037
"../../../Engine/Shaders/Private/RayTracing/TraceRayInline.ush" 2038
"../../../Engine/Shaders/Private/RayTracing/TraceRayInlineCommon.ush" 2039
"../../../Engine/Shaders/Private/RayTracing/TraceRayInlineVulkan.ush" 2040
"../../../Engine/Shaders/Private/RayTracing/RayTracingDebug.usf" 2041
"../../../Engine/Shaders/Private/RayTracing/RayTracingBarycentrics.usf" 2042
"../../../Engine/Shaders/Private/RayTracing/RayTracingAmbientOcclusionRGS.usf" 2043
"../../../Engine/Shaders/Private/VisualizeShadingModels.usf" 2044
"../../../Engine/Shaders/Private/PostProcessCommon.ush" 2045
"../../../Engine/Shaders/Private/MotionBlur/VisualizeMotionVectors.usf" 2046
"../../../Engine/Shaders/Private/TemporalSuperResolution/TSRDebugHistory.usf" 2047
"../../../Engine/Shaders/Private/TemporalSuperResolution/TSRCommon.ush" 2048
"../../../Engine/Shaders/Public/DualPixelVectorization.ush" 2049
"../../../Engine/Shaders/Private/TemporalSuperResolution/TSRResolveHistory.usf" 2050
"../../../Engine/Shaders/Private/TemporalSuperResolution/TSRUpdateHistory.usf" 2051
"../../../Engine/Shaders/Private/TemporalSuperResolution/TSRFilterAntiAliasing.usf" 2052
"../../../Engine/Shaders/Private/TemporalSuperResolution/TSRSpatialAntiAliasing.usf" 2053
"../../../Engine/Shaders/Private/TemporalSuperResolution/TSRDilateRejection.usf" 2054
"../../../Engine/Shaders/Private/TemporalSuperResolution/TSRPostfilterRejection.usf" 2055
"../../../Engine/Shaders/Private/TemporalSuperResolution/TSRCompareHistory.usf" 2056
"../../../Engine/Shaders/Private/TemporalSuperResolution/TSRFilterFrequencies.usf" 2057
"../../../Engine/Shaders/Private/TemporalSuperResolution/TSRHoleFillVelocity.usf" 2058
"../../../Engine/Shaders/Private/TemporalSuperResolution/TSRCompareTranslucency.usf" 2059
"../../../Engine/Shaders/Private/TemporalSuperResolution/TSRDecimateHistory.usf" 2060
"../../../Engine/Shaders/Private/TemporalSuperResolution/TSRDilateVelocity.usf" 2061
"../../../Engine/Shaders/Private/MotionBlur/MotionBlurVelocityFlatten.ush" 2062
"../../../Engine/Shaders/Private/MotionBlur/MotionBlurCommon.ush" 2063
"../../../Engine/Shaders/Private/TemporalSuperResolution/TSRClearPrevTextures.usf" 2064
"../../../Engine/Shaders/Private/TemporalAA.usf" 2065
"../../../Engine/Shaders/Private/FilterPixelShader.usf" 2066
"../../../Engine/Shaders/Private/FilterVertexShader.usf" 2067
"../../../Engine/Shaders/Private/PostProcessVisualizeBuffer.usf" 2068
"../../../Engine/Shaders/Private/PostProcessVisualizeLocalExposure.usf" 2069
"../../../Engine/Shaders/Private/PostProcessHistogramCommon.ush" 2070
"../../../Engine/Shaders/Private/PostProcessVisualizeLevelInstance.usf" 2071
"../../../Engine/Shaders/Private/PostProcessVisualizeHDR.usf" 2072
"../../../Engine/Shaders/Private/ShaderComplexityApplyPixelShader.usf" 2073
"../../../Engine/Shaders/Private/QuadOverdraw.ush" 2074
"../../../Engine/Shaders/Private/PostProcessUpscale.usf" 2075
"../../../Engine/Shaders/Private/PostProcessTonemap.usf" 2076
"../../../Engine/Shaders/Private/PostProcessing/FilmGrainPackConstants.usf" 2077
"../../../Engine/Shaders/Private/PostProcessing/FilmGrainReduce.usf" 2078
"../../../Engine/Shaders/Private/PostProcessTestImage.usf" 2079
"../../../Engine/Shaders/Private/PostProcessSubsurface.usf" 2080
"../../../Engine/Shaders/Private/SeparableSSS.ush" 2081
"../../../Engine/Shaders/Private/SubsurfaceBurleyNormalized.ush" 2082
"../../../Engine/Shaders/Private/PostProcessSelectionOutline.usf" 2083
"../../../Engine/Shaders/Private/PostProcessPixelProjectedReflectionMobile.usf" 2084
"../../../Engine/Shaders/Private/MotionBlur/MotionBlurVisualize.usf" 2085
"../../../Engine/Shaders/Private/MotionBlur/MotionBlurApply.usf" 2086
"../../../Engine/Shaders/Private/MotionBlur/MotionBlurFilterTileClassify.usf" 2087
"../../../Engine/Shaders/Private/MotionBlur/MotionBlurTileScatter.usf" 2088
"../../../Engine/Shaders/Private/MotionBlur/MotionBlurTileGather.usf" 2089
"../../../Engine/Shaders/Private/MotionBlur/MotionBlurVelocityFlatten.usf" 2090
"../../../Engine/Shaders/Private/PostProcessMobile.usf" 2091
"../../../Engine/Shaders/Private/PostProcessMitchellNetravali.usf" 2092
"../../../Engine/Shaders/Private/PostProcessMaterialShaders.usf" 2093
"../../../Engine/Shaders/Private/PostProcessLocalExposure.usf" 2094
"../../../Engine/Shaders/Private/PostProcessLensFlares.usf" 2095
"../../../Engine/Shaders/Private/PostProcessHMD.usf" 2096
"../../../Engine/Shaders/Private/Histogram.usf" 2097
"../../../Engine/Shaders/Private/PostProcessHistogramReduce.usf" 2098
"../../../Engine/Shaders/Private/PostProcessHistogram.usf" 2099
"../../../Engine/Shaders/Private/PostProcessGBufferHints.usf" 2100
"../../../Engine/Shaders/Private/Bloom/BloomFinalizeApplyConstants.usf" 2101
"../../../Engine/Shaders/Private/Bloom/BloomCommon.ush" 2102
"../../../Engine/Shaders/Private/Bloom/BloomResizeKernel.usf" 2103
"../../../Engine/Shaders/Private/Bloom/BloomClampKernel.usf" 2104
"../../../Engine/Shaders/Private/Bloom/BloomPackKernelConstants.usf" 2105
"../../../Engine/Shaders/Private/Bloom/BloomSumScatterDispersionEnergy.usf" 2106
"../../../Engine/Shaders/Private/Bloom/BloomReduceKernelSurvey.usf" 2107
"../../../Engine/Shaders/Private/Bloom/BloomSurveyKernelCenterEnergy.usf" 2108
"../../../Engine/Shaders/Private/Bloom/BloomSurveyMaxScatterDispersion.usf" 2109
"../../../Engine/Shaders/Private/Bloom/BloomFindKernelCenter.usf" 2110
"../../../Engine/Shaders/Private/PostProcessEyeAdaptation.usf" 2111
"../../../Engine/Shaders/Private/PostProcessDownsample.usf" 2112
"../../../Engine/Shaders/Private/PostProcessDOF.usf" 2113
"../../../Engine/Shaders/Private/PostProcessDeviceEncodingOnly.usf" 2114
"../../../Engine/Shaders/Private/PostProcessCompositeEditorPrimitives.usf" 2115
"../../../Engine/Shaders/Private/PostProcessCombineLUTs.usf" 2116
"../../../Engine/Shaders/Private/PostProcessVisualizeDOF.usf" 2117
"../../../Engine/Shaders/Private/PostProcessBloom.usf" 2118
"../../../Engine/Shaders/Private/PostProcessAmbientOcclusionMobile.usf" 2119
"../../../Engine/Shaders/Private/PostProcessAmbientOcclusionCommon.ush" 2120
"../../../Engine/Shaders/Private/FXAAShader.usf" 2121
"../../../Engine/Shaders/Private/Fxaa3_11.ush" 2122
"../../../Engine/Shaders/Private/DiaphragmDOF/DOFRecombine.usf" 2123
"../../../Engine/Shaders/Private/DiaphragmDOF/DOFCommon.ush" 2124
"../../../Engine/Shaders/Private/DiaphragmDOF/DOFHybridScatterPixelShader.usf" 2125
"../../../Engine/Shaders/Private/DiaphragmDOF/DOFHybridScatterCommon.ush" 2126
"../../../Engine/Shaders/Private/DiaphragmDOF/DOFHybridScatterVertexShader.usf" 2127
"../../../Engine/Shaders/Private/DiaphragmDOF/DOFPostfiltering.usf" 2128
"../../../Engine/Shaders/Private/DiaphragmDOF/DOFGatherTileSuggest.ush" 2129
"../../../Engine/Shaders/Private/DiaphragmDOF/DOFCocTileCommon.ush" 2130
"../../../Engine/Shaders/Private/DiaphragmDOF/DOFGatherPass.usf" 2131
"../../../Engine/Shaders/Private/DiaphragmDOF/DOFGatherCommon.ush" 2132
"../../../Engine/Shaders/Private/DiaphragmDOF/DOFGatherAccumulator.ush" 2133
"../../../Engine/Shaders/Private/DiaphragmDOF/DOFGatherKernel.ush" 2134
"../../../Engine/Shaders/Private/DiaphragmDOF/DOFBokehLUT.usf" 2135
"../../../Engine/Shaders/Private/DiaphragmDOF/DOFHybridScatterCompilation.usf" 2136
"../../../Engine/Shaders/Private/DiaphragmDOF/DOFReduce.usf" 2137
"../../../Engine/Shaders/Private/DiaphragmDOF/DOFDownsample.ush" 2138
"../../../Engine/Shaders/Private/DiaphragmDOF/DOFHybridScatterCompilation.ush" 2139
"../../../Engine/Shaders/Private/DiaphragmDOF/DOFDownsample.usf" 2140
"../../../Engine/Shaders/Private/DiaphragmDOF/DOFCocTileDilate.usf" 2141
"../../../Engine/Shaders/Private/DiaphragmDOF/DOFCocTileFlatten.usf" 2142
"../../../Engine/Shaders/Private/DiaphragmDOF/DOFSetup.usf" 2143
"../../../Engine/Shaders/Private/PlanarReflectionShaders.usf" 2144
"../../../Engine/Shaders/Private/PlanarReflectionShared.ush" 2145
"../../../Engine/Shaders/Private/PhysicsFieldVisualizer.usf" 2146
"../../../Engine/Shaders/Private/PathTracing/PathTracingCompositingPixelShader.usf" 2147
"../../../Engine/Shaders/Private/PathTracing/PathTracingMaterialHitShader.usf" 2148
"../../../Engine/Shaders/Private/PathTracing/PathTracingIESAtlas.usf" 2149
"../../../Engine/Shaders/Private/PathTracing/PathTracing.usf" 2150
"../../../Engine/Shaders/Private/PathTracing/PathTracingCore.ush" 2151
"../../../Engine/Shaders/Private/PathTracing/Light/PathTracingLightGrid.ush" 2152
"../../../Engine/Shaders/Private/PathTracing/PathTracingBuildLightGrid.usf" 2153
"../../../Engine/Shaders/Private/PathTracing/PathTracingSkylightMISCompensation.usf" 2154
"../../../Engine/Shaders/Private/PathTracing/PathTracingSkylightPrepare.usf" 2155
"../../../Engine/Shaders/Private/OIT/OITSorting.usf" 2156
"../../../Engine/Shaders/Private/HTileVisualize.usf" 2157
"../../../Engine/Shaders/Private/HTileEncoding.ush" 2158
"../../../Engine/Shaders/Private/Nanite/NaniteDebugViews.usf" 2159
"../../../Engine/Shaders/Private/Nanite/NaniteMaterialComplexity.usf" 2160
"../../../Engine/Shaders/Private/Nanite/NaniteVisualize.usf" 2161
"../../../Engine/Shaders/Private/VirtualShadowMaps/VirtualShadowMapStaticCaching.ush" 2162
"../../../Engine/Shaders/Private/Nanite/NaniteMaterialCulling.usf" 2163
"../../../Engine/Shaders/Private/Nanite/NaniteDepthExport.usf" 2164
"../../../Engine/Shaders/Private/Nanite/NaniteExportGBuffer.usf" 2165
"../../../Engine/Shaders/Private/Nanite/NaniteRasterizer.usf" 2166
"../../../Engine/Shaders/Private/Nanite/NaniteWritePixel.ush" 2167
"../../../Engine/Shaders/Shared/ThirdParty/NVIDIA/nvHLSLExtns.h" 2168
"../../../Engine/Shaders/Shared/ThirdParty/NVIDIA/nvHLSLExtnsInternal.h" 2169
"../../../Engine/Shaders/Shared/ThirdParty/NVIDIA/nvShaderExtnEnums.h" 2170
"../../../Engine/Shaders/Shared/ThirdParty/AMD/ags_shader_intrinsics_dx11.h" 2171
"../../../Engine/Shaders/Shared/ThirdParty/Intel/IntelExtensions.h" 2172
"../../../Engine/Shaders/Shared/ThirdParty/Intel/IntelExtensions12.h" 2173
"../../../Engine/Shaders/Private/WorkDistribution.ush" 2174
"../../../Engine/Shaders/Private/Nanite/NaniteInstanceCulling.usf" 2175
"../../../Engine/Shaders/Private/Nanite/NaniteImposter.ush" 2176
"../../../Engine/Shaders/Private/Nanite/NanitePrimitiveFilter.usf" 2177
"../../../Engine/Shaders/Private/Nanite/NanitePrintStats.usf" 2178
"../../../Engine/Shaders/Private/Nanite/NaniteEmitShadow.usf" 2179
"../../../Engine/Shaders/Private/MobileDeferredUtils.usf" 2180
"../../../Engine/Shaders/Private/MobileFog.usf" 2181
"../../../Engine/Shaders/Private/DistortApplyScreenPS.usf" 2182
"../../../Engine/Shaders/Private/Strata/StrataStatisticalOperators.ush" 2183
"../../../Engine/Shaders/Private/MobileDeferredShading.usf" 2184
"../../../Engine/Shaders/Private/MobileShadingModels.ush" 2185
"../../../Engine/Shaders/Private/MobileGGX.ush" 2186
"../../../Engine/Shaders/Private/MobileBasePassPixelShader.usf" 2187
"../../../Engine/Shaders/Private/MobileBasePassCommon.ush" 2188
"../../../Engine/Shaders/Private/ShadingModelsMaterial.ush" 2189
"../../../Engine/Shaders/Private/SingleLayerWaterShading.ush" 2190
"../../../Engine/Shaders/Private/DistortionCommon.ush" 2191
"../../../Engine/Shaders/Private/MobileBasePassVertexShader.usf" 2192
"../../../Engine/Shaders/Private/Lumen/LumenVoxelLighting.usf" 2193
"../../../Engine/Shaders/Private/Lumen/LumenCardCommon.ush" 2194
"../../../Engine/Shaders/Private/Lumen/LumenTracingCommon.ush" 2195
"../../../Engine/Shaders/Private/GlobalDistanceFieldUtils.ush" 2196
"../../../Engine/Shaders/Private/DistanceFieldLightingShared.ush" 2197
"../../../Engine/Shaders/Private/Lumen/LumenSurfaceCacheSampling.ush" 2198
"../../../Engine/Shaders/Private/Lumen/LumenVisualizeRadianceCache.usf" 2199
"../../../Engine/Shaders/Private/Lumen/LumenRadianceCacheCommon.ush" 2200
"../../../Engine/Shaders/Private/Lumen/LumenVisualizeHardwareRayTracing.usf" 2201
"../../../Engine/Shaders/Private/Lumen/LumenVisualize.ush" 2202
"../../../Engine/Shaders/Private/Lumen/LumenHardwareRayTracingCommon.ush" 2203
"../../../Engine/Shaders/Private/Lumen/LumenHardwareRayTracingPipelineCommon.ush" 2204
"../../../Engine/Shaders/Private/Lumen/LumenHardwareRayTracingPlatformCommon.ush" 2205
"../../../Engine/Shaders/Private/Lumen/LumenVisualize.usf" 2206
"../../../Engine/Shaders/Private/Lumen/LumenVisualizeTraces.ush" 2207
"../../../Engine/Shaders/Private/Lumen/LumenTranslucencyVolumeLighting.usf" 2208
"../../../Engine/Shaders/Private/Lumen/LumenRadianceCacheMarkCommon.ush" 2209
"../../../Engine/Shaders/Private/Lumen/LumenTranslucencyVolumeLightingShared.ush" 2210
"../../../Engine/Shaders/Private/Lumen/LumenTranslucencyVolumeHardwareRayTracing.usf" 2211
"../../../Engine/Shaders/Private/Lumen/LumenTranslucencyRadianceCacheMarkShaders.usf" 2212
"../../../Engine/Shaders/Private/Lumen/LumenSurfaceCacheFeedback.usf" 2213
"../../../Engine/Shaders/Private/Lumen/LumenSurfaceCache.usf" 2214
"../../../Engine/Shaders/Private/Lumen/LumenScreenSpaceBentNormal.usf" 2215
"../../../Engine/Shaders/Private/Lumen/LumenScreenProbeCommon.ush" 2216
"../../../Engine/Shaders/Private/BlueNoise.ush" 2217
"../../../Engine/Shaders/Private/Lumen/LumenScreenTracing.ush" 2218
"../../../Engine/Shaders/Private/Lumen/LumenScreenProbeTracing.usf" 2219
"../../../Engine/Shaders/Private/Lumen/LumenHairTracing.ush" 2220
"../../../Engine/Shaders/Private/Lumen/LumenScreenProbeImportanceSampling.usf" 2221
"../../../Engine/Shaders/Private/Lumen/LumenScreenProbeImportanceSamplingShared.ush" 2222
"../../../Engine/Shaders/Private/Lumen/LumenScreenProbeHardwareRayTracing.usf" 2223
"../../../Engine/Shaders/Private/Lumen/LumenScreenProbeGather.usf" 2224
"../../../Engine/Shaders/Private/ClearCoatCommon.ush" 2225
"../../../Engine/Shaders/Private/Lumen/LumenScreenSpaceBentNormal.ush" 2226
"../../../Engine/Shaders/Private/Lumen/LumenScreenProbeFiltering.usf" 2227
"../../../Engine/Shaders/Private/Lumen/LumenSceneLighting.usf" 2228
"../../../Engine/Shaders/Private/Lumen/LumenCardTile.ush" 2229
"../../../Engine/Shaders/Private/Lumen/LumenSceneLighting.ush" 2230
"../../../Engine/Shaders/Private/Lumen/Radiosity/LumenRadiosity.ush" 2231
"../../../Engine/Shaders/Private/Lumen/LumenCardPixelShader.usf" 2232
"../../../Engine/Shaders/Private/Lumen/LumenCardVertexShader.usf" 2233
"../../../Engine/Shaders/Private/Lumen/LumenSceneLightingDebug.usf" 2234
"../../../Engine/Shaders/Private/Lumen/LumenSceneDirectLightingHardwareRayTracing.usf" 2235
"../../../Engine/Shaders/Private/Lumen/LumenReflectionCommon.ush" 2236
"../../../Engine/Shaders/Private/Lumen/LumenSceneDirectLighting.ush" 2237
"../../../Engine/Shaders/Private/Lumen/LumenSceneDirectLightingShadowMask.usf" 2238
"../../../Engine/Shaders/Private/DistanceFieldShadowingShared.ush" 2239
"../../../Engine/Shaders/Private/Lumen/LumenSceneDirectLighting.usf" 2240
"../../../Engine/Shaders/Private/Lumen/LumenSceneDirectLightingCulling.usf" 2241
"../../../Engine/Shaders/Private/Lumen/LumenReflectionTracing.usf" 2242
"../../../Engine/Shaders/Private/Lumen/LumenReflections.usf" 2243
"../../../Engine/Shaders/Private/Lumen/LumenReflectionHardwareRayTracing.usf" 2244
"../../../Engine/Shaders/Private/Lumen/Radiosity/LumenRadiosity.usf" 2245
"../../../Engine/Shaders/Private/RayTracing/RayGenUtils.ush" 2246
"../../../Engine/Shaders/Private/Lumen/Radiosity/LumenRadiosityHardwareRayTracing.usf" 2247
"../../../Engine/Shaders/Private/Lumen/Radiosity/LumenRadiosityCulling.usf" 2248
"../../../Engine/Shaders/Private/Lumen/LumenRadianceCacheHardwareRayTracing.usf" 2249
"../../../Engine/Shaders/Private/Lumen/LumenRadianceCacheTracingCommon.ush" 2250
"../../../Engine/Shaders/Private/Lumen/LumenRadianceCache.usf" 2251
"../../../Engine/Shaders/Private/Lumen/LumenRadianceCacheUpdate.ush" 2252
"../../../Engine/Shaders/Private/Lumen/LumenRadianceCacheDebug.usf" 2253
"../../../Engine/Shaders/Private/Lumen/LumenRadianceCacheUpdate.usf" 2254
"../../../Engine/Shaders/Private/Lumen/FinalGather/LumenProbeOcclusionTracing.usf" 2255
"../../../Engine/Shaders/Private/Lumen/FinalGather/LumenProbeHierarchyTracing.usf" 2256
"../../../Engine/Shaders/Private/Lumen/FinalGather/LumenSampleProbeHierarchy.usf" 2257
"../../../Engine/Shaders/Private/Lumen/ProbeHierarchy/LumenComposeProbeAtlas.usf" 2258
"../../../Engine/Shaders/Private/Lumen/FinalGather/LumenMaskProbesDirections.usf" 2259
"../../../Engine/Shaders/Private/Lumen/FinalGather/LumenProbeOcclusionBuildTileLists.usf" 2260
"../../../Engine/Shaders/Private/Lumen/FinalGather/LumenProbeOcclusionAssignTileOffsets.usf" 2261
"../../../Engine/Shaders/Private/Lumen/FinalGather/LumenProbeOcclusionTileClassification.usf" 2262
"../../../Engine/Shaders/Private/Lumen/FinalGather/LumenResolveProbeIndex.usf" 2263
"../../../Engine/Shaders/Private/Lumen/FinalGather/LumenProbeHierarchySelectParent.usf" 2264
"../../../Engine/Shaders/Private/Lumen/FinalGather/LumenProbeHierarchyDilateResolveTiles.usf" 2265
"../../../Engine/Shaders/Private/Lumen/FinalGather/LumenProbeHierarchyBuildProbeArray.usf" 2266
"../../../Engine/Shaders/Private/Lumen/FinalGather/LumenProbeHierarchyBuildHierarchyInfo.usf" 2267
"../../../Engine/Shaders/Private/Lumen/FinalGather/LumenProbeHierarchyAssignAtomicTileOffset.usf" 2268
"../../../Engine/Shaders/Private/Lumen/FinalGather/LumenProbeHierarchyReduceDepthBounds.usf" 2269
"../../../Engine/Shaders/Private/Lumen/FinalGather/LumenProbeHierarchyScatterParentHierarchy.usf" 2270
"../../../Engine/Shaders/Private/Lumen/FinalGather/LumenProbeHierarchyScatterLeaves.usf" 2271
"../../../Engine/Shaders/Private/Lumen/LumenMeshSDFCulling.usf" 2272
"../../../Engine/Shaders/Private/MeshDistanceFieldCommon.ush" 2273
"../../../Engine/Shaders/Private/Lumen/LumenIrradianceFieldGather.usf" 2274
"../../../Engine/Shaders/Private/Lumen/LumenHardwareRayTracingMaterials.usf" 2275
"../../../Engine/Shaders/Private/Lumen/LumenHardwareRayTracingPipeline.usf" 2276
"../../../Engine/Shaders/Private/LightShaftShader.usf" 2277
"../../../Engine/Shaders/Private/StationaryLightOverlapShaders.usf" 2278
"../../../Engine/Shaders/Private/DeferredLightPixelShaders.usf" 2279
"../../../Engine/Shaders/Private/HairStrands/HairStrandsVisibilityUtils.ush" 2280
"../../../Engine/Shaders/Private/DeferredLightVertexShaders.usf" 2281
"../../../Engine/Shaders/Private/LightMapDensityShader.usf" 2282
"../../../Engine/Shaders/Private/LightGridInjection.usf" 2283
"../../../Engine/Shaders/Private/LightFunctionPixelShader.usf" 2284
"../../../Engine/Shaders/Private/LightFunctionVertexShader.usf" 2285
"../../../Engine/Shaders/Private/InstanceCulling/BuildInstanceDrawCommands.usf" 2286
"../../../Engine/Shaders/Private/InstanceCulling/InstanceCompactionCommon.ush" 2287
"../../../Engine/Shaders/Private/InstanceCulling/CompactVisibleInstances.usf" 2288
"../../../Engine/Shaders/Private/ThreadGroupPrefixSum.ush" 2289
"../../../Engine/Shaders/Private/ReflectionEnvironmentPixelShader.usf" 2290
"../../../Engine/Shaders/Private/SkyLightingDiffuseShared.ush" 2291
"../../../Engine/Shaders/Private/Strata/StrataEnvironmentLighting.ush" 2292
"../../../Engine/Shaders/Private/AmbientCubemapComposite.usf" 2293
"../../../Engine/Shaders/Private/DiffuseIndirectComposite.usf" 2294
"../../../Engine/Shaders/Private/HdrCustomResolveShaders.usf" 2295
"../../../Engine/Shaders/Private/HairStrands/HairStrandsVoxelMip.usf" 2296
"../../../Engine/Shaders/Private/HairStrands/HairStrandsVoxelRasterCompute.usf" 2297
"../../../Engine/Shaders/Private/HairStrands/HairStrandsVoxelPageAllocation.usf" 2298
"../../../Engine/Shaders/Private/Matrices.ush" 2299
"../../../Engine/Shaders/Private/HairStrands/HairStrandsVoxelOpaque.usf" 2300
"../../../Engine/Shaders/Private/HairStrands/HairStrandsHitProxy.usf" 2301
"../../../Engine/Shaders/Private/HairStrands/HairStrandsVisibilityRasterCompute.usf" 2302
"../../../Engine/Shaders/Private/HairStrands/HairStrandsCoverage.usf" 2303
"../../../Engine/Shaders/Private/HairStrands/HairStrandsVisibilityDepthPS.usf" 2304
"../../../Engine/Shaders/Private/HairStrands/HairStrandsVisibilityTransmittanceDepthPS.usf" 2305
"../../../Engine/Shaders/Private/HairStrands/HairStrandsVisibilityFillOpaqueDepthPS.usf" 2306
"../../../Engine/Shaders/Private/HairStrands/HairStrandsVisibilityCompactionComputeRaster.usf" 2307
"../../../Engine/Shaders/Private/HairStrands/HairStrandsVisibilityCompaction.usf" 2308
"../../../Engine/Shaders/Private/HairStrands/HairStrandsVisibilityCopyIndirectArg.usf" 2309
"../../../Engine/Shaders/Private/HairStrands/HairStrandsVisibilityClearPS.usf" 2310
"../../../Engine/Shaders/Private/HairStrands/HairStrandsVisibilityPS.usf" 2311
"../../../Engine/Shaders/Private/HairStrands/HairStrandsVisibilityVS.usf" 2312
"../../../Engine/Shaders/Private/HairStrands/HairStrandsVelocity.usf" 2313
"../../../Engine/Shaders/Private/HairStrands/HairStrandsVisibilityComputeSampleCoverage.usf" 2314
"../../../Engine/Shaders/Private/HairStrands/HairStrandsMaterialPS.usf" 2315
"../../../Engine/Shaders/Private/HairStrands/HairStrandsMaterialCommon.ush" 2316
"../../../Engine/Shaders/Private/HairStrands/HairStrandsMaterialVS.usf" 2317
"../../../Engine/Shaders/Private/HairStrands/HairStrandsLightSample.usf" 2318
"../../../Engine/Shaders/Private/HairStrands/HairStrandsDeepShadowMask.usf" 2319
"../../../Engine/Shaders/Private/HairStrands/HairStrandsDeepShadowCommon.ush" 2320
"../../../Engine/Shaders/Private/HairStrands/HairStrandsDeepTransmittanceMask.usf" 2321
"../../../Engine/Shaders/Private/HairStrands/HairStrandsVisibilityTile.usf" 2322
"../../../Engine/Shaders/Private/HairStrands/HairStrandsDeepShadowPS.usf" 2323
"../../../Engine/Shaders/Private/HairStrands/HairStrandsDeepShadowVS.usf" 2324
"../../../Engine/Shaders/Private/HairStrands/HairStrandsLUT.usf" 2325
"../../../Engine/Shaders/Private/HairStrands/HairStrandsEnvironmentLighting.usf" 2326
"../../../Engine/Shaders/Private/HairStrands/HairStrandsEnvironmentLightingCommon.ush" 2327
"../../../Engine/Shaders/Private/HairStrands/HairStrandsDebugCommonStruct.ush" 2328
"../../../Engine/Shaders/Private/HairStrands/HairStrandsEnvironmentAO.usf" 2329
"../../../Engine/Shaders/Private/HairStrands/HairStrandsDeepShadowAllocation.usf" 2330
"../../../Engine/Shaders/Private/HairStrands/HairStrandsVoxelDepthInjection.usf" 2331
"../../../Engine/Shaders/Private/HairStrands/HairStrandsVisibilityPPLLDebug.usf" 2332
"../../../Engine/Shaders/Private/HairStrands/HairStrandsBsdfPlot.usf" 2333
"../../../Engine/Shaders/Private/HairStrands/HairStrandsDebugPrint.usf" 2334
"../../../Engine/Shaders/Private/HairStrands/HairStrandsVoxelPageRayMarching.usf" 2335
"../../../Engine/Shaders/Private/HairStrands/HairStrandsDeepShadowDebug.usf" 2336
"../../../Engine/Shaders/Private/HairStrands/HairStrandsGBufferWrite.usf" 2337
"../../../Engine/Shaders/Private/HairStrands/HairStrandsGBufferCommon.ush" 2338
"../../../Engine/Shaders/Private/HairStrands/HairStrandsVisibilityComposeSubPixelPS.usf" 2339
"../../../Engine/Shaders/Private/HairStrands/HairStrandsAABB.usf" 2340
"../../../Engine/Shaders/Private/GPUScene/GPUSceneDataManagement.usf" 2341
"../../../Engine/Shaders/Private/GPUSceneDebugRender.usf" 2342
"../../../Engine/Shaders/Private/GPUFastFourierTransform.usf" 2343
"../../../Engine/Shaders/Private/GPUFastFourierTransform2DCore.ush" 2344
"../../../Engine/Shaders/Private/GPUFastFourierTransformCore.ush" 2345
"../../../Engine/Shaders/Private/GPUBenchmark.usf" 2346
"../../../Engine/Shaders/Private/GlobalDistanceFieldMip.usf" 2347
"../../../Engine/Shaders/Private/GlobalDistanceField.usf" 2348
"../../../Engine/Shaders/Private/GlobalDistanceFieldHeightfields.usf" 2349
"../../../Engine/Shaders/Private/HeightfieldLightingShared.ush" 2350
"../../../Engine/Shaders/Private/GenerateConservativeDepth.usf" 2351
"../../../Engine/Shaders/Private/HeightFogPixelShader.usf" 2352
"../../../Engine/Shaders/Private/HeightFogVertexShader.usf" 2353
"../../../Engine/Shaders/Private/DistortFiltering.usf" 2354
"../../../Engine/Shaders/Private/DistortAccumulatePS.usf" 2355
"../../../Engine/Shaders/Private/DistortAccumulateVS.usf" 2356
"../../../Engine/Shaders/Private/DistanceFieldVisualization.usf" 2357
"../../../Engine/Shaders/Private/DistanceFieldStreaming.usf" 2358
"../../../Engine/Shaders/Private/DistanceFieldShadowing.usf" 2359
"../../../Engine/Shaders/Private/DistanceFieldScreenGridLighting.usf" 2360
"../../../Engine/Shaders/Private/DistanceFieldObjectCulling.usf" 2361
"../../../Engine/Shaders/Private/DistanceFieldLightingPost.usf" 2362
"../../../Engine/Shaders/Private/DitheredTransitionStencil.usf" 2363
"../../../Engine/Shaders/Private/DepthOnlyPixelShader.usf" 2364
"../../../Engine/Shaders/Private/DepthOnlyVertexShader.usf" 2365
"../../../Engine/Shaders/Private/PositionOnlyDepthVertexShader.usf" 2366
"../../../Engine/Shaders/Private/DeferredDecal.usf" 2367
"../../../Engine/Shaders/Private/DecalCommon.ush" 2368
"../../../Engine/Shaders/Private/DebugViewModeVertexShader.usf" 2369
"../../../Engine/Shaders/Private/DebugViewModeCommon.ush" 2370
"../../../Engine/Shaders/Private/DebugViewModePixelShader.usf" 2371
"../../../Engine/Shaders/Private/DebugProbes.usf" 2372
"../../../Engine/Shaders/Private/MeshDecals.usf" 2373
"../../../Engine/Shaders/Private/PostProcessAmbientOcclusion.usf" 2374
"../../../Engine/Shaders/Private/ClusteredDeferredShadingPixelShader.usf" 2375
"../../../Engine/Shaders/Private/ClusteredDeferredShadingVertexShader.usf" 2376
"../../../Engine/Shaders/Private/CapsuleShadowShaders.usf" 2377
"../../../Engine/Shaders/Private/BasePassPixelShader.usf" 2378
"../../../Engine/Shaders/Private/BasePassCommon.ush" 2379
"../../../Engine/Shaders/Private/ThinTranslucentCommon.ush" 2380
"../../../Engine/Shaders/Private/ForwardLightingCommon.ush" 2381
"../../../Engine/Shaders/Private/Strata/StrataForwardLighting.ush" 2382
"../../../Engine/Shaders/Private/BasePassVertexShader.usf" 2383
"../../../Engine/Shaders/Private/BasePassVertexCommon.ush" 2384
"../../../Engine/Shaders/Private/AnisotropyPassShader.usf" 2385
"../../../Engine/Shaders/Private/SimpleElementVolumeTexturePreviewPixelShader.usf" 2386
"../../../Engine/Shaders/Private/SimpleElementTexture2DPreviewPixelShader.usf" 2387
"../../../Engine/Shaders/Private/SimpleElementNormalMapPixelShader.usf" 2388
"../../../Engine/Shaders/Private/meshpaintdilatepixelshader.usf" 2389
"../../../Engine/Shaders/Private/meshpaintdilatevertexshader.usf" 2390
"../../../Engine/Shaders/Private/MeshPaintPixelShader.usf" 2391
"../../../Engine/Shaders/Private/MeshPaintVertexShader.usf" 2392
"../../../Engine/Shaders/Private/Tools/VisualizeTexture.usf" 2393
"../../../Engine/Shaders/Private/ByteBuffer.usf" 2394
"../../../Engine/Shaders/Private/ResolveVertexShader.usf" 2395
"../../../Engine/Shaders/Private/ResolvePixelShader.usf" 2396
"../../../Engine/Shaders/Private/Tools/SetupIndirectArgs.usf" 2397
"../../../Engine/Shaders/Private/Tools/ClearUAV.usf" 2398
"../../../Engine/Shaders/Private/ClearReplacementShaders.usf" 2399
"../../../Engine/Shaders/Private/Tools/DumpTexture.usf" 2400
"../../../Engine/Shaders/Private/RenderGraphUtilities.usf" 2401
"../../../Engine/Shaders/Private/OneColorShader.usf" 2402
"../../../Engine/Shaders/Private/OculusShaders.usf" 2403
"../../../Engine/Shaders/Private/MediaShaders.usf" 2404
"../../../Engine/Shaders/Private/GPUMessaging.usf" 2405
"../../../Engine/Shaders/Private/NullPixelShader.usf" 2406
"../../../Engine/Shaders/Private/ComputeGenerateMips.usf" 2407
"../../../Engine/Shaders/Private/CopyTextureShaders.usf" 2408
"../../../Engine/Shaders/Private/Tools/FullscreenVertexShader.usf" 2409
"../../../Engine/Shaders/Private/RayTracing/RayTracingDispatchDesc.usf" 2410
"../../../Engine/Shaders/Private/RayTracing/RayTracingBuiltInShaders.usf" 2411
"../../../Engine/Shaders/Private/Bink.usf" 2412
"C:/Users/Jacob/Documents/Unreal Projects/ConCat/Intermediate/CachedAssetRegistry.bin" 2413
"C:/Users/Jacob/Documents/Unreal Projects/ConCat/Content/Characters/Mannequin_UE4/Rigs/IK_UE4_Mannequin.uasset" 2414
"C:/Users/Jacob/Documents/Unreal Projects/ConCat/Content/Characters/Mannequins/Rigs/IK_Mannequin.uasset" 2415
"C:/Users/Jacob/Documents/Unreal Projects/ConCat/Content/Characters/Mannequins/Rigs/CR_Mannequin_BasicFootIK.uasset" 2416
"C:/Users/Jacob/Documents/Unreal Projects/ConCat/Content/Characters/Mannequins/Rigs/CR_Mannequin_Procedural.uasset" 2417
"C:/Users/Jacob/Documents/Unreal Projects/ConCat/Content/Characters/Mannequins/Rigs/CR_Mannequin_Body.uasset" 2418
"J:/Program Files/UE_5.0/Engine/Plugins/2D/Paper2D/Content/DummySprite.uasset" 2419
"J:/Program Files/UE_5.0/Engine/Plugins/2D/Paper2D/Content/Tutorial/Paper2D/TutorialAssets/TutorialSprite.uasset" 2420
"J:/Program Files/UE_5.0/Engine/Plugins/2D/Paper2D/Content/Tutorial/Paper2D/TutorialAssets/TutorialFlipBook.uasset" 2421
"J:/Program Files/UE_5.0/Engine/Plugins/Animation/ControlRig/Content/StandardFunctionLibrary/StandardFunctionLibrary.uasset" 2422
"J:/Program Files/UE_5.0/Engine/Plugins/Animation/ControlRigSpline/Content/SplineFunctionLibrary/SplineFunctionLibrary.uasset" 2423
"../../../Engine/Content/EditorResources/S_Actor.uasset" 2424
"../../../Engine/Content/EditorResources/S_BoxReflectionCapture.uasset" 2425
"../../../Engine/Content/EngineResources/WhiteSquareTexture.uasset" 2426
"../../../Engine/Content/EngineResources/GradientTexture0.uasset" 2427
"../../../Engine/Content/EngineResources/Black.uasset" 2428
"../../../Engine/Content/EngineMeshes/Sphere.uasset" 2429
"../../../Engine/Content/EditorMaterials/MatineeGroups/MAT_Groups_Float.uasset" 2430
"../../../Engine/Content/EditorMaterials/MatineeGroups/MAT_Groups_Anim.uasset" 2431
"../../../Engine/Content/EditorMaterials/MatineeGroups/MAT_Groups_AudioMaster.uasset" 2432
"../../../Engine/Content/EditorMaterials/MatineeGroups/MAT_ColorTrack.uasset" 2433
"../../../Engine/Content/EditorMaterials/MatineeGroups/MAT_Groups_Fade.uasset" 2434
"../../../Engine/Content/EditorMaterials/MatineeGroups/MAT_Groups_Director.uasset" 2435
"../../../Engine/Content/EditorMaterials/MatineeGroups/MAT_Groups_Event.uasset" 2436
"../../../Engine/Content/EditorMaterials/MatineeGroups/MAT_Groups_Move.uasset" 2437
"../../../Engine/Content/EditorMaterials/MatineeGroups/MAT_Groups_Slomo.uasset" 2438
"../../../Engine/Content/EditorMaterials/MatineeGroups/MAT_Groups_Sound.uasset" 2439
"../../../Engine/Content/EditorMaterials/MAT_Groups_Toggle.uasset" 2440
"../../../Engine/Content/EditorMaterials/MatineeGroups/MAT_Groups_Vector.uasset" 2441
"../../../Engine/Content/EditorMaterials/MAT_Groups_Visibility.uasset" 2442
"../../../Engine/Content/EngineResources/DefaultTexture.uasset" 2443
"../../../Engine/Content/EngineResources/DefaultTextureCube.uasset" 2444
"../../../Engine/Content/EngineResources/DefaultVolumeTexture.uasset" 2445
"../../../Engine/Content/EngineResources/DefaultVolumeTexture2D.uasset" 2446
"../../../Engine/Content/EngineFonts/RobotoDistanceField.uasset" 2447
"../../../Engine/Content/EngineMaterials/DefaultTextMaterialOpaque.uasset" 2448
"../../../Engine/Content/Functions/Engine_MaterialFunctions01/Shading/PowerToRoughness.uasset" 2449
"../../../Engine/Content/Functions/Engine_MaterialFunctions01/Shading/ConvertFromDiffSpec.uasset" 2450
"../../../Engine/Content/EngineMaterials/WorldGridMaterial.uasset" 2451
"../../../Engine/Content/Functions/Engine_MaterialFunctions01/Opacity/CameraDepthFade.uasset" 2452
"../../../Engine/Content/EngineMaterials/T_Default_Material_Grid_M.uasset" 2453
"../../../Engine/Content/EngineMaterials/T_Default_Material_Grid_N.uasset" 2454
"../../../Engine/Content/EngineMaterials/DefaultDeferredDecalMaterial.uasset" 2455
"../../../Engine/Content/EngineMaterials/DefaultDiffuse.uasset" 2456
"../../../Engine/Content/EngineMaterials/DefaultLightFunctionMaterial.uasset" 2457
"../../../Engine/Content/EngineMaterials/DefaultPostProcessMaterial.uasset" 2458
"../../../Engine/Content/Functions/Engine_MaterialFunctions02/Utility/BreakOutFloat2Components.uasset" 2459
"../../../Engine/Content/EditorResources/S_Trigger.uasset" 2460
"../../../Engine/Content/EditorResources/S_TriggerBox.uasset" 2461
"../../../Engine/Content/EditorResources/S_TriggerCapsule.uasset" 2462
"../../../Engine/Content/EditorResources/S_TriggerSphere.uasset" 2463
"../../../Engine/Content/EngineSky/VolumetricClouds/m_SimpleVolumetricCloud_Inst.uasset" 2464
"../../../Engine/Content/EngineSky/VolumetricClouds/m_SimpleVolumetricCloud.uasset" 2465
"../../../Engine/Content/Functions/Engine_MaterialFunctions02/Utility/MakeFloat2.uasset" 2466
"../../../Engine/Content/EngineSky/VolumetricClouds/CloudGradientTexture.uasset" 2467
"../../../Engine/Content/EngineSky/VolumetricClouds/CloudWeatherTexture.uasset" 2468
"../../../Engine/Content/EngineSky/VolumetricClouds/T_VolumeNoiseErosion32.uasset" 2469
"../../../Engine/Content/EngineSky/VolumetricClouds/T_NoiseErosion.uasset" 2470
"../../../Engine/Content/EngineSky/VolumetricClouds/T_VolumeNoiseShape64.uasset" 2471
"../../../Engine/Content/EngineSky/VolumetricClouds/T_NoiseShape64.uasset" 2472
"../../../Engine/Content/EditorMaterials/WorldPartition/WorldPartitionSpatialHashGridPreviewMaterial.uasset" 2473
"../../../Engine/Content/Functions/Engine_MaterialFunctions02/Utility/BreakOutFloat3Components.uasset" 2474
"../../../Engine/Content/Functions/Engine_MaterialFunctions02/Utility/MakeFloat3.uasset" 2475
"../../../Engine/Content/Functions/Engine_MaterialFunctions02/Utility/MakeFloat4.uasset" 2476
"../../../Engine/Content/EngineDamageTypes/DmgTypeBP_Environmental.uasset" 2477
"../../../Engine/Content/EngineMaterials/Widget3DPassThrough_Translucent.uasset" 2478
"../../../Engine/Content/EngineMaterials/Widget3DPassThrough.uasset" 2479
"../../../Engine/Content/EngineMaterials/Widget3DPassThrough_Translucent_OneSided.uasset" 2480
"../../../Engine/Content/EngineMaterials/Widget3DPassThrough_Opaque.uasset" 2481
"../../../Engine/Content/EngineMaterials/Widget3DPassThrough_Opaque_OneSided.uasset" 2482
"../../../Engine/Content/EngineMaterials/Widget3DPassThrough_Masked.uasset" 2483
"../../../Engine/Content/EngineMaterials/Widget3DPassThrough_Masked_OneSided.uasset" 2484
"../../../Engine/Content/VREditor/TransformGizmo/PlaneTranslationHandle.uasset" 2485
"../../../Engine/Content/VREditor/TransformGizmo/TransformGizmoMaterial.uasset" 2486
"../../../Engine/Content/VREditor/LaserPointer/VR_LaserPower_01.uasset" 2487
"../../../Engine/Content/VREditor/TransformGizmo/TranslucentTransformGizmoMaterial.uasset" 2488
"../../../Engine/Content/VREditor/TransformGizmo/BoundingBoxCorner.uasset" 2489
"../../../Engine/Content/VREditor/TransformGizmo/BoundingBoxEdge.uasset" 2490
"../../../Engine/Content/VREditor/TransformGizmo/SM_Sequencer_Node.uasset" 2491
"../../../Engine/Content/VREditor/TransformGizmo/Main.uasset" 2492
"../../../Engine/Content/VREditor/TransformGizmo/Xray.uasset" 2493
"../../../Engine/Content/EditorMeshes/Camera/SM_CraneRig_Base.uasset" 2494
"../../../Engine/Content/EditorMaterials/Camera/MI_CineMat_Rig.uasset" 2495
"../../../Engine/Content/EditorMaterials/Camera/CineMat.uasset" 2496
"../../../Engine/Content/EditorMeshes/Camera/SM_CraneRig_Arm.uasset" 2497
"../../../Engine/Content/EditorMeshes/Camera/SM_CraneRig_Mount.uasset" 2498
"../../../Engine/Content/EditorMeshes/Camera/SM_CraneRig_Body.uasset" 2499
"../../../Engine/Content/EditorMeshes/Camera/SM_RailRig_Track.uasset" 2500
"../../../Engine/Content/EditorMeshes/Camera/SM_RailRig_Mount.uasset" 2501
"../../../Engine/Content/ArtTools/RenderToTexture/Meshes/S_1_Unit_Plane.uasset" 2502
"../../../Engine/Content/EngineDebugMaterials/M_SimpleUnlitTranslucent.uasset" 2503
"../../../Engine/Content/EngineFonts/Roboto.uasset" 2504
"../../../Engine/Content/EngineFonts/Faces/DroidSansFallback.uasset" 2505
"../../../Engine/Content/EngineFonts/Faces/RobotoBold.uasset" 2506
"../../../Engine/Content/EngineFonts/Faces/RobotoBoldItalic.uasset" 2507
"../../../Engine/Content/EngineFonts/Faces/RobotoItalic.uasset" 2508
"../../../Engine/Content/EngineFonts/Faces/RobotoLight.uasset" 2509
"../../../Engine/Content/EngineFonts/Faces/RobotoRegular.uasset" 2510
"../../../Engine/Content/EditorMaterials/ParticleSystems/PSysThumbnail_NoImage.uasset" 2511
"../../../Engine/Content/EditorMaterials/ParticleSystems/PSysThumbnail_OOD.uasset" 2512
"../../../Engine/Content/EditorLandscapeResources/DataLayer.uasset" 2513
"../../Plugins/Runtime/HairStrands/Content/Materials/HairDebugMaterial.uasset" 2514
"../../../Engine/Content/EngineMaterials/HairColorMap.uasset" 2515
"../../../Engine/Content/EngineMaterials/HairDebugColor.uasset" 2516
"../../Plugins/Runtime/HairStrands/Content/Materials/HairGroupColors.uasset" 2517
"../../Plugins/Runtime/HairStrands/Content/Materials/HairDefaultMaterial.uasset" 2518
"../../Plugins/Runtime/HairStrands/Content/Materials/HairCardsDefaultMaterial.uasset" 2519
"../../Plugins/Runtime/HairStrands/Content/Materials/HairMeshesDefaultMaterial.uasset" 2520
"../../../Engine/Content/EditorResources/S_Solver.uasset" 2521
"../../../Engine/Content/Internationalization/icudt64l/coll/ucadata.icu" 2522
"../../../Engine/Content/Internationalization/icudt64l/coll/en.res" 2523
"../../../Engine/Content/Internationalization/icudt64l/coll/root.res" 2524
"../../../Engine/Content/Tutorial/ContentIntroCurve.uasset" 2525
"../../Plugins/Animation/ControlRig/Content/Controls/DefaultGizmoLibraryNormalized.uasset" 2526
"../../Plugins/Animation/ControlRig/Content/M_Manip.uasset" 2527
"../../../Engine/Content/Functions/Engine_MaterialFunctions02/WorldPositionOffset/CameraOffset.uasset" 2528
"../../Plugins/2D/Paper2D/Content/MaskedUnlitSpriteMaterial.uasset" 2529
"../../Plugins/2D/Paper2D/Content/DefaultSpriteMaterial.uasset" 2530
"../../Plugins/2D/Paper2D/Content/PlaceholderTextures/DummySpriteTexture.uasset" 2531
"../../Plugins/2D/Paper2D/Content/OpaqueUnlitSpriteMaterial.uasset" 2532
"../../Plugins/2D/Paper2D/Content/DefaultPaperTerrainMaterial.uasset" 2533
"../../Plugins/2D/Paper2D/Content/DummySprite.uasset" 2534
"../../Plugins/Editor/SpeedTreeImporter/Content/SpeedTree9/SpeedTreeMaster.uasset" 2535
"../../../Engine/Content/Functions/Engine_MaterialFunctions02/ObjectLocalBounds.uasset" 2536
"../../../Engine/Content/Functions/Engine_MaterialFunctions02/SafeNormalize.uasset" 2537
"../../../Engine/Content/Functions/Engine_MaterialFunctions02/Utility/VectorLength.uasset" 2538
"../../../Engine/Content/Functions/Engine_MaterialFunctions02/UVs/BoundingBoxBased_0-1_UVW.uasset" 2539
"../../../Engine/Content/Functions/Engine_MaterialFunctions02/WorldPositionOffset/ObjectScale.uasset" 2540
"../../Plugins/Editor/SpeedTreeImporter/Content/SpeedTree9/SpeedTreeBranchMotion.uasset" 2541
"../../Plugins/Editor/SpeedTreeImporter/Content/SpeedTree9/SpeedTreeWindMotion.uasset" 2542
"../../Plugins/Editor/SpeedTreeImporter/Content/SpeedTree9/game_wind_noise.uasset" 2543
"../../Plugins/Editor/SpeedTreeImporter/Content/SpeedTree9/UnpackDirection.uasset" 2544
"../../Plugins/Editor/SpeedTreeImporter/Content/SpeedTree9/UnpackInteger3.uasset" 2545
"../../Plugins/Editor/SpeedTreeImporter/Content/SpeedTree9/SpeedTreeCameraFacing.uasset" 2546
"../../Plugins/Editor/SpeedTreeImporter/Content/SpeedTree9/SpeedTreeWind.uasset" 2547
"../../Plugins/Editor/SpeedTreeImporter/Content/SpeedTree9/Empty.uasset" 2548
"../../Plugins/Editor/SpeedTreeImporter/Content/SpeedTree9/EmptyNormal.uasset" 2549
"../../Plugins/Editor/SpeedTreeImporter/Content/SpeedTree9/SpeedTreeBillboardMaster.uasset" 2550
"../../Plugins/Editor/SpeedTreeImporter/Content/SpeedTree9/SpeedTreeBillboard.uasset" 2551
"../../../Engine/Content/EngineDebugMaterials/VolumeToRender.uasset" 2552
"../../../Engine/Content/EngineDebugMaterials/M_VolumeRenderSphereTracePP.uasset" 2553
"../../../Engine/Content/Functions/Engine_MaterialFunctions02/Utility/CameraDirectionVector.uasset" 2554
"../../../Engine/Content/EngineMaterials/RemoveSurfaceMaterial.uasset" 2555
"../../../Engine/Content/EngineDebugMaterials/DebugMeshMaterial.uasset" 2556
"../../../Engine/Content/EngineMaterials/EmissiveMeshMaterial.uasset" 2557
"../../../Engine/Content/EngineMaterials/DefaultWhiteGrid_Low.uasset" 2558
"../../../Engine/Content/EngineMaterials/M_InvalidLightmapSettings.uasset" 2559
"../../../Engine/Content/EngineMaterials/InvalidLightmapSettings.uasset" 2560
"../../../Engine/Content/EngineMaterials/GizmoMaterial.uasset" 2561
"../../../Engine/Content/EngineMaterials/PhAT_JointLimitMaterial.uasset" 2562
"../../../Engine/Content/EngineMaterials/FlattenMaterial.uasset" 2563
"../../../Engine/Content/EngineMaterials/BaseFlattenDiffuseMap.uasset" 2564
"../../../Engine/Content/EngineMaterials/BaseFlattenEmissiveMap.uasset" 2565
"../../../Engine/Content/EngineMaterials/BaseFlattenGrayscaleMap.uasset" 2566
"../../../Engine/Content/EngineMaterials/BaseFlattenLinearColor.uasset" 2567
"../../../Engine/Content/EngineMaterials/BaseFlattenNormalMap.uasset" 2568
"../../../Engine/Content/Functions/Engine_MaterialFunctions02/PivotPainter2/Black_1x1_EXR_Texture.uasset" 2569
"../../../Engine/Content/EngineMaterials/FlattenMaterial_VT.uasset" 2570
"../../../Engine/Content/EngineMaterials/BaseFlattenDiffuseMap_VT.uasset" 2571
"../../../Engine/Content/EngineMaterials/BaseFlattenEmissiveMap_VT.uasset" 2572
"../../../Engine/Content/EngineMaterials/BaseFlattenGrayscaleMap_VT.uasset" 2573
"../../../Engine/Content/EngineMaterials/BaseFlattenLinearColor_VT.uasset" 2574
"../../../Engine/Content/EngineMaterials/BaseFlattenNormalMap_VT.uasset" 2575
"../../../Engine/Content/EngineMaterials/Black_1x1_EXR_Texture_VT.uasset" 2576
"../../../Engine/Content/EngineMaterials/FlattenMaterial_WS_Normal_VT.uasset" 2577
"../../../Engine/Content/EngineMaterials/Good64x64TilingNoiseHighFreq.uasset" 2578
"../../../Engine/Content/EngineMaterials/DefaultBokeh.uasset" 2579
"../../../Engine/Content/EngineMaterials/PreintegratedSkinBRDF.uasset" 2580
"../../../Engine/Content/EngineMaterials/MiniFont.uasset" 2581
"../../../Engine/Content/EngineMaterials/WeightMapPlaceholderTexture.uasset" 2582
"../../../Engine/Content/EngineMaterials/DefaultWhiteGrid.uasset" 2583
"../../../Engine/Content/EngineMaterials/DefaultPhysicalMaterial.uasset" 2584
"../../../Engine/Content/EngineMaterials/DefaultDestructiblePhysicalMaterial.uasset" 2585
"../../../Engine/Content/EditorLandscapeResources/DefaultAlphaTexture.uasset" 2586
"../../../Engine/Content/EditorResources/S_Terrain.uasset" 2587
"../../../Engine/Content/BasicShapes/Cube.uasset" 2588
"../../../Engine/Content/BasicShapes/Sphere.uasset" 2589
"../../../Engine/Content/EngineMaterials/DefaultMaterial.uasset" 2590
"../../../Engine/Content/BasicShapes/Cylinder.uasset" 2591
"../../../Engine/Content/BasicShapes/Cone.uasset" 2592
"../../../Engine/Content/BasicShapes/Plane.uasset" 2593
"../../Plugins/FX/Niagara/Content/ParameterDefinitions/SpriteRenderer.uasset" 2594
"../../Plugins/FX/Niagara/Content/ParameterDefinitions/RibbonRenderer.uasset" 2595
"../../Plugins/FX/Niagara/Content/ParameterDefinitions/MeshRenderer.uasset" 2596
"../../Plugins/FX/Niagara/Content/ParameterDefinitions/LightRenderer.uasset" 2597
"../../Plugins/FX/Niagara/Content/ParameterDefinitions/CoreParameters.uasset" 2598
"../../../Engine/Content/EditorResources/SequenceRecorder/Countdown.uasset" 2599
"../../../Engine/Content/EditorResources/SequenceRecorder/RecordingIndicator.uasset" 2600
"C:/Users/Jacob/Documents/Unreal Projects/ConCat/Saved/Cooked/Windows/ConCat/Metadata/CookedIniVersion.txt" 2601
"../../../Engine/Plugins/Animation/ControlRig/Content/Controls/ControlRigGizmoMaterial.uasset" 2602
"../../../Engine/Content/EngineDebugMaterials/DebugEditorMaterial.uasset" 2603
"../../../Engine/Content/EngineMaterials/DefaultBloomKernel.uasset" 2604
"../../../Engine/Content/EngineSounds/Master.uasset" 2605
"../../../Engine/Content/EngineResources/FilmGrains/Marcie_Grain_v3_128_M2_000.uasset" 2606
"../../../Engine/Content/EditorResources/BSPVertex.uasset" 2607
"../../../Engine/Content/EngineMaterials/BlueNoise.uasset" 2608
"C:/Users/Jacob/Documents/Unreal Projects/ConCat/Content/__ExternalObjects__/ThirdPerson/Maps/ThirdPersonMap/C/7N/FDH7Y28CQFXDK8P6MM1HXM.uasset" 2609
"C:/Users/Jacob/Documents/Unreal Projects/ConCat/Content/__ExternalObjects__/ThirdPerson/Maps/ThirdPersonMap/9/KN/KHZG97SS6AL73U7AXDWH6J.uasset" 2610
"C:/Users/Jacob/Documents/Unreal Projects/ConCat/Content/__ExternalObjects__/ThirdPerson/Maps/ThirdPersonMap/6/D8/3MZ6M1DB94VN44C87D65WR.uasset" 2611
"C:/Users/Jacob/Documents/Unreal Projects/ConCat/Content/LevelPrototyping/Textures/T_GridChecker_A.uasset" 2612
"C:/Users/Jacob/Documents/Unreal Projects/ConCat/Content/__ExternalObjects__/ThirdPerson/Maps/ThirdPersonMap/4/VW/TY7TSUER9KKGHX2BMKSL0L.uasset" 2613
"C:/Users/Jacob/Documents/Unreal Projects/ConCat/Content/__ExternalObjects__/ThirdPerson/Maps/ThirdPersonMap/E/GP/22PD314FCWY4ZK61DE3XZC.uasset" 2614
"C:/Users/Jacob/Documents/Unreal Projects/ConCat/Content/__ExternalObjects__/ThirdPerson/Maps/ThirdPersonMap/6/TK/PIQ0B2FNWR15P52TECP27A.uasset" 2615
"C:/Users/Jacob/Documents/Unreal Projects/ConCat/Content/LevelPrototyping/Materials/M_Solid.uasset" 2616
"C:/Users/Jacob/Documents/Unreal Projects/ConCat/Content/ThirdPerson/Maps/ThirdPersonMap_BuiltData.uasset" 2617
"C:/Users/Jacob/Documents/Unreal Projects/ConCat/Content/Environment/crane/Hook.uasset" 2618
"C:/Users/Jacob/Documents/Unreal Projects/ConCat/Content/Environment/crane/Frame.uasset" 2619
"C:/Users/Jacob/Documents/Unreal Projects/ConCat/Content/Environment/crane/Concrete.uasset" 2620
"C:/Users/Jacob/Documents/Unreal Projects/ConCat/Content/Environment/crane/Cables.uasset" 2621
"C:/Users/Jacob/Documents/Unreal Projects/ConCat/Content/Environment/crane/Cabin.uasset" 2622
"C:/Users/Jacob/Documents/Unreal Projects/ConCat/Content/Construction/Tech/Materials/StairsIcon.uasset" 2623
"C:/Users/Jacob/Documents/Unreal Projects/ConCat/Content/ThirdPerson/Maps/ThirdPersonMap.umap" 2624
"C:/Users/Jacob/Documents/Unreal Projects/ConCat/Content/ThirdPerson/Blueprints/BP_ThirdPersonGameMode.uasset" 2625
"C:/Users/Jacob/Documents/Unreal Projects/ConCat/Content/ThirdPerson/Blueprints/BP_ThirdPersonCharacter.uasset" 2626
"C:/Users/Jacob/Documents/Unreal Projects/ConCat/Content/Characters/Mannequins/Animations/ABP_Quinn.uasset" 2627
"C:/Users/Jacob/Documents/Unreal Projects/ConCat/Content/Characters/Mannequins/Animations/ABP_Manny.uasset" 2628
"C:/Users/Jacob/Documents/Unreal Projects/ConCat/Content/Characters/Mannequins/Animations/Manny/MM_Fall_Loop.uasset" 2629
"../../../Engine/Content/Animation/DefaultAnimBoneCompressionSettings.uasset" 2630
"../../../Engine/Content/Animation/DefaultAnimCurveCompressionSettings.uasset" 2631
"C:/Users/Jacob/Documents/Unreal Projects/ConCat/Content/Characters/Mannequins/Meshes/SK_Mannequin.uasset" 2632
"C:/Users/Jacob/Documents/Unreal Projects/ConCat/Content/Characters/Mannequins/Animations/Manny/MM_Idle.uasset" 2633
"C:/Users/Jacob/Documents/Unreal Projects/ConCat/Content/Characters/Mannequins/Animations/Manny/MM_Jump.uasset" 2634
"C:/Users/Jacob/Documents/Unreal Projects/ConCat/Content/Characters/Mannequins/Animations/Manny/MM_Land.uasset" 2635
"C:/Users/Jacob/Documents/Unreal Projects/ConCat/Content/Characters/Mannequins/Animations/Manny/BS_MM_WalkRun.uasset" 2636
"C:/Users/Jacob/Documents/Unreal Projects/ConCat/Content/Characters/Mannequins/Animations/Manny/MM_Run_Fwd.uasset" 2637
"C:/Users/Jacob/Documents/Unreal Projects/ConCat/Content/Characters/Mannequins/Animations/Manny/MM_Walk_Fwd.uasset" 2638
"C:/Users/Jacob/Documents/Unreal Projects/ConCat/Content/Characters/Mannequins/Animations/Manny/MM_Walk_InPlace.uasset" 2639
"../../../Engine/Content/Animation/DefaultRecorderBoneCompression.uasset" 2640
"../../Plugins/Animation/ControlRig/Content/Controls/DefaultGizmoLibrary.uasset" 2641
"C:/Users/Jacob/Documents/Unreal Projects/ConCat/Content/Characters/Mannequins/Animations/Quinn/MF_Idle.uasset" 2642
"C:/Users/Jacob/Documents/Unreal Projects/ConCat/Content/Characters/Mannequins/Animations/Quinn/BS_MF_Unarmed_WalkRun.uasset" 2643
"C:/Users/Jacob/Documents/Unreal Projects/ConCat/Content/Characters/Mannequins/Animations/Quinn/MF_Run_Fwd.uasset" 2644
"C:/Users/Jacob/Documents/Unreal Projects/ConCat/Content/Characters/Mannequins/Animations/Quinn/MF_Walk_Fwd.uasset" 2645
"C:/Users/Jacob/Documents/Unreal Projects/ConCat/Content/Characters/Mannequins/Meshes/SKM_Quinn_Simple.uasset" 2646
"C:/Users/Jacob/Documents/Unreal Projects/ConCat/Content/Characters/Mannequins/Materials/Instances/Quinn/MI_Quinn_01.uasset" 2647
"C:/Users/Jacob/Documents/Unreal Projects/ConCat/Content/Characters/Mannequins/Materials/M_Mannequin.uasset" 2648
"C:/Users/Jacob/Documents/Unreal Projects/ConCat/Content/Characters/Mannequins/Materials/Functions/MF_Diffraction.uasset" 2649
"C:/Users/Jacob/Documents/Unreal Projects/ConCat/Content/Characters/Mannequins/Materials/Functions/ChromaticCurve.uasset" 2650
"C:/Users/Jacob/Documents/Unreal Projects/ConCat/Content/Characters/Mannequins/Materials/Functions/CA_Mannequin.uasset" 2651
"C:/Users/Jacob/Documents/Unreal Projects/ConCat/Content/Characters/Mannequins/Materials/Functions/MF_logo3layers.uasset" 2652
"../../../Engine/Content/Functions/Engine_MaterialFunctions01/Texturing/ScaleUVsByCenter.uasset" 2653
"C:/Users/Jacob/Documents/Unreal Projects/ConCat/Content/Characters/Mannequins/Textures/Shared/T_UE_Logo_M.uasset" 2654
"C:/Users/Jacob/Documents/Unreal Projects/ConCat/Content/Characters/Mannequins/Materials/Functions/ML_BaseColorFallOff.uasset" 2655
"C:/Users/Jacob/Documents/Unreal Projects/ConCat/Content/Characters/Mannequins/Textures/Manny/T_Manny_01_ASAOPMASK_MSK.uasset" 2656
"C:/Users/Jacob/Documents/Unreal Projects/ConCat/Content/Characters/Mannequins/Textures/Manny/T_Manny_01_BN.uasset" 2657
"C:/Users/Jacob/Documents/Unreal Projects/ConCat/Content/Characters/Mannequins/Textures/Manny/T_Manny_01_CCRCCPlastic_MSK.uasset" 2658
"C:/Users/Jacob/Documents/Unreal Projects/ConCat/Content/Characters/Mannequins/Textures/Manny/T_Manny_01_D.uasset" 2659
"C:/Users/Jacob/Documents/Unreal Projects/ConCat/Content/Characters/Mannequins/Textures/Manny/T_Manny_01_MSR_MSK.uasset" 2660
"C:/Users/Jacob/Documents/Unreal Projects/ConCat/Content/Characters/Mannequins/Textures/Manny/T_Manny_01_N.uasset" 2661
"C:/Users/Jacob/Documents/Unreal Projects/ConCat/Content/Characters/Mannequins/Textures/Manny/T_Manny_01_Tan.uasset" 2662
"C:/Users/Jacob/Documents/Unreal Projects/ConCat/Content/Characters/Mannequins/Textures/Quinn/T_Quinn_01_ASAOMASK_MSK.uasset" 2663
"C:/Users/Jacob/Documents/Unreal Projects/ConCat/Content/Characters/Mannequins/Textures/Quinn/T_Quinn_01_CCRCCPlastic_MSK.uasset" 2664
"C:/Users/Jacob/Documents/Unreal Projects/ConCat/Content/Characters/Mannequins/Textures/Quinn/T_Quinn_01ID_BN.uasset" 2665
"C:/Users/Jacob/Documents/Unreal Projects/ConCat/Content/Characters/Mannequins/Textures/Quinn/T_Quinn_01ID_D.uasset" 2666
"C:/Users/Jacob/Documents/Unreal Projects/ConCat/Content/Characters/Mannequins/Textures/Quinn/T_Quinn_01ID_MSR_MSK.uasset" 2667
"C:/Users/Jacob/Documents/Unreal Projects/ConCat/Content/Characters/Mannequins/Textures/Quinn/T_Quinn_01ID_N.uasset" 2668
"C:/Users/Jacob/Documents/Unreal Projects/ConCat/Content/Characters/Mannequins/Textures/Quinn/T_Quinn_01ID_Tan.uasset" 2669
"C:/Users/Jacob/Documents/Unreal Projects/ConCat/Content/Characters/Mannequins/Materials/Instances/Quinn/MI_Quinn_02.uasset" 2670
"C:/Users/Jacob/Documents/Unreal Projects/ConCat/Content/Characters/Mannequins/Textures/Quinn/T_Quinn_02_ASAOMASK_MSK.uasset" 2671
"C:/Users/Jacob/Documents/Unreal Projects/ConCat/Content/Characters/Mannequins/Textures/Quinn/T_Quinn_02_CCRCCPlastic_MSK.uasset" 2672
"C:/Users/Jacob/Documents/Unreal Projects/ConCat/Content/Characters/Mannequins/Textures/Quinn/T_Quinn_02ID_BN.uasset" 2673
"C:/Users/Jacob/Documents/Unreal Projects/ConCat/Content/Characters/Mannequins/Textures/Quinn/T_Quinn_02ID_D.uasset" 2674
"C:/Users/Jacob/Documents/Unreal Projects/ConCat/Content/Characters/Mannequins/Textures/Quinn/T_Quinn_02ID_MSR_MSK.uasset" 2675
"C:/Users/Jacob/Documents/Unreal Projects/ConCat/Content/Characters/Mannequins/Textures/Quinn/T_Quinn_02ID_N.uasset" 2676
"C:/Users/Jacob/Documents/Unreal Projects/ConCat/Content/Characters/Mannequins/Textures/Quinn/T_Quinn_02ID_Tan.uasset" 2677
"C:/Users/Jacob/Documents/Unreal Projects/ConCat/Content/Characters/Mannequins/Rigs/PA_Mannequin.uasset" 2678
"../../../Engine/Content/Maps/Templates/HLODs/HLODLayer_Instanced.uasset" 2679
"C:/Users/Jacob/Documents/Unreal Projects/ConCat/Content/__ExternalActors__/ThirdPerson/Maps/ThirdPersonMap/0/43/HYQWORMY4JDQ5X3OKZXFLC.uasset" 2680
"C:/Users/Jacob/AppData/Local/UnrealEngine/Common/DerivedDataCache/Buckets/LegacyMATSM/60/54/cbeb67f711c87596efc9910341b075d4ddac.udd" 2681
"C:/Users/Jacob/Documents/Unreal Projects/ConCat/Content/Construction/Tech/Materials/SingleWallIcon.uasset" 2682
"C:/Users/Jacob/Documents/Unreal Projects/ConCat/Content/Construction/Tech/Materials/RightBuildPlayerHammer.uasset" 2683
"C:/Users/Jacob/Documents/Unreal Projects/ConCat/Content/Construction/Tech/Materials/PlatformIcon.uasset" 2684
"C:/Users/Jacob/Documents/Unreal Projects/ConCat/Content/Construction/Tech/Materials/LeftBuildPlayerHammer.uasset" 2685
"C:/Users/Jacob/Documents/Unreal Projects/ConCat/Content/Construction/Tech/Materials/M_Grid.uasset" 2686
"C:/Users/Jacob/Documents/Unreal Projects/ConCat/Content/Construction/Tech/Materials/HottestBar.uasset" 2687
"C:/Users/Jacob/Documents/Unreal Projects/ConCat/Content/Construction/Tech/Materials/GoldenSun.uasset" 2688
"C:/Users/Jacob/Documents/Unreal Projects/ConCat/Content/Construction/Tech/Materials/DoubleWallIcon.uasset" 2689
"C:/Users/Jacob/Documents/Unreal Projects/ConCat/Content/Construction/Tech/Materials/Curser.uasset" 2690
"C:/Users/Jacob/Documents/Unreal Projects/ConCat/Content/Construction/Tech/Materials/CornerWallIcon.uasset" 2691
"C:/Users/Jacob/Documents/Unreal Projects/ConCat/Content/Construction/Tech/Materials/BuildPhaseHotbar.uasset" 2692
"C:/Users/Jacob/Documents/Unreal Projects/ConCat/Content/Construction/Tech/Levels/_GENERATED/b023068l/Stairs_8B76135F.uasset" 2693
"C:/Users/Jacob/Documents/Unreal Projects/ConCat/Content/Construction/Tech/Levels/_GENERATED/b023068l/Stairs_575882A1.uasset" 2694
"C:/Users/Jacob/Documents/Unreal Projects/ConCat/Content/Construction/Tech/Levels/L_Main_BuiltData.uasset" 2695
"C:/Users/Jacob/Documents/Unreal Projects/ConCat/Content/Construction/Tech/Levels/Jake-GridSystem_BuiltData.uasset" 2696
"C:/Users/Jacob/Documents/Unreal Projects/ConCat/Content/Construction/Tech/Levels/GridSys_BuiltData.uasset" 2697
"C:/Users/Jacob/AppData/Local/UnrealEngine/Common/DerivedDataCache/Buckets/LegacyTEXTURE/12/e2/0c0f0a6d3023122b5bc2e477230838c2022d.udd" 2698
"C:/Users/Jacob/AppData/Local/UnrealEngine/Common/DerivedDataCache/Buckets/LegacyTEXTURE/16/f3/9985b25e25da4c7623235b91e1fa82769817.udd" 2699
"C:/Users/Jacob/AppData/Local/UnrealEngine/Common/DerivedDataCache/Buckets/LegacyTEXTURE/88/95/3b926b4a0d3be234d979213c89f89a58dca9.udd" 2700
"C:/Users/Jacob/AppData/Local/UnrealEngine/Common/DerivedDataCache/Buckets/LegacyTEXTURE/5c/20/4ec7b5930445cd45fba49344a8febfb258dc.udd" 2701
"C:/Users/Jacob/AppData/Local/UnrealEngine/Common/DerivedDataCache/Buckets/LegacyTEXTURE/eb/93/9257e7840b0bb9df1a3a3954de6af9679ef6.udd" 2702
"C:/Users/Jacob/AppData/Local/UnrealEngine/Common/DerivedDataCache/Buckets/LegacyTEXTURE/0d/ba/1761602addb9dc7bf721eb8f567e437e91ec.udd" 2703
"C:/Users/Jacob/AppData/Local/UnrealEngine/Common/DerivedDataCache/Buckets/LegacyTEXTURE/d0/e3/a842bfa624a838a82aee8c47a20e417ffc95.udd" 2704
"C:/Users/Jacob/AppData/Local/UnrealEngine/Common/DerivedDataCache/Buckets/LegacyTEXTURE/4a/84/1b97bf49d1dd87fb900374156b910fd4e84d.udd" 2705
"C:/Users/Jacob/AppData/Local/UnrealEngine/Common/DerivedDataCache/Buckets/LegacyTEXTURE/87/fc/13fb4dee13aba908cbcf61f3186389375a4a.udd" 2706
"C:/Users/Jacob/AppData/Local/UnrealEngine/Common/DerivedDataCache/Buckets/LegacyTEXTURE/80/17/122194989142b726ccabc5346d524da295b9.udd" 2707
"C:/Users/Jacob/AppData/Local/UnrealEngine/Common/DerivedDataCache/Buckets/LegacyTEXTURE/fe/e9/5b3df8dedc4ef38c2db153cef4c23c2a9154.udd" 2708
"C:/Users/Jacob/AppData/Local/UnrealEngine/Common/DerivedDataCache/Buckets/LegacyTEXTURE/95/12/03af9d286bff92f51250763cecc09c2beaf0.udd" 2709
"C:/Users/Jacob/AppData/Local/UnrealEngine/Common/DerivedDataCache/Buckets/LegacyTEXTURE/b6/35/a6a6b26ae290166781e80e87fa750566d4cc.udd" 2710
"C:/Users/Jacob/AppData/Local/UnrealEngine/Common/DerivedDataCache/Buckets/LegacyTEXTURE/a8/4f/277b12267c93d88469b31b135a71b1f905ae.udd" 2711
"C:/Users/Jacob/AppData/Local/UnrealEngine/Common/DerivedDataCache/Buckets/LegacyTEXTURE/40/c3/b64cd693a2506279ba512721c6e2067c8f21.udd" 2712
"C:/Users/Jacob/AppData/Local/UnrealEngine/Common/DerivedDataCache/Buckets/LegacyTEXTURE/67/10/933a93265fd2c615f82232d28f1d1d424028.udd" 2713
"C:/Users/Jacob/AppData/Local/UnrealEngine/Common/DerivedDataCache/Buckets/LegacyTEXTURE/c2/79/56750d664a8165551c2c1bf557430cdd87a0.udd" 2714
"C:/Users/Jacob/AppData/Local/UnrealEngine/Common/DerivedDataCache/Buckets/LegacyTEXTURE/bf/b0/3bfdb326ba284f43cf0f5195bd49786a915a.udd" 2715
"C:/Users/Jacob/AppData/Local/UnrealEngine/Common/DerivedDataCache/Buckets/LegacyTEXTURE/19/a8/7ed97134bb569d590004176e3e84272dd589.udd" 2716
"C:/Users/Jacob/AppData/Local/UnrealEngine/Common/DerivedDataCache/Buckets/LegacyTEXTURE/22/66/59478c5d6b2ef1e5ea8912736feb589b9537.udd" 2717
"C:/Users/Jacob/AppData/Local/UnrealEngine/Common/DerivedDataCache/Buckets/LegacyTEXTURE/20/36/6b6ba54c66b7727e6bce621dfac770725e41.udd" 2718
"C:/Users/Jacob/AppData/Local/UnrealEngine/Common/DerivedDataCache/Buckets/LegacyTEXTURE/01/b9/ad6d04c6a8a2d4e524111696f394c0e47822.udd" 2719
"C:/Users/Jacob/AppData/Local/UnrealEngine/Common/DerivedDataCache/Buckets/LegacyTEXTURE/a5/24/90c2a6c2ceb6b4e3a824e8766a88b67d93ef.udd" 2720
"C:/Users/Jacob/AppData/Local/UnrealEngine/Common/DerivedDataCache/Buckets/LegacyTEXTURE/80/c2/c10d3624c0c1534473e37e252af30c47495e.udd" 2721
"C:/Users/Jacob/AppData/Local/UnrealEngine/Common/DerivedDataCache/Buckets/LegacyTEXTURE/84/f7/70e1301226021a8c636e73424867a2075f0e.udd" 2722
"C:/Users/Jacob/AppData/Local/UnrealEngine/Common/DerivedDataCache/Buckets/LegacyTEXTURE/36/21/70dfe4640d20380d3c2c5e5173c68dd7411e.udd" 2723
"C:/Users/Jacob/AppData/Local/UnrealEngine/Common/DerivedDataCache/Buckets/LegacyTEXTURE/92/82/fd6e48aac738d80cc8c31caf579715e0788e.udd" 2724
"C:/Users/Jacob/AppData/Local/UnrealEngine/Common/DerivedDataCache/Buckets/LegacyTEXTURE/84/55/d21c992e1337a0521c6b48fbc877c96bcb5f.udd" 2725
"C:/Users/Jacob/AppData/Local/UnrealEngine/Common/DerivedDataCache/Buckets/LegacyTEXTURE/dc/ea/113137f59dd76614690debb41f33a5c6f8cd.udd" 2726
"C:/Users/Jacob/AppData/Local/UnrealEngine/Common/DerivedDataCache/Buckets/LegacyTEXTURE/9e/2a/3e170dfca23cda3301e52e5e493db0e441e5.udd" 2727
"C:/Users/Jacob/AppData/Local/UnrealEngine/Common/DerivedDataCache/Buckets/LegacyTEXTURE/ed/a9/1ffa58512287239eb9216e7d2feaba9dd3f6.udd" 2728
"C:/Users/Jacob/AppData/Local/UnrealEngine/Common/DerivedDataCache/Buckets/LegacyTEXTURE/eb/99/408bbba2ee7c2046f0919cb60e55d647657f.udd" 2729
"C:/Users/Jacob/AppData/Local/UnrealEngine/Common/DerivedDataCache/Buckets/LegacyTEXTURE/3b/c5/1a81edd63dc27c48fc7cae53db93cf770c33.udd" 2730
"C:/Users/Jacob/AppData/Local/UnrealEngine/Common/DerivedDataCache/Buckets/LegacyTEXTURE/0f/ed/37de47b585e6eee414c5bd91742faf04b742.udd" 2731
"C:/Users/Jacob/Documents/Unreal Projects/ConCat/Content/Construction/Tech/Levels/DisasterTester_BuiltData.uasset" 2732
"C:/Users/Jacob/Documents/Unreal Projects/ConCat/Content/Construction/Tech/Blueprints/WeaponSystem/WeaponValues/FTools.uasset" 2733
"C:/Users/Jacob/Documents/Unreal Projects/ConCat/Content/Construction/Tech/Blueprints/UI/W_Temp.uasset" 2734
"C:/Users/Jacob/Documents/Unreal Projects/ConCat/Content/Construction/Tech/Blueprints/UI/W_PauseMenu.uasset" 2735
"C:/Users/Jacob/Documents/Unreal Projects/ConCat/Content/Construction/Tech/Blueprints/Interfaces/BPI_ToolPickup.uasset" 2736
"C:/Users/Jacob/Documents/Unreal Projects/ConCat/Content/Construction/Tech/Blueprints/GridSys/Materials/M_Red.uasset" 2737
"C:/Users/Jacob/Documents/Unreal Projects/ConCat/Content/Construction/Tech/Blueprints/GridSys/CH_BuildPhase.uasset" 2738
"C:/Users/Jacob/Documents/Unreal Projects/ConCat/Content/Construction/Tech/Blueprints/GridSys/BuildingTypeEnum.uasset" 2739
"C:/Users/Jacob/Documents/Unreal Projects/ConCat/Content/Construction/Tech/Blueprints/Gamemodes/GM_BuildPhase.uasset" 2740
"C:/Users/Jacob/Documents/Unreal Projects/ConCat/Content/Construction/Tech/Blueprints/Disasters/Hurricane/Wind_3D_Model/M_Wind.uasset" 2741
"C:/Users/Jacob/Documents/Unreal Projects/ConCat/Content/Construction/Tech/Blueprints/Disasters/Hurricane/StarterContent/Textures/T_Smoke_Tiled_D.uasset" 2742
"C:/Users/Jacob/Documents/Unreal Projects/ConCat/Content/Construction/Tech/Blueprints/Disasters/Hurricane/StarterContent/Textures/T_Smoke_SubUV.uasset" 2743
"C:/Users/Jacob/Documents/Unreal Projects/ConCat/Content/Construction/Tech/Blueprints/Disasters/Earthquake/BP_TGertrudePath.uasset" 2744
"C:/Users/Jacob/Documents/Unreal Projects/ConCat/Content/Construction/Tech/Blueprints/Disasters/Earthquake/BP_EarthquakeShake.uasset" 2745
"C:/Users/Jacob/Documents/Unreal Projects/ConCat/Content/Construction/Tech/Blueprints/DestructibleGeometry/BP_Basic_Impact.uasset" 2746
"C:/Users/Jacob/AppData/Local/UnrealEngine/Common/DerivedDataCache/Buckets/LegacyTEXTURE/50/ab/78411312165263214e5fb677cc3bd8bb788f.udd" 2747
"C:/Users/Jacob/AppData/Local/UnrealEngine/Common/DerivedDataCache/Buckets/StaticMesh/fb/47/580d4dd56853c87dbae5e4152051e2c80c70.udd" 2748
"C:/Users/Jacob/AppData/Local/UnrealEngine/Common/DerivedDataCache/Buckets/LegacyMATSM/63/0c/2f8efea72962d0ed14cc4c046f6ed9ac8f1f.udd" 2749
"C:/Users/Jacob/AppData/Local/UnrealEngine/Common/DerivedDataCache/Buckets/LegacyTEXTURE/cd/fb/97a34fa7093c6e0689c7941d47545ebc3de1.udd" 2750
"C:/Users/Jacob/AppData/Local/UnrealEngine/Common/DerivedDataCache/Buckets/StaticMesh/a1/6d/b39c0ab5e4e56876b2e147182824f4761142.udd" 2751
"C:/Users/Jacob/AppData/Local/UnrealEngine/Common/DerivedDataCache/Buckets/LegacyTEXTURE/c3/cc/b4c38f0e4066a8be1f94cf5fe0f59357ebe0.udd" 2752
"C:/Users/Jacob/AppData/Local/UnrealEngine/Common/DerivedDataCache/Buckets/LegacyDIST/45/2a/be5391044e47c0d93cbe563c8bedb95efd58.udd" 2753
"C:/Users/Jacob/AppData/Local/UnrealEngine/Common/DerivedDataCache/Buckets/LegacyTEXTURE/3d/53/fb60aec837de5f9383c9108ec86c7ce9947d.udd" 2754
"C:/Users/Jacob/AppData/Local/UnrealEngine/Common/DerivedDataCache/Buckets/LegacyTEXTURE/b7/2f/c11b275f1b11d3750921d2da7a008fa95821.udd" 2755
"C:/Users/Jacob/AppData/Local/UnrealEngine/Common/DerivedDataCache/Buckets/LegacyDIST/30/75/c5030edd0f9b18671c6ea5a7b95cb07deba5.udd" 2756
"C:/Users/Jacob/AppData/Local/UnrealEngine/Common/DerivedDataCache/Buckets/LegacyTEXTURE/9a/50/e5b56830d12972b71f89e38a371ac803cb15.udd" 2757
"C:/Users/Jacob/AppData/Local/UnrealEngine/Common/DerivedDataCache/Buckets/LegacyTEXTURE/15/20/4c211b0947102402237d6bec16bea8242297.udd" 2758
"C:/Users/Jacob/AppData/Local/UnrealEngine/Common/DerivedDataCache/Buckets/LegacyTEXTURE/d8/be/8a21bc0d8c9545befeb183397443912a0046.udd" 2759
"C:/Users/Jacob/AppData/Local/UnrealEngine/Common/DerivedDataCache/Buckets/LegacyTEXTURE/b4/bf/567d05c9d60bc38a4febf78f0d638252d835.udd" 2760
"C:/Users/Jacob/AppData/Local/UnrealEngine/Common/DerivedDataCache/Buckets/LegacyCARD/d0/d2/d29add07ab95de3deed3973fb70e43063f5b.udd" 2761
"C:/Users/Jacob/AppData/Local/UnrealEngine/Common/DerivedDataCache/Buckets/LegacyCARD/3e/d8/2b89751c0014d50f37bdac54afddef0e4189.udd" 2762
"C:/Users/Jacob/AppData/Local/UnrealEngine/Common/DerivedDataCache/Buckets/LegacyTEXTURE/a5/8e/b1d460495b28ea19fd89114976c8693f593e.udd" 2763
"C:/Users/Jacob/AppData/Local/UnrealEngine/Common/DerivedDataCache/Buckets/LegacyChaosGeometryData/dc/2d/70bd7faaba7f08327af92b2c39be8b890270.udd" 2764
"C:/Users/Jacob/AppData/Local/UnrealEngine/Common/DerivedDataCache/Buckets/LegacyChaosGeometryData/7f/c8/95733421baf18c1d90234444790ff2fb17e9.udd" 2765
"C:/Users/Jacob/AppData/Local/UnrealEngine/Common/DerivedDataCache/Buckets/LegacyNavCollision/e7/61/67293e421f364ddb5198463b86becc759181.udd" 2766
"C:/Users/Jacob/AppData/Local/UnrealEngine/Common/DerivedDataCache/Buckets/LegacyNavCollision/a5/35/7f0cc96776be66f8c07021db7d2daeab1776.udd" 2767
"C:/Users/Jacob/AppData/Local/UnrealEngine/Common/DerivedDataCache/Buckets/LegacyTEXTURE/45/f4/6c9d6d05ae568dcdb97b36323a8b5b05746b.udd" 2768
"C:/Users/Jacob/AppData/Local/UnrealEngine/Common/DerivedDataCache/Buckets/LegacyTEXTURE/72/52/e3a0b7897a4aed3e2f104911e9c17086869a.udd" 2769
"C:/Users/Jacob/AppData/Local/UnrealEngine/Common/DerivedDataCache/Buckets/LegacyTEXTURE/55/3d/bbdae087a8fd207151405821ff9649607e02.udd" 2770
"C:/Users/Jacob/AppData/Local/UnrealEngine/Common/DerivedDataCache/Buckets/LegacyTEXTURE/fe/30/dba4c0d08ad0e6d1683ff0eed94dea4205e3.udd" 2771
"C:/Users/Jacob/AppData/Local/UnrealEngine/Common/DerivedDataCache/Buckets/LegacyTEXTURE/bf/bf/c48fa16af207064cf94b1abc9e29243f58ba.udd" 2772
"C:/Users/Jacob/AppData/Local/UnrealEngine/Common/DerivedDataCache/Buckets/LegacyTEXTURE/aa/29/34bf19069e314c031693a637e18c003947a1.udd" 2773
"C:/Users/Jacob/AppData/Local/UnrealEngine/Common/DerivedDataCache/Buckets/LegacyTEXTURE/1c/c3/b992375687b0788b9f9f3ae036d58c0ebb56.udd" 2774
"C:/Users/Jacob/AppData/Local/UnrealEngine/Common/DerivedDataCache/Buckets/LegacyTEXTURE/27/36/070a4446a77687cbc9ec2e0b9d49ca286ace.udd" 2775
"C:/Users/Jacob/AppData/Local/UnrealEngine/Common/DerivedDataCache/Buckets/LegacyTEXTURE/12/91/30adaeb6805496155a0314c6bbc22925c798.udd" 2776
"C:/Users/Jacob/AppData/Local/UnrealEngine/Common/DerivedDataCache/Buckets/LegacyTEXTURE/06/e9/d0e00fc2420b894b8b1c57e3fa07d806f925.udd" 2777
"C:/Users/Jacob/AppData/Local/UnrealEngine/Common/DerivedDataCache/Buckets/LegacyTEXTURE/4a/02/1a0eca1501812d6df7994b3cd3453687fd2a.udd" 2778
"C:/Users/Jacob/AppData/Local/UnrealEngine/Common/DerivedDataCache/Buckets/LegacyTEXTURE/af/55/4c986316112060d70c2c9f90bf867e08e29c.udd" 2779
"C:/Users/Jacob/Documents/Unreal Projects/ConCat/Content/Construction/Tech/Blueprints/DestructibleGeometry/BP_AnchorField.uasset" 2780
"C:/Users/Jacob/Documents/Unreal Projects/ConCat/Content/Construction/Tech/Blueprints/Data-Storage/E_Phase.uasset" 2781
"C:/Users/Jacob/Documents/Unreal Projects/ConCat/Content/Construction/Tech/Blueprints/Data-Storage/E_GameState.uasset" 2782
"C:/Users/Jacob/Documents/Unreal Projects/ConCat/Content/Construction/Tech/Blueprints/Data-Storage/E_ActivePlayer.uasset" 2783
"C:/Users/Jacob/Documents/Unreal Projects/ConCat/Content/Construction/Tech/Blueprints/Characters/BuildPhase-Characters/BuildCameraCharacter.uasset" 2784
"C:/Users/Jacob/Documents/Unreal Projects/ConCat/Content/Construction/Tech/Blueprints/Characters/CustomController.uasset" 2785
"C:/Users/Jacob/Documents/Unreal Projects/ConCat/Content/Construction/Tech/Blueprints/CustomisationConfig.uasset" 2786
"C:/Users/Jacob/Documents/Unreal Projects/ConCat/Content/Construction/Tech/Blockout_Meshes/M_WallObsolete.uasset" 2787
"C:/Users/Jacob/Documents/Unreal Projects/ConCat/Content/Construction/Tech/Blockout_Meshes/M_CeilingObsolete.uasset" 2788
"C:/Users/Jacob/Documents/Unreal Projects/ConCat/Content/Construction/Tech/ZENITH20.uasset" 2789
"C:/Users/Jacob/Documents/Unreal Projects/ConCat/Content/Construction/Design/Materials/M_Wall.uasset" 2790
"C:/Users/Jacob/Documents/Unreal Projects/ConCat/Content/Construction/Design/Materials/MPC_Buildings.uasset" 2791
"C:/Users/Jacob/Documents/Unreal Projects/ConCat/Content/Construction/Design/Blueprints/UI/Widgets/BuildPhase/WBP_BuildPhaseHotbarSlot.uasset" 2792
"C:/Users/Jacob/Documents/Unreal Projects/ConCat/Content/Construction/Design/Blueprints/UI/Textures/BuildPhase/PlayerTwoProfile.uasset" 2793
"C:/Users/Jacob/Documents/Unreal Projects/ConCat/Content/Construction/Design/Blueprints/UI/Textures/BuildPhase/PlayerThreeProfile.uasset" 2794
"C:/Users/Jacob/Documents/Unreal Projects/ConCat/Content/Construction/Design/Blueprints/UI/Textures/BuildPhase/PlayerOneProfile.uasset" 2795
"C:/Users/Jacob/AppData/Local/UnrealEngine/Common/DerivedDataCache/Buckets/LegacyMATSM/06/30/30b7e569eec4538ed2cde6d230f4fcfd4211.udd" 2796
"C:/Users/Jacob/AppData/Local/UnrealEngine/Common/DerivedDataCache/Buckets/LegacyMATSM/d0/f3/bb2d5779a83791b41ed9818146e10642d6ab.udd" 2797
"C:/Users/Jacob/AppData/Local/UnrealEngine/Common/DerivedDataCache/Buckets/LegacyMATSM/25/21/1478aa4d7b2c56987d16f9575377fbacca72.udd" 2798
"C:/Users/Jacob/AppData/Local/UnrealEngine/Common/DerivedDataCache/Buckets/LegacyMATSM/ca/3f/2592dcc98c16f7ce50b53ea2b981799cd9d6.udd" 2799
"C:/Users/Jacob/AppData/Local/UnrealEngine/Common/DerivedDataCache/Buckets/LegacyMATSM/75/53/871a467198c8de299beee62b1926481fada2.udd" 2800
"C:/Users/Jacob/Documents/Unreal Projects/ConCat/Content/Construction/Design/Blueprints/UI/Textures/BuildPhase/PlayerFourProfile.uasset" 2801
"C:/Users/Jacob/Documents/Unreal Projects/ConCat/Content/Construction/Design/Blueprints/UI/Textures/BuildPhase/Hotbar.uasset" 2802
"C:/Users/Jacob/Documents/Unreal Projects/ConCat/Content/Construction/Design/Blueprints/UI/Textures/ActionPhase/PlayerTwoActionProfile.uasset" 2803
"C:/Users/Jacob/Documents/Unreal Projects/ConCat/Content/Construction/Design/Blueprints/UI/Textures/ActionPhase/PlayerThreeActionProfile.uasset" 2804
"C:/Users/Jacob/Documents/Unreal Projects/ConCat/Content/Construction/Design/Blueprints/UI/Textures/ActionPhase/PlayerOneActionProfile.uasset" 2805
"C:/Users/Jacob/Documents/Unreal Projects/ConCat/Content/Construction/Design/Blueprints/UI/Textures/ActionPhase/PlayerFourActionProfile.uasset" 2806
"C:/Users/Jacob/Documents/Unreal Projects/ConCat/Content/Construction/Design/Blueprints/UI/Textures/TimerFrame.uasset" 2807
"C:/Users/Jacob/Documents/Unreal Projects/ConCat/Content/Construction/Art/TutorialScreen-UI/TutorialSign.uasset" 2808
"C:/Users/Jacob/Documents/Unreal Projects/ConCat/Content/Construction/Art/TutorialScreen-UI/DisasterTutorial.uasset" 2809
"C:/Users/Jacob/Documents/Unreal Projects/ConCat/Content/Construction/Art/TutorialScreen-UI/ContinueRed.uasset" 2810
"C:/Users/Jacob/Documents/Unreal Projects/ConCat/Content/Construction/Art/TutorialScreen-UI/ContinueGreen.uasset" 2811
"C:/Users/Jacob/Documents/Unreal Projects/ConCat/Content/Construction/Art/TutorialScreen-UI/BuildTutorial.uasset" 2812
"C:/Users/Jacob/Documents/Unreal Projects/ConCat/Content/Construction/Art/Meshes/Male_1/Male_1_Riged__almost_done_just_wating_for_amys_eddits_to_the_rig__Skeleton.uasset" 2813
"C:/Users/Jacob/Documents/Unreal Projects/ConCat/Content/Construction/Art/Meshes/Male_1/Male_1_Riged__almost_done_just_wating_for_amys_eddits_to_the_rig__PhysicsAsset.uasset" 2814
"C:/Users/Jacob/Documents/Unreal Projects/ConCat/Content/Construction/Art/Meshes/Gertrude/Textures/Gertrude_Roughness.uasset" 2815
"C:/Users/Jacob/Documents/Unreal Projects/ConCat/Content/Construction/Art/Meshes/Gertrude/Textures/Gertrude_Normal.uasset" 2816
"C:/Users/Jacob/AppData/Local/UnrealEngine/Common/DerivedDataCache/Buckets/LegacyTEXTURE/65/02/e8692d31f122cbefe2f5fbcba10cb6b4afb7.udd" 2817
"C:/Users/Jacob/AppData/Local/UnrealEngine/Common/DerivedDataCache/Buckets/LegacyTEXTURE/85/e4/e5bbee38f8039dac798ec371447b056ab664.udd" 2818
"C:/Users/Jacob/AppData/Local/UnrealEngine/Common/DerivedDataCache/Buckets/LegacyTEXTURE/3e/67/36846e1fbb2039319a4eb0ef13ce810be24a.udd" 2819
"C:/Users/Jacob/Documents/Unreal Projects/ConCat/Content/Construction/Art/Meshes/Gertrude/Textures/Gertrude_Albedo.uasset" 2820
"C:/Users/Jacob/Documents/Unreal Projects/ConCat/Content/Construction/Art/Meshes/Gertrude/GertrudeR_Skeleton.uasset" 2821
"C:/Users/Jacob/Documents/Unreal Projects/ConCat/Content/Construction/Art/Meshes/Gertrude/GertrudeR_PhysicsAsset.uasset" 2822
"C:/Users/Jacob/Documents/Unreal Projects/ConCat/Content/Construction/Art/MenuUI-Cory/RightArrow.uasset" 2823
"C:/Users/Jacob/Documents/Unreal Projects/ConCat/Content/Construction/Art/MenuUI-Cory/Menu_Button.uasset" 2824
"C:/Users/Jacob/Documents/Unreal Projects/ConCat/Content/Construction/Art/MenuUI-Cory/MenuWindows.uasset" 2825
"C:/Users/Jacob/Documents/Unreal Projects/ConCat/Content/Construction/Art/MenuUI-Cory/LeftArrow.uasset" 2826
"C:/Users/Jacob/Documents/Unreal Projects/ConCat/Content/Construction/Art/MenuUI-Cory/CharaterSelectWindow.uasset" 2827
"C:/Users/Jacob/Documents/Unreal Projects/ConCat/Content/Construction/Art/MenuUI-Cory/CC_Title.uasset" 2828
"C:/Users/Jacob/Documents/Unreal Projects/ConCat/Content/Characters/Mannequin_UE4/Textures/T_UELogo_N_TGA.uasset" 2829
"C:/Users/Jacob/Documents/Unreal Projects/ConCat/Content/Characters/Mannequin_UE4/Textures/T_UELogo_Mask.uasset" 2830
"C:/Users/Jacob/Documents/Unreal Projects/ConCat/Content/Characters/Mannequin_UE4/Textures/T_UE4_Mannequin__normals.uasset" 2831
"C:/Users/Jacob/Documents/Unreal Projects/ConCat/Content/Characters/Mannequin_UE4/Textures/T_UE4_Mannequin_MAT_MASKA.uasset" 2832
"C:/Users/Jacob/Documents/Unreal Projects/ConCat/Content/Characters/Mannequin_UE4/Textures/T_ML_Rubber_Blue_01_N.uasset" 2833
"C:/Users/Jacob/Documents/Unreal Projects/ConCat/Content/Characters/Mannequin_UE4/Textures/T_ML_Rubber_Blue_01_D.uasset" 2834
"C:/Users/Jacob/AppData/Local/UnrealEngine/Common/DerivedDataCache/Buckets/LegacyTEXTURE/80/a2/360e301baf9f8370283be928d3ece1b4e4cb.udd" 2835
"C:/Users/Jacob/AppData/Local/UnrealEngine/Common/DerivedDataCache/Buckets/LegacyTEXTURE/df/3f/1c36764d52a49318563e7efcc41a6a14b09f.udd" 2836
"C:/Users/Jacob/AppData/Local/UnrealEngine/Common/DerivedDataCache/Buckets/LegacyTEXTURE/03/bb/39c8d1391cfc82f63272530b6839c67f8052.udd" 2837
"C:/Users/Jacob/AppData/Local/UnrealEngine/Common/DerivedDataCache/Buckets/LegacyTEXTURE/97/33/fae01af61b516095f790c1b4ef4b93dbc797.udd" 2838
"C:/Users/Jacob/AppData/Local/UnrealEngine/Common/DerivedDataCache/Buckets/LegacyTEXTURE/e5/c3/266c733ea3667592c568e543dc0651f310e5.udd" 2839
"C:/Users/Jacob/AppData/Local/UnrealEngine/Common/DerivedDataCache/Buckets/LegacyTEXTURE/51/c6/b3a4176ed39a2a8d48957ce06099f83938a2.udd" 2840
"C:/Users/Jacob/AppData/Local/UnrealEngine/Common/DerivedDataCache/Buckets/LegacyTEXTURE/2c/58/ab8867d896291272d65633356f8dc08f6dee.udd" 2841
"C:/Users/Jacob/AppData/Local/UnrealEngine/Common/DerivedDataCache/Buckets/LegacyTEXTURE/3d/9e/e02f9495c3c0c8ab859e596e116f54b8c963.udd" 2842
"C:/Users/Jacob/AppData/Local/UnrealEngine/Common/DerivedDataCache/Buckets/LegacyTEXTURE/c8/1c/8f749bcaf947431c4b98f5997ffa633cd3a6.udd" 2843
"C:/Users/Jacob/AppData/Local/UnrealEngine/Common/DerivedDataCache/Buckets/LegacyTEXTURE/78/e0/4289793062c9bfca4673fcf5162b431d3075.udd" 2844
"C:/Users/Jacob/AppData/Local/UnrealEngine/Common/DerivedDataCache/Buckets/LegacyTEXTURE/b6/6d/bbf05b4093a9816c3a76e71530b9472389c3.udd" 2845
"C:/Users/Jacob/AppData/Local/UnrealEngine/Common/DerivedDataCache/Buckets/LegacyTEXTURE/94/54/52d4c79cd18ea9a2a5f3cadad3830d2fa84c.udd" 2846
"C:/Users/Jacob/AppData/Local/UnrealEngine/Common/DerivedDataCache/Buckets/LegacyTEXTURE/20/85/d33dfbf5d67ef82ba1eff2b87a377aab1389.udd" 2847
"C:/Users/Jacob/AppData/Local/UnrealEngine/Common/DerivedDataCache/Buckets/LegacyTEXTURE/32/81/e6f9444e43e347c0844bac67362c45397eb2.udd" 2848
"C:/Users/Jacob/AppData/Local/UnrealEngine/Common/DerivedDataCache/Buckets/LegacyTEXTURE/13/b5/0141433fb5055fdae66fdd497662aedd2954.udd" 2849
"C:/Users/Jacob/AppData/Local/UnrealEngine/Common/DerivedDataCache/Buckets/LegacyTEXTURE/ea/37/c6bcb30bb081007e3bb3183b0d05f0224004.udd" 2850
"C:/Users/Jacob/AppData/Local/UnrealEngine/Common/DerivedDataCache/Buckets/LegacyTEXTURE/95/05/4ed9102310f3c2def43fb3737451e5b317ee.udd" 2851
"C:/Users/Jacob/AppData/Local/UnrealEngine/Common/DerivedDataCache/Buckets/LegacyTEXTURE/3e/53/2f2598b41caf0178e8d50507771a7021f4e4.udd" 2852
"C:/Users/Jacob/AppData/Local/UnrealEngine/Common/DerivedDataCache/Buckets/LegacyTEXTURE/d5/56/05d88da3cac235c902b17906351abffc8f5f.udd" 2853
"C:/Users/Jacob/AppData/Local/UnrealEngine/Common/DerivedDataCache/Buckets/LegacyTEXTURE/70/16/7f7aadeae93d4e19009aed56480cfec29613.udd" 2854
"C:/Users/Jacob/AppData/Local/UnrealEngine/Common/DerivedDataCache/Buckets/LegacyTEXTURE/96/8b/fc48779ac9747249efcb9e14247118ce969c.udd" 2855
"C:/Users/Jacob/AppData/Local/UnrealEngine/Common/DerivedDataCache/Content/1b/2c/742c762d2101a724bbe5eb1a7054c352540b.udd" 2856
"C:/Users/Jacob/AppData/Local/UnrealEngine/Common/DerivedDataCache/Buckets/LegacyTEXTURE/43/ce/2f5a5ce21a62a23ce999063c1ed0415d194c.udd" 2857
"C:/Users/Jacob/Documents/Unreal Projects/ConCat/Content/Characters/Mannequin_UE4/Textures/T_ML_Aluminum01_N.uasset" 2858
"C:/Users/Jacob/AppData/Local/UnrealEngine/Common/DerivedDataCache/Buckets/LegacyTEXTURE/d1/29/a63babaaea16cbc866e70c16ec07797c299a.udd" 2859
"C:/Users/Jacob/AppData/Local/UnrealEngine/Common/DerivedDataCache/Buckets/LegacyTEXTURE/46/2c/9a129f2d794ed68f346f21c9fa4ec39ab977.udd" 2860
"C:/Users/Jacob/Documents/Unreal Projects/ConCat/Content/Characters/Mannequin_UE4/Textures/T_ML_Aluminum01.uasset" 2861
"C:/Users/Jacob/Documents/Unreal Projects/ConCat/Content/Characters/Mannequin_UE4/Meshes/SK_Mannequin_Skeleton.uasset" 2862
"C:/Users/Jacob/Documents/Unreal Projects/ConCat/Content/Characters/Mannequin_UE4/Meshes/SK_Mannequin_PhysicsAsset.uasset" 2863
"C:/Users/Jacob/Documents/Unreal Projects/ConCat/Content/Characters/Mannequin_UE4/Materials/Layers/ML_ShinyPlastic_Beige.uasset" 2864
"C:/Users/Jacob/Documents/Unreal Projects/ConCat/Content/Characters/Mannequins/Textures/Manny/T_Manny_02_Tan.uasset" 2865
"C:/Users/Jacob/Documents/Unreal Projects/ConCat/Content/Characters/Mannequins/Textures/Manny/T_Manny_02_N.uasset" 2866
"C:/Users/Jacob/Documents/Unreal Projects/ConCat/Content/Characters/Mannequins/Textures/Manny/T_Manny_02_MSR_MSK.uasset" 2867
"C:/Users/Jacob/Documents/Unreal Projects/ConCat/Content/Characters/Mannequins/Textures/Manny/T_Manny_02_D.uasset" 2868
"C:/Users/Jacob/Documents/Unreal Projects/ConCat/Content/Characters/Mannequins/Textures/Manny/T_Manny_02_CCRCCPlastic_MSK.uasset" 2869
"C:/Users/Jacob/Documents/Unreal Projects/ConCat/Content/Characters/Mannequins/Textures/Manny/T_Manny_02_BN.uasset" 2870
"C:/Users/Jacob/Documents/Unreal Projects/ConCat/Content/Characters/Mannequins/Textures/Manny/T_Manny_02_ASAOPMASK_MSK.uasset" 2871
"C:/Users/Jacob/Documents/Unreal Projects/ConCat/Content/Characters/Mannequins/Meshes/Mannequin_LODSettings.uasset" 2872
"C:/Users/Jacob/Documents/Unreal Projects/ConCat/Content/No_Bounce.uasset" 2873
"../../../Engine/Content/EngineMaterials/DefaultCalibrationGrayscale.uasset" 2874
"../../../Engine/Content/EngineMaterials/DefaultCalibrationColor.uasset" 2875
"C:/Users/Jacob/AppData/Local/UnrealEngine/Common/DerivedDataCache/Buckets/LegacyTEXTURE/18/3c/4afd03fdccf83bf3acebb903309b5e07e952.udd" 2876
"C:/Users/Jacob/AppData/Local/UnrealEngine/Common/DerivedDataCache/Buckets/LegacyTEXTURE/c9/79/e1ce752243f8433c08b91fee867aa542087c.udd" 2877
"C:/Users/Jacob/AppData/Local/UnrealEngine/Common/DerivedDataCache/Buckets/LegacyTEXTURE/d2/e0/2af110218db041310b7a0e03fd6f7eb6b88c.udd" 2878
"C:/Users/Jacob/AppData/Local/UnrealEngine/Common/DerivedDataCache/Buckets/LegacyTEXTURE/6a/60/8961c9a52321ff328abc4de144fd509799c2.udd" 2879
"C:/Users/Jacob/AppData/Local/UnrealEngine/Common/DerivedDataCache/Buckets/LegacyTEXTURE/d7/cb/696bd49341336196fbde85cf3dcf1e6fcee7.udd" 2880
"C:/Users/Jacob/AppData/Local/UnrealEngine/Common/DerivedDataCache/Buckets/LegacyTEXTURE/0b/b7/8c19633808cbc9109711d01734221b89026b.udd" 2881
"C:/Users/Jacob/AppData/Local/UnrealEngine/Common/DerivedDataCache/Buckets/LegacyTEXTURE/cc/56/5567a6b4a8a98879690ce6d9711c849b6d5e.udd" 2882
"C:/Users/Jacob/AppData/Local/UnrealEngine/Common/DerivedDataCache/Buckets/LegacyTEXTURE/d9/16/e367e10d12498d2e807c1dede890b9fc1462.udd" 2883
"C:/Users/Jacob/AppData/Local/UnrealEngine/Common/DerivedDataCache/Buckets/LegacyTEXTURE/b2/9d/b0a53591b47e56e5bf5358cc25fc05593722.udd" 2884
"../../../Engine/Content/MobileResources/HUD/VirtualJoystick_Background.uasset" 2885
"C:/Users/Jacob/AppData/Local/UnrealEngine/Common/DerivedDataCache/Buckets/LegacyTEXTURE/1d/08/c2be451e525a9c981d83919b28fc02bf059f.udd" 2886
"C:/Users/Jacob/AppData/Local/UnrealEngine/Common/DerivedDataCache/Buckets/LegacyTEXTURE/93/3a/d80fd5a59b75beecc108eaf9c4baf350aba4.udd" 2887
"C:/Users/Jacob/AppData/Local/UnrealEngine/Common/DerivedDataCache/Buckets/LegacyTEXTURE/38/d2/d7c17a5ab986692b2c18705f665c324656ea.udd" 2888
"../../../Engine/Content/MobileResources/HUD/VirtualJoystick_Thumb.uasset" 2889
"../../../Engine/Content/EditorMaterials/PreviewShadowIndicator.uasset" 2890
"../../../Engine/Content/EngineSounds/Submixes/MasterEQEffectPreset.uasset" 2891
"C:/Users/Jacob/AppData/Local/UnrealEngine/Common/DerivedDataCache/Buckets/LegacyTEXTURE/87/da/d488a6189e3bdb25b4c114368329afc99a61.udd" 2892
"C:/Users/Jacob/AppData/Local/UnrealEngine/Common/DerivedDataCache/Buckets/LegacyTEXTURE/b4/d2/8a9a2dd1c3091d7027bf70767e9d2b20a4ba.udd" 2893
"C:/Users/Jacob/AppData/Local/UnrealEngine/Common/DerivedDataCache/Buckets/LegacyTEXTURE/62/91/2b1cd497eef15a80673f84ccbbe0edd8a9f1.udd" 2894
"C:/Users/Jacob/AppData/Local/UnrealEngine/Common/DerivedDataCache/Buckets/LegacyTEXTURE/4d/50/45dbb321cd7ebacd82a621fb526d9c6b787f.udd" 2895
"C:/Users/Jacob/AppData/Local/UnrealEngine/Common/DerivedDataCache/Buckets/LegacyTEXTURE/e6/22/9357af961fe6ee42bacddb83183fa9025003.udd" 2896
"../../../Engine/Content/EngineSounds/Submixes/MasterReverbEffectPreset.uasset" 2897
"C:/Users/Jacob/AppData/Local/UnrealEngine/Common/DerivedDataCache/Buckets/LegacyTEXTURE/fe/b9/853b2609301ba89113380c8a82485d7378cb.udd" 2898
"C:/Users/Jacob/AppData/Local/UnrealEngine/Common/DerivedDataCache/Buckets/LegacyTEXTURE/af/00/3935536ddded2319fc601c13af89d9720c2b.udd" 2899
"C:/Users/Jacob/AppData/Local/UnrealEngine/Common/DerivedDataCache/Buckets/LegacyTEXTURE/1e/5b/bf3934eb97e06ca7ac3173e71dab15532b37.udd" 2900
"C:/Users/Jacob/AppData/Local/UnrealEngine/Common/DerivedDataCache/Buckets/LegacyTEXTURE/0a/54/cdc928d5a711322d9951df04fa22c0839a12.udd" 2901
"C:/Users/Jacob/AppData/Local/UnrealEngine/Common/DerivedDataCache/Buckets/LegacyTEXTURE/3c/64/7db3afe018d48e24fb0117a9f400f7d9878f.udd" 2902
"C:/Users/Jacob/AppData/Local/UnrealEngine/Common/DerivedDataCache/Buckets/LegacyTEXTURE/96/63/c9b08f245729798cead6739e2ef777ad0e99.udd" 2903
"C:/Users/Jacob/AppData/Local/UnrealEngine/Common/DerivedDataCache/Buckets/LegacyTEXTURE/f9/2f/1de6bbac7a1698d7b873bf697f83550edc26.udd" 2904
"C:/Users/Jacob/AppData/Local/UnrealEngine/Common/DerivedDataCache/Buckets/LegacyTEXTURE/ce/59/5b6f5ba7b1f5738ce4a0419ab482cec4dc8f.udd" 2905
"C:/Users/Jacob/AppData/Local/UnrealEngine/Common/DerivedDataCache/Content/ca/f4/18a3f0ab20ed72ffc54703531187ab380c69.udd" 2906
"C:/Users/Jacob/AppData/Local/UnrealEngine/Common/DerivedDataCache/Buckets/LegacyTEXTURE/b1/12/54d33575cf22823983c5603cf42767b53142.udd" 2907
"C:/Users/Jacob/AppData/Local/UnrealEngine/Common/DerivedDataCache/Buckets/LegacyTEXTURE/07/46/d3c6c563f47423fbda08074488ca2043fe6c.udd" 2908
"C:/Users/Jacob/AppData/Local/UnrealEngine/Common/DerivedDataCache/Buckets/LegacyTEXTURE/7a/6c/c4b22dbc896ba9caf3f93565aac280a17e9d.udd" 2909
"C:/Users/Jacob/AppData/Local/UnrealEngine/Common/DerivedDataCache/Buckets/LegacyTEXTURE/68/fa/80793787fd1ecd23fd5ee1aae9a5b3525370.udd" 2910
"C:/Users/Jacob/AppData/Local/UnrealEngine/Common/DerivedDataCache/Buckets/LegacyTEXTURE/67/a3/0c5e61ac468b1803dad4c72a320b4e143f3c.udd" 2911
"C:/Users/Jacob/AppData/Local/UnrealEngine/Common/DerivedDataCache/Buckets/LegacyTEXTURE/93/11/2049f19d3f4c5d195528bab768393cf51ff4.udd" 2912
"C:/Users/Jacob/AppData/Local/UnrealEngine/Common/DerivedDataCache/Buckets/LegacyTEXTURE/5b/11/1077c582de46adc5eebf0ae884e38937dcf5.udd" 2913
"C:/Users/Jacob/AppData/Local/UnrealEngine/Common/DerivedDataCache/Buckets/LegacyTEXTURE/0b/cd/718333168a4f15f4f1b83a4418cbf921fae0.udd" 2914
"C:/Users/Jacob/AppData/Local/UnrealEngine/Common/DerivedDataCache/Buckets/LegacyTEXTURE/9e/5d/6be3cdfa10931b443af291d9d8f326987c1a.udd" 2915
"C:/Users/Jacob/AppData/Local/UnrealEngine/Common/DerivedDataCache/Buckets/LegacyTEXTURE/de/10/5b9f0851920dd4a21441b74bc715a2bd1ebb.udd" 2916
"C:/Users/Jacob/AppData/Local/UnrealEngine/Common/DerivedDataCache/Buckets/LegacyTEXTURE/c0/2b/a90063b571bb2fd2e7fef1ea4adf5098d882.udd" 2917
"C:/Users/Jacob/AppData/Local/UnrealEngine/Common/DerivedDataCache/Buckets/LegacyTEXTURE/7f/cd/87f9cece50be9815abd15581d629eaa6b711.udd" 2918
"C:/Users/Jacob/AppData/Local/UnrealEngine/Common/DerivedDataCache/Buckets/LegacyTEXTURE/e7/c4/cf541e8316b70b6e36fc6a1fb93785c460b0.udd" 2919
"C:/Users/Jacob/AppData/Local/UnrealEngine/Common/DerivedDataCache/Buckets/LegacyTEXTURE/10/67/0f55895a539a5b5f23c81113c50640d75cf6.udd" 2920
"C:/Users/Jacob/AppData/Local/UnrealEngine/Common/DerivedDataCache/Buckets/LegacyTEXTURE/38/b0/493a2033de2522bd23100ae4463037168d1e.udd" 2921
"C:/Users/Jacob/AppData/Local/UnrealEngine/Common/DerivedDataCache/Buckets/LegacyTEXTURE/cb/48/ed27b2dc3d59612cb847c029956f8913cc56.udd" 2922
"C:/Users/Jacob/AppData/Local/UnrealEngine/Common/DerivedDataCache/Buckets/LegacyTEXTURE/dc/6c/538c5d91ffc4f54a1bc4b61d352aacbf52de.udd" 2923
"C:/Users/Jacob/AppData/Local/UnrealEngine/Common/DerivedDataCache/Buckets/LegacyTEXTURE/9e/05/dc4a79f6f7ed860f8b8029fff91cbe938376.udd" 2924
"C:/Users/Jacob/AppData/Local/UnrealEngine/Common/DerivedDataCache/Buckets/LegacyTEXTURE/17/7d/d8925dedfb7718c2113c20fbbf863d6c834e.udd" 2925
"C:/Users/Jacob/AppData/Local/UnrealEngine/Common/DerivedDataCache/Buckets/LegacyTEXTURE/62/af/c09724b753a3d14d2452c8a86fca0aafb59a.udd" 2926
"C:/Users/Jacob/AppData/Local/UnrealEngine/Common/DerivedDataCache/Buckets/LegacyTEXTURE/17/a7/4fa4db1c2003fbf42507b09a59d10389395c.udd" 2927
"C:/Users/Jacob/AppData/Local/UnrealEngine/Common/DerivedDataCache/Buckets/LegacyTEXTURE/81/24/3c5da7e89597aa87db338a3efc7cd65871f0.udd" 2928
"../../../Engine/Content/EditorBlueprintResources/StandardMacros.uasset" 2929
"../../../Engine/Content/Maps/Entry_BuiltData.uasset" 2930
"../../../Engine/Content/EngineSky/M_SimpleSkyDome.uasset" 2931
"../../../Engine/Content/VREditor/Devices/Vive/M_ViveControllerTrim.uasset" 2932
"../../../Engine/Content/BasicShapes/BasicShapeMaterial.uasset" 2933
"../../../Engine/Plugins/FX/NiagaraFluids/Content/Enums/ENiagaraScalabilityQualityLevels.uasset" 2934
"../../../Engine/Plugins/FX/NiagaraFluids/Content/Materials/Particles/WhitewaterMaterial.uasset" 2935
"../../../Engine/Plugins/FX/Niagara/Content/DefaultAssets/DefaultSpriteMaterial.uasset" 2936
"../../../Engine/Plugins/FX/Niagara/Content/VectorFields/Assets/TilingCurl32.uasset" 2937
"../../../Engine/Plugins/FX/NiagaraFluids/Content/EffectTypes/FluidEffectType.uasset" 2938
"../../../Engine/Content/EditorResources/FieldNodes/_Resources/EFieldShapeType.uasset" 2939
"../../../Engine/Content/EditorResources/FieldNodes/_Resources/EFieldSleepType.uasset" 2940
"../../../Engine/Content/Functions/MaterialLayerFunctions/MatLayerBlend_Simple.uasset" 2941
"../../../Engine/Content/Functions/Engine_MaterialFunctions01/Gradient/LinearGradient.uasset" 2942
"../../../Engine/Plugins/FX/NiagaraFluids/Content/Curves/Grid2D_DebugGizmo_GridDisplayColor.uasset" 2943
"../../../Engine/Plugins/FX/NiagaraFluids/Content/Textures/Grid2D_DebugGizmos/Grid2D_Border.uasset" 2944
"../../../Engine/Plugins/FX/NiagaraFluids/Content/Textures/Grid2D_DebugGizmos/Grid2D_Nametag.uasset" 2945
"../../../Engine/Plugins/FX/NiagaraFluids/Content/Textures/Grid2D_DebugGizmos/Grid2D_Nametag_Resolution.uasset" 2946
"../../../Engine/Plugins/FX/NiagaraFluids/Content/Textures/Grid2D_DebugGizmos/Grid2D_Nametag_Resolution_Data.uasset" 2947
"../../../Engine/Content/EngineMaterials/Grid.uasset" 2948
"../../../Engine/Content/Functions/Engine_MaterialFunctions02/ScreenResolution.uasset" 2949
"../../../Engine/Content/EngineMaterials/BlendFunc_DefBase.uasset" 2950
"../../../Engine/Content/EngineMaterials/BlendFunc_DefBlend.uasset" 2951
"../../../Engine/Content/Functions/Engine_MaterialFunctions02/Utility/BlendAngleCorrectedNormals.uasset" 2952
"../../../Engine/Content/EngineSky/T_Sky_Blue.uasset" 2953
"../../../Engine/Content/EngineSky/T_Sky_Clouds_M.uasset" 2954
"../../../Engine/Content/EngineSky/T_Sky_Stars.uasset" 2955
"../../../Engine/Plugins/FX/NiagaraFluids/Content/Materials/Functions/Niagara_Liquid_Generate_WPO.uasset" 2956
"../../../Engine/Content/Functions/Engine_MaterialFunctions02/ExampleContent/Textures/SphereRenderMask.uasset" 2957
"C:/Users/Jacob/AppData/Local/UnrealEngine/Common/DerivedDataCache/Buckets/LegacyMATSM/83/c2/14c4874feed27bdc41ab9c2b0074b07488e5.udd" 2958
"../../../Engine/Content/Functions/Engine_MaterialFunctions02/ExampleContent/Textures/SphereRenderNormalsMap.uasset" 2959
"../../../Engine/Content/Functions/Engine_MaterialFunctions02/Math/TimeWithSpeedVariable.uasset" 2960
"../../../Engine/Plugins/FX/NiagaraFluids/Content/Textures/Grid2D_DebugGizmos/Grid2D_Cell.uasset" 2961
"../../../Engine/Plugins/FX/NiagaraFluids/Content/Materials/Functions/Grid2D_DebugGizmos/ComputeIconUV.uasset" 2962
"../../../Engine/Content/OpenWorldTemplate/LandscapeMaterial/T_GridChecker_A.uasset" 2963
"../../../Engine/Content/Functions/Engine_MaterialFunctions01/Texturing/ComputeMipLevel.uasset" 2964
"../../../Engine/Content/Functions/Engine_MaterialFunctions02/ExampleContent/DebugNumberStrip.uasset" 2965
"../../../Engine/Content/Functions/Engine_MaterialFunctions02/ExampleContent/Textures/DebugNumberPeriod.uasset" 2966
"../../../Engine/Content/Functions/Engine_MaterialFunctions02/Utility/DepthFromWorldPosition.uasset" 2967
"../../../Engine/Plugins/FX/NiagaraFluids/Content/Materials/Grid3D/M_DebugVolumeSlice.uasset" 2968
"C:/Users/Jacob/Documents/Unreal Projects/ConCat/Content/Construction/Tech/Blueprints/GridSys/PostProcess/M_HighLightMat.uasset" 2969
"../../../Engine/Plugins/FX/NiagaraFluids/Content/Materials/Grid3D/M_DebugSDF.uasset" 2970
"../../../Engine/Content/Functions/Engine_MaterialFunctions01/Texturing/TextureCropping.uasset" 2971
"../../../Engine/Content/EditorResources/FieldNodes/_Resources/DefaultTextMaterialOpaque.uasset" 2972
"C:/Users/Jacob/Documents/Unreal Projects/ConCat/Content/LevelPrototyping/Materials/MI_Solid_Blue.uasset" 2973
"C:/Users/Jacob/AppData/Local/UnrealEngine/Common/DerivedDataCache/Buckets/LegacyTEXTURE/53/28/aa050d278939b777c87ddaa53ad47811203b.udd" 2974
"C:/Users/Jacob/AppData/Local/UnrealEngine/Common/DerivedDataCache/Buckets/LegacyTEXTURE/8e/f9/a21e6c40f253782a593a74aab08333c725ba.udd" 2975
"C:/Users/Jacob/AppData/Local/UnrealEngine/Common/DerivedDataCache/Buckets/LegacyTEXTURE/db/40/99ebb81949f02270111eb00a717b2335b244.udd" 2976
"C:/Users/Jacob/AppData/Local/UnrealEngine/Common/DerivedDataCache/Buckets/LegacyTEXTURE/46/e5/1def3ba2a9c2419ae3a4a08be10a9104acc5.udd" 2977
"C:/Users/Jacob/AppData/Local/UnrealEngine/Common/DerivedDataCache/Buckets/LegacyTEXTURE/d7/20/c7ba14ddcd05a58e44df0da3911157ff5c2a.udd" 2978
"C:/Users/Jacob/Documents/Unreal Projects/ConCat/Content/Environment/crane/Crane_M.uasset" 2979
"C:/Users/Jacob/Documents/Unreal Projects/ConCat/Content/Construction/Tech/Blueprints/UI/W_MouseCursor.uasset" 2980
"C:/Users/Jacob/Documents/Unreal Projects/ConCat/Content/Construction/Tech/Blueprints/GridSys/Materials/Red.uasset" 2981
"C:/Users/Jacob/Documents/Unreal Projects/ConCat/Content/Construction/Tech/Blueprints/GridSys/Materials/MI_Green_Int.uasset" 2982
"C:/Users/Jacob/Documents/Unreal Projects/ConCat/Content/Construction/Tech/Blueprints/GridSys/Materials/MI_Blue_Int.uasset" 2983
"C:/Users/Jacob/Documents/Unreal Projects/ConCat/Content/Construction/Tech/Blueprints/Disasters/Hurricane/Wind_3D_Model/Wind_Remastered.uasset" 2984
"C:/Users/Jacob/Documents/Unreal Projects/ConCat/Content/Construction/Tech/Blueprints/Disasters/Hurricane/Wind_3D_Model/WindSwirly.uasset" 2985
"C:/Users/Jacob/Documents/Unreal Projects/ConCat/Content/Construction/Tech/Blueprints/Disasters/Hurricane/StarterContent/Particles/Materials/M_smoke_subUV.uasset" 2986
"C:/Users/Jacob/Documents/Unreal Projects/ConCat/Content/Construction/Tech/Blueprints/GameSetup.uasset" 2987
"C:/Users/Jacob/Documents/Unreal Projects/ConCat/Content/Construction/Tech/ZENITH20_Font.uasset" 2988
"C:/Users/Jacob/AppData/Local/UnrealEngine/Common/DerivedDataCache/Buckets/LegacyTEXTURE/7f/7d/820fa3bc156c0d52f130a1f6cad4e6cd9937.udd" 2989
"C:/Users/Jacob/Documents/Unreal Projects/ConCat/Content/Construction/Tech/Blockout_Meshes/Stairs_2B267F15.uasset" 2990
"C:/Users/Jacob/Documents/Unreal Projects/ConCat/Content/Construction/Design/Materials/M_Ceiling.uasset" 2991
"C:/Users/Jacob/Documents/Unreal Projects/ConCat/Content/Construction/Design/Blueprints/UI/Widgets/BuildPhase/WBP_BuildPhaseFullHotbar.uasset" 2992
"C:/Users/Jacob/AppData/Local/UnrealEngine/Common/DerivedDataCache/Buckets/LegacyMATSM/9f/cb/f3365471e632a4f7f4324c507055099f738d.udd" 2993
"C:/Users/Jacob/Documents/Unreal Projects/ConCat/Content/Construction/Art/Meshes/Male_1/Male_1_Riged__almost_done_just_wating_for_amys_eddits_to_the_rig_.uasset" 2994
"C:/Users/Jacob/Documents/Unreal Projects/ConCat/Content/Construction/Art/Meshes/Gertrude/Materials/Gertrude.uasset" 2995
"C:/Users/Jacob/Documents/Unreal Projects/ConCat/Content/Characters/Mannequin_UE4/Materials/Layers/ML_ShinyPlastic_Beige_Logo.uasset" 2996
"C:/Users/Jacob/Documents/Unreal Projects/ConCat/Content/Characters/Mannequin_UE4/Materials/Layers/ML_Latex_Black.uasset" 2997
"C:/Users/Jacob/Documents/Unreal Projects/ConCat/Content/Characters/Mannequin_UE4/Materials/Layers/ML_SoftMetal.uasset" 2998
"C:/Users/Jacob/Documents/Unreal Projects/ConCat/Content/Characters/Mannequins/Rigs/Poses/Quinn/Quinn_upperarm_r_pose.uasset" 2999
"C:/Users/Jacob/Documents/Unreal Projects/ConCat/Content/Characters/Mannequins/Rigs/Poses/Quinn/Quinn_upperarm_l_pose.uasset" 3000
"C:/Users/Jacob/Documents/Unreal Projects/ConCat/Content/Characters/Mannequins/Rigs/Poses/Quinn/Quinn_thigh_r_pose.uasset" 3001
"C:/Users/Jacob/AppData/Local/UnrealEngine/Common/DerivedDataCache/Buckets/StaticMesh/d1/4a/06ce2e8b747da8540740a74e3bf49e726b6f.udd" 3002
"C:/Users/Jacob/AppData/Local/UnrealEngine/Common/DerivedDataCache/Buckets/LegacyDIST/ca/b7/473d4a9217e3843744d9f20cbfa4abd7074c.udd" 3003
"C:/Users/Jacob/AppData/Local/UnrealEngine/Common/DerivedDataCache/Buckets/LegacyCARD/da/e6/9c0979ac7b56082a3f21f912c9a0949fb91f.udd" 3004
"C:/Users/Jacob/AppData/Local/UnrealEngine/Common/DerivedDataCache/Buckets/LegacyChaosGeometryData/bb/33/361969ba4b8d59993e578687eb501a3285e6.udd" 3005
"C:/Users/Jacob/AppData/Local/UnrealEngine/Common/DerivedDataCache/Buckets/LegacyMATSM/10/6b/36cca14f423306384d68ddb54a876270ef14.udd" 3006
"C:/Users/Jacob/AppData/Local/UnrealEngine/Common/DerivedDataCache/Buckets/LegacyNavCollision/5f/5f/ad83712f8f402a10bb8ca67c6a177a2f5ce5.udd" 3007
"C:/Users/Jacob/AppData/Local/UnrealEngine/Common/DerivedDataCache/Buckets/LegacyMATSM/05/bd/2bc72b1335a338546571cc5a6c6ecd1ddccb.udd" 3008
"C:/Users/Jacob/Documents/Unreal Projects/ConCat/Content/Characters/Mannequins/Rigs/Poses/Quinn/Quinn_upperarm_r_anim.uasset" 3009
"C:/Users/Jacob/AppData/Local/UnrealEngine/Common/DerivedDataCache/Buckets/LegacyAnimSeq/ef/0e/3d47857ea3571ad32a7edacb967ea6ef87e7.udd" 3010
"C:/Users/Jacob/Documents/Unreal Projects/ConCat/Content/Characters/Mannequins/Rigs/Poses/Quinn/Quinn_upperarm_l_anim.uasset" 3011
"C:/Users/Jacob/AppData/Local/UnrealEngine/Common/DerivedDataCache/Buckets/LegacyAnimSeq/37/92/37966f4507ebf84341af484f9b486d768852.udd" 3012
"C:/Users/Jacob/Documents/Unreal Projects/ConCat/Content/Characters/Mannequins/Rigs/Poses/Quinn/Quinn_thigh_r_anim.uasset" 3013
"C:/Users/Jacob/AppData/Local/UnrealEngine/Common/DerivedDataCache/Buckets/LegacyAnimSeq/ce/53/a8a998101587ed2977fdd4437644a53fd7eb.udd" 3014
"C:/Users/Jacob/AppData/Local/UnrealEngine/Common/DerivedDataCache/Buckets/LegacyMATSM/c9/02/33193b0755af72941090cdbadc79721870de.udd" 3015
"C:/Users/Jacob/AppData/Local/UnrealEngine/Common/DerivedDataCache/Buckets/StaticMesh/cb/0b/50d5986541ef3fcff4493d9ba57a83c95100.udd" 3016
"C:/Users/Jacob/AppData/Local/UnrealEngine/Common/DerivedDataCache/Buckets/LegacyDIST/6a/ba/a12658f16b9bef5e82baf53010e36873043f.udd" 3017
"C:/Users/Jacob/Documents/Unreal Projects/ConCat/Content/Characters/Mannequins/Rigs/Poses/Quinn/Quinn_thigh_l_pose.uasset" 3018
"C:/Users/Jacob/Documents/Unreal Projects/ConCat/Content/Characters/Mannequins/Rigs/Poses/Quinn/Quinn_lowerarm_r_pose.uasset" 3019
"C:/Users/Jacob/AppData/Local/UnrealEngine/Common/DerivedDataCache/Buckets/LegacyCARD/ee/7b/9fd2e408fa82847463d422dd6b52533a8b5d.udd" 3020
"C:/Users/Jacob/Documents/Unreal Projects/ConCat/Content/Characters/Mannequins/Rigs/Poses/Quinn/Quinn_lowerarm_l_pose.uasset" 3021
"C:/Users/Jacob/Documents/Unreal Projects/ConCat/Content/Characters/Mannequins/Rigs/Poses/Quinn/Quinn_hand_r_pose.uasset" 3022
"C:/Users/Jacob/Documents/Unreal Projects/ConCat/Content/Characters/Mannequins/Rigs/Poses/Quinn/Quinn_hand_l_pose.uasset" 3023
"C:/Users/Jacob/Documents/Unreal Projects/ConCat/Content/Characters/Mannequins/Rigs/Poses/Quinn/Quinn_foot_r_pose.uasset" 3024
"C:/Users/Jacob/Documents/Unreal Projects/ConCat/Content/Characters/Mannequins/Rigs/Poses/Quinn/Quinn_foot_l_pose.uasset" 3025
"C:/Users/Jacob/AppData/Local/UnrealEngine/Common/DerivedDataCache/Buckets/LegacyChaosGeometryData/72/c2/70555d03a7f4bfe847a5c960eb551a5e5515.udd" 3026
"C:/Users/Jacob/Documents/Unreal Projects/ConCat/Content/Characters/Mannequins/Rigs/Poses/Quinn/Quinn_clavicle_r_pose.uasset" 3027
"C:/Users/Jacob/Documents/Unreal Projects/ConCat/Content/Characters/Mannequins/Rigs/Poses/Quinn/Quinn_clavicle_l_pose.uasset" 3028
"C:/Users/Jacob/Documents/Unreal Projects/ConCat/Content/Characters/Mannequins/Rigs/Poses/Quinn/Quinn_calf_r_pose.uasset" 3029
"C:/Users/Jacob/Documents/Unreal Projects/ConCat/Content/Characters/Mannequins/Rigs/Poses/Quinn/Quinn_calf_l_pose.uasset" 3030
"C:/Users/Jacob/Documents/Unreal Projects/ConCat/Content/Characters/Mannequins/Rigs/Poses/Manny/Manny_upperarm_r_pose.uasset" 3031
"C:/Users/Jacob/Documents/Unreal Projects/ConCat/Content/Characters/Mannequins/Rigs/Poses/Manny/Manny_upperarm_l_pose.uasset" 3032
"C:/Users/Jacob/Documents/Unreal Projects/ConCat/Content/Characters/Mannequins/Rigs/Poses/Manny/Manny_thigh_r_pose.uasset" 3033
"C:/Users/Jacob/Documents/Unreal Projects/ConCat/Content/Characters/Mannequins/Rigs/Poses/Manny/Manny_thigh_l_pose.uasset" 3034
"C:/Users/Jacob/Documents/Unreal Projects/ConCat/Content/Characters/Mannequins/Rigs/Poses/Manny/Manny_lowerarm_r_pose.uasset" 3035
"C:/Users/Jacob/AppData/Local/UnrealEngine/Common/DerivedDataCache/Buckets/LegacyNavCollision/1c/22/de3cf608742b7bc2513837fc7992863f30fd.udd" 3036
"C:/Users/Jacob/AppData/Local/UnrealEngine/Common/DerivedDataCache/Buckets/LegacySKELETALMESH/29/0f/2cfa19ed3869442eb7b35c4e29df15a372ba.udd" 3037
"C:/Users/Jacob/AppData/Local/UnrealEngine/Common/DerivedDataCache/Content/00/de/775e7cbfde823f38b75b9617a61bee85bb20.udd" 3038
"C:/Users/Jacob/AppData/Local/UnrealEngine/Common/DerivedDataCache/Buckets/LegacyMATSM/17/29/fed547d31627f5a2494cc2aa32410da79843.udd" 3039
"C:/Users/Jacob/AppData/Local/UnrealEngine/Common/DerivedDataCache/Buckets/StaticMesh/96/79/bffba0ffc4d434529bbb8a8556c450f932d5.udd" 3040
"C:/Users/Jacob/AppData/Local/UnrealEngine/Common/DerivedDataCache/Buckets/LegacyDIST/6e/04/370dca73a09d5e229656c4ebec207a8b5f8a.udd" 3041
"C:/Users/Jacob/AppData/Local/UnrealEngine/Common/DerivedDataCache/Buckets/LegacyCARD/c4/00/96b811e1d98cf6fad65ded6171a426b59cfc.udd" 3042
"C:/Users/Jacob/AppData/Local/UnrealEngine/Common/DerivedDataCache/Buckets/LegacyChaosGeometryData/50/7e/c87c7ca344c4cf645f39cfc7ab38340b0fb8.udd" 3043
"C:/Users/Jacob/AppData/Local/UnrealEngine/Common/DerivedDataCache/Buckets/LegacyNavCollision/8d/6e/7e6ddf98b424fcb760c95cb82aa7476a9ec0.udd" 3044
"C:/Users/Jacob/AppData/Local/UnrealEngine/Common/DerivedDataCache/Buckets/LegacyMATSM/3b/f6/6a1a7800370b25ec488af0c43a5560d71e2b.udd" 3045
"C:/Users/Jacob/AppData/Local/UnrealEngine/Common/DerivedDataCache/Buckets/LegacyMATSM/0d/74/438e8cbb3b25162cd37b9175bc11b7e85db8.udd" 3046
"C:/Users/Jacob/Documents/Unreal Projects/ConCat/Content/Characters/Mannequins/Rigs/Poses/Quinn/Quinn_thigh_l_anim.uasset" 3047
"C:/Users/Jacob/AppData/Local/UnrealEngine/Common/DerivedDataCache/Buckets/LegacyAnimSeq/c5/cb/a03c638efd87c89a704e579ff689dbd0136f.udd" 3048
"C:/Users/Jacob/Documents/Unreal Projects/ConCat/Content/Characters/Mannequins/Rigs/Poses/Manny/Manny_lowerarm_l_pose.uasset" 3049
"C:/Users/Jacob/Documents/Unreal Projects/ConCat/Content/Characters/Mannequins/Rigs/Poses/Quinn/Quinn_lowerarm_r_anim.uasset" 3050
"C:/Users/Jacob/AppData/Local/UnrealEngine/Common/DerivedDataCache/Buckets/LegacyAnimSeq/39/60/d6bbe92eac618866c849353a0703c1370fba.udd" 3051
"C:/Users/Jacob/Documents/Unreal Projects/ConCat/Content/Characters/Mannequins/Rigs/Poses/Manny/Manny_hand_r_pose.uasset" 3052
"C:/Users/Jacob/Documents/Unreal Projects/ConCat/Content/Characters/Mannequins/Rigs/Poses/Quinn/Quinn_lowerarm_l_anim.uasset" 3053
"C:/Users/Jacob/AppData/Local/UnrealEngine/Common/DerivedDataCache/Buckets/LegacyAnimSeq/8c/4e/76464c14b3782e946559f04ea5799f623bec.udd" 3054
"C:/Users/Jacob/Documents/Unreal Projects/ConCat/Content/Characters/Mannequins/Rigs/Poses/Manny/Manny_hand_l_pose.uasset" 3055
"C:/Users/Jacob/Documents/Unreal Projects/ConCat/Content/Characters/Mannequins/Rigs/Poses/Quinn/Quinn_hand_r_anim.uasset" 3056
"C:/Users/Jacob/AppData/Local/UnrealEngine/Common/DerivedDataCache/Buckets/LegacyAnimSeq/62/43/d78681a533faf6904ccb55b7856da99dc5a6.udd" 3057
"C:/Users/Jacob/Documents/Unreal Projects/ConCat/Content/Characters/Mannequins/Rigs/Poses/Manny/Manny_foot_r_pose.uasset" 3058
"C:/Users/Jacob/Documents/Unreal Projects/ConCat/Content/Characters/Mannequins/Rigs/Poses/Quinn/Quinn_hand_l_anim.uasset" 3059
"C:/Users/Jacob/AppData/Local/UnrealEngine/Common/DerivedDataCache/Buckets/LegacyAnimSeq/36/15/b84611a90eee7c28f5d2a8bcfdbd73706d60.udd" 3060
"C:/Users/Jacob/Documents/Unreal Projects/ConCat/Content/Characters/Mannequins/Rigs/Poses/Manny/Manny_foot_l_pose.uasset" 3061
"C:/Users/Jacob/Documents/Unreal Projects/ConCat/Content/Characters/Mannequins/Rigs/Poses/Quinn/Quinn_foot_r_anim.uasset" 3062
"C:/Users/Jacob/AppData/Local/UnrealEngine/Common/DerivedDataCache/Buckets/LegacyAnimSeq/33/27/def1a577ff05f1d86900ee22db9dde2d54af.udd" 3063
"C:/Users/Jacob/Documents/Unreal Projects/ConCat/Content/Characters/Mannequins/Rigs/Poses/Manny/Manny_clavicle_r_pose.uasset" 3064
"C:/Users/Jacob/Documents/Unreal Projects/ConCat/Content/Characters/Mannequins/Rigs/Poses/Quinn/Quinn_foot_l_anim.uasset" 3065
"C:/Users/Jacob/AppData/Local/UnrealEngine/Common/DerivedDataCache/Buckets/LegacyAnimSeq/b4/49/1963f010c355298b735a6d1ed5b0ad40e955.udd" 3066
"C:/Users/Jacob/Documents/Unreal Projects/ConCat/Content/Characters/Mannequins/Rigs/Poses/Manny/Manny_clavicle_l_pose.uasset" 3067
"C:/Users/Jacob/Documents/Unreal Projects/ConCat/Content/Characters/Mannequins/Rigs/Poses/Quinn/Quinn_clavicle_r_anim.uasset" 3068
"C:/Users/Jacob/AppData/Local/UnrealEngine/Common/DerivedDataCache/Buckets/LegacyAnimSeq/18/9b/8b4653e37d168bc72d9105f96a4392a05202.udd" 3069
"C:/Users/Jacob/Documents/Unreal Projects/ConCat/Content/Characters/Mannequins/Rigs/Poses/Manny/Manny_calf_r_pose.uasset" 3070
"C:/Users/Jacob/Documents/Unreal Projects/ConCat/Content/Characters/Mannequins/Rigs/Poses/Quinn/Quinn_clavicle_l_anim.uasset" 3071
"C:/Users/Jacob/AppData/Local/UnrealEngine/Common/DerivedDataCache/Buckets/LegacyAnimSeq/d3/6d/ed505626bed356add46914dda592b881aae0.udd" 3072
"C:/Users/Jacob/Documents/Unreal Projects/ConCat/Content/Characters/Mannequins/Rigs/Poses/Manny/Manny_calf_l_pose.uasset" 3073
"C:/Users/Jacob/Documents/Unreal Projects/ConCat/Content/Characters/Mannequins/Rigs/Poses/Quinn/Quinn_calf_r_anim.uasset" 3074
"C:/Users/Jacob/AppData/Local/UnrealEngine/Common/DerivedDataCache/Buckets/LegacyAnimSeq/54/8c/261a0f513172f27da29f9081928b8cafe28e.udd" 3075
"../../../Engine/Content/EngineMaterials/PPM_DefaultCalibrationGrayscale.uasset" 3076
"C:/Users/Jacob/Documents/Unreal Projects/ConCat/Content/Characters/Mannequins/Rigs/Poses/Quinn/Quinn_calf_l_anim.uasset" 3077
"C:/Users/Jacob/AppData/Local/UnrealEngine/Common/DerivedDataCache/Buckets/LegacyAnimSeq/cb/e1/d560d3e265fb93b74487f428adfcf8bfea73.udd" 3078
"../../../Engine/Content/EngineMaterials/PPM_DefaultCalibrationColor.uasset" 3079
"C:/Users/Jacob/Documents/Unreal Projects/ConCat/Content/Characters/Mannequins/Rigs/Poses/Manny/Manny_upperarm_r_anim.uasset" 3080
"C:/Users/Jacob/AppData/Local/UnrealEngine/Common/DerivedDataCache/Buckets/LegacyAnimSeq/db/42/56b1c67d43f704009ac5d10949ae6defeb92.udd" 3081
"../../../Engine/Content/MobileResources/HUD/DefaultVirtualJoysticks.uasset" 3082
"C:/Users/Jacob/Documents/Unreal Projects/ConCat/Content/Characters/Mannequins/Rigs/Poses/Manny/Manny_upperarm_l_anim.uasset" 3083
"C:/Users/Jacob/AppData/Local/UnrealEngine/Common/DerivedDataCache/Buckets/LegacyAnimSeq/32/77/0ae91c59fd865c63f78cfa396aa62c04c01f.udd" 3084
"../../../Engine/Content/EditorMaterials/PreviewShadowIndicatorMaterial.uasset" 3085
"C:/Users/Jacob/Documents/Unreal Projects/ConCat/Content/Characters/Mannequins/Rigs/Poses/Manny/Manny_thigh_r_anim.uasset" 3086
"C:/Users/Jacob/AppData/Local/UnrealEngine/Common/DerivedDataCache/Buckets/LegacyAnimSeq/86/da/d65fc98efbdec51f525f19f6d77281be1d67.udd" 3087
"C:/Users/Jacob/Documents/Unreal Projects/ConCat/Content/Construction/Tech/Blueprints/Disasters/Hurricane/N_Rain.uasset" 3088
"C:/Users/Jacob/Documents/Unreal Projects/ConCat/Content/Characters/Mannequins/Rigs/Poses/Manny/Manny_thigh_l_anim.uasset" 3089
"C:/Users/Jacob/AppData/Local/UnrealEngine/Common/DerivedDataCache/Buckets/LegacyAnimSeq/e6/a3/4cd0f66b86a17ebc62a74b0fd384c07228d3.udd" 3090
"C:/Users/Jacob/Documents/Unreal Projects/ConCat/Content/Construction/Art/Meshes/Male_1/Male_1_Riged__almost_done_just_wating_for_amys_eddits_to_the_rig__Anim.uasset" 3091
"C:/Users/Jacob/Documents/Unreal Projects/ConCat/Content/Characters/Mannequins/Rigs/Poses/Manny/Manny_lowerarm_r_anim.uasset" 3092
"C:/Users/Jacob/AppData/Local/UnrealEngine/Common/DerivedDataCache/Buckets/LegacyAnimSeq/25/b5/7187421e1d0483d27dd1317b9d88c4564f7c.udd" 3093
"C:/Users/Jacob/Documents/Unreal Projects/ConCat/Content/Characters/Mannequins/Rigs/Poses/Manny/Manny_lowerarm_l_anim.uasset" 3094
"C:/Users/Jacob/AppData/Local/UnrealEngine/Common/DerivedDataCache/Buckets/LegacyAnimSeq/2a/e3/2067422dc0663acb9a55b1c52c8798a4ca14.udd" 3095
"C:/Users/Jacob/Documents/Unreal Projects/ConCat/Content/Characters/Mannequins/Rigs/Poses/Manny/Manny_hand_r_anim.uasset" 3096
"C:/Users/Jacob/AppData/Local/UnrealEngine/Common/DerivedDataCache/Buckets/LegacyAnimSeq/d3/77/e0f69a468159dda7795224d58d9693d0e5ad.udd" 3097
"C:/Users/Jacob/Documents/Unreal Projects/ConCat/Content/Characters/Mannequins/Rigs/Poses/Manny/Manny_hand_l_anim.uasset" 3098
"C:/Users/Jacob/AppData/Local/UnrealEngine/Common/DerivedDataCache/Buckets/LegacyAnimSeq/9b/46/f0372431f6d9a750cb8d2aa55855ece2e9c7.udd" 3099
"C:/Users/Jacob/Documents/Unreal Projects/ConCat/Content/Characters/Mannequins/Rigs/Poses/Manny/Manny_foot_r_anim.uasset" 3100
"C:/Users/Jacob/AppData/Local/UnrealEngine/Common/DerivedDataCache/Buckets/LegacyAnimSeq/d5/31/42979fa7793516877b80f635f25496f496b0.udd" 3101
"C:/Users/Jacob/Documents/Unreal Projects/ConCat/Content/Characters/Mannequins/Rigs/Poses/Manny/Manny_foot_l_anim.uasset" 3102
"C:/Users/Jacob/AppData/Local/UnrealEngine/Common/DerivedDataCache/Buckets/LegacyAnimSeq/10/29/45afca1ddf24690b79d1de29abac6aca9cc5.udd" 3103
"C:/Users/Jacob/Documents/Unreal Projects/ConCat/Content/Characters/Mannequins/Rigs/Poses/Manny/Manny_clavicle_r_anim.uasset" 3104
"C:/Users/Jacob/AppData/Local/UnrealEngine/Common/DerivedDataCache/Buckets/LegacyAnimSeq/97/a9/856c510772dcda98eb1f3323f8bcc31916a9.udd" 3105
"C:/Users/Jacob/Documents/Unreal Projects/ConCat/Content/Characters/Mannequins/Rigs/Poses/Manny/Manny_clavicle_l_anim.uasset" 3106
"C:/Users/Jacob/AppData/Local/UnrealEngine/Common/DerivedDataCache/Buckets/LegacyAnimSeq/4b/70/532664e27854773dc52a43570c10a497a23c.udd" 3107
"C:/Users/Jacob/Documents/Unreal Projects/ConCat/Content/Characters/Mannequins/Rigs/Poses/Manny/Manny_calf_r_anim.uasset" 3108
"C:/Users/Jacob/AppData/Local/UnrealEngine/Common/DerivedDataCache/Buckets/LegacyAnimSeq/b0/b6/94e926afb09fdee9e18ea86b67f6dba1bc1a.udd" 3109
"C:/Users/Jacob/Documents/Unreal Projects/ConCat/Content/Characters/Mannequins/Rigs/Poses/Manny/Manny_calf_l_anim.uasset" 3110
"C:/Users/Jacob/AppData/Local/UnrealEngine/Common/DerivedDataCache/Buckets/LegacyAnimSeq/7b/ea/4f1ee19fe63eca28098a9e1d3f8b9920ab88.udd" 3111
"../../Plugins/FX/Niagara/Content/DynamicInputs/TypeConversions/Vector2DFromFloat.uasset" 3112
"../../Plugins/FX/Niagara/Content/DynamicInputs/UniformRange/V2/RandomRangeFloat.uasset" 3113
"../../Plugins/FX/Niagara/Content/Functions/V2/CalculateRandomRangeFloat.uasset" 3114
"../../Plugins/FX/Niagara/Content/Enums/ENiagaraRandomnessEvaluation.uasset" 3115
"../../Plugins/FX/Niagara/Content/Enums/ENiagaraRandomnessMode.uasset" 3116
"../../Plugins/FX/Niagara/Content/DynamicInputs/ValueFromCurve/FloatFromCurve.uasset" 3117
"../../Plugins/FX/Niagara/Content/Modules/Collision/Collision.uasset" 3118
"C:/Users/Jacob/Documents/Unreal Projects/ConCat/Content/Construction/Art/Meshes/Gertrude/GertrudeR_Anim.uasset" 3119
"../../Plugins/FX/Niagara/Content/Functions/CalculateMeshRadius.uasset" 3120
"C:/Users/Jacob/Documents/Unreal Projects/ConCat/Content/Characters/Mannequin_UE4/Animations/Jog_Fwd.uasset" 3121
"../../Plugins/FX/Niagara/Content/Enums/ENiagaraCalculateRadiusOptions.uasset" 3122
"../../Plugins/FX/Niagara/Content/Functions/CalculateRadiusFromSpriteSize.uasset" 3123
"../../../Engine/Content/Functions/Engine_MaterialFunctions01/ImageAdjustment/CheapContrast.uasset" 3124
"../../../Engine/Plugins/FX/NiagaraFluids/Content/Curves/Grid2D_DebugGizmos.uasset" 3125
"../../Plugins/FX/Niagara/Content/Functions/DirectionAndLengthSafe.uasset" 3126
"../../../Engine/Content/Functions/Engine_MaterialFunctions03/Blends/Blend_Overlay.uasset" 3127
"../../../Engine/Content/Functions/MaterialLayerFunctions/MatLayerBlend_NormalBlend.uasset" 3128
"../../Plugins/FX/Niagara/Content/Functions/Helpers/DoOnce_fn.uasset" 3129
"../../Plugins/FX/Niagara/Content/Functions/Localspace/TransformPosition.uasset" 3130
"../../Plugins/FX/Niagara/Content/Functions/Localspace/TransformBase.uasset" 3131
"../../Plugins/FX/Niagara/Content/Functions/Localspace/TransformVector.uasset" 3132
"../../Plugins/FX/Niagara/Content/Functions/ProjectVectorOnPlane.uasset" 3133
"../../Plugins/FX/Niagara/Content/Functions/Rotation/AxisAngleToQuaternion.uasset" 3134
"../../Plugins/FX/Niagara/Content/Functions/Rotation/MultiplyQuaternion.uasset" 3135
"../../Plugins/FX/Niagara/Content/Modules/Collision/CollisionQueryAndResponse.uasset" 3136
"../../Plugins/FX/Niagara/Content/Functions/Collision/PlaneSphereCollisionDetection.uasset" 3137
"../../Plugins/FX/Niagara/Content/Functions/Collision/RandomizeCollisionNormals.uasset" 3138
"../../Plugins/FX/Niagara/Content/Functions/RandomRangeFloat.uasset" 3139
"../../Plugins/FX/Niagara/Content/Functions/GetRandomInfo.uasset" 3140
"../../Plugins/FX/Niagara/Content/Functions/Rotation/FindQuatBetween.uasset" 3141
"../../Plugins/FX/Niagara/Content/Functions/Rotation/MultiplyVectorWithQuaternion.uasset" 3142
"../../Plugins/FX/Niagara/Content/Functions/Math/CentimeterMeterConversion.uasset" 3143
"../../Plugins/FX/Niagara/Content/Functions/ReflectVector.uasset" 3144
"../../Plugins/FX/Niagara/Content/Functions/Textures/CalculateA_VolumeTexturesDistanceFieldGradient.uasset" 3145
"../../Plugins/FX/Niagara/Content/Enums/ENiagara_Float4Channel.uasset" 3146
"../../Plugins/FX/Niagara/Content/Modules/Collision/NiagaraDistanceFieldCollisions.uasset" 3147
"../../Plugins/FX/Niagara/Content/Modules/Collision/SceneDepthTest.uasset" 3148
"../../Plugins/FX/Niagara/Content/Enums/ENiagara_CPUCollisionType.uasset" 3149
"../../Plugins/FX/Niagara/Content/Enums/ENiagara_GPUCollisionType.uasset" 3150
"../../Plugins/FX/Niagara/Content/Enums/ENiagaraFrictionMergeType.uasset" 3151
"../../Plugins/FX/Niagara/Content/Enums/ENiagaraRestitutionMergeType.uasset" 3152
"../../Plugins/FX/Niagara/Content/Enums/ENiagaraCollisionRadiusOptions.uasset" 3153
"../../Plugins/FX/Niagara/Content/Modules/Emitter/EmitterState.uasset" 3154
"../../Plugins/FX/Niagara/Content/Functions/Emitter/EmitterChangeState.uasset" 3155
"../../Plugins/FX/Niagara/Content/Enums/ENiagara_EmitterStateOptions.uasset" 3156
"../../Plugins/FX/Niagara/Content/Enums/ENiagara_InfiniteLoopDuration.uasset" 3157
"../../Plugins/FX/Niagara/Content/Enums/ENiagaraEmitterLifeCycleMode.uasset" 3158
"../../Plugins/FX/Niagara/Content/Enums/ENiagaraEmitterScalabilityMode_Limited.uasset" 3159
"../../Plugins/FX/Niagara/Content/Enums/ENiagaraExecutionStateManagement.uasset" 3160
"../../Plugins/FX/Niagara/Content/Enums/ENiagaraInactiveMode.uasset" 3161
"../../Plugins/FX/Niagara/Content/Modules/Emitter/SpawnRate.uasset" 3162
"../../Plugins/FX/Niagara/Content/Modules/Events/GenerateCollisionEvent.uasset" 3163
"../../Plugins/FX/Niagara/Content/Functions/Helpers/SetBoolByTimer.uasset" 3164
"../../Plugins/FX/Niagara/Content/DefaultAssets/Structs/CollisionEvent.uasset" 3165
"../../Plugins/FX/Niagara/Content/Modules/Events/ReceiveCollisionEvent.uasset" 3166
"../../Plugins/FX/Niagara/Content/Enums/ENiagara_AttributeSamplingApplyOutput.uasset" 3167
"../../Plugins/FX/Niagara/Content/Modules/Solvers/SolveForcesAndVelocity.uasset" 3168
"../../Plugins/FX/Niagara/Content/Modules/Solvers/ApplyRotationVector.uasset" 3169
"../../Plugins/FX/Niagara/Content/Icons/Modules/T_Icon_Solver_LimitAccel.uasset" 3170
"../../Plugins/FX/Niagara/Content/Icons/Modules/T_Icon_Solver_LimitSpeed.uasset" 3171
"../../Plugins/FX/Niagara/Content/Icons/Modules/T_Icon_Solver_RotationalSolve.uasset" 3172
"../../Plugins/FX/Niagara/Content/Modules/Spawn/Initialization/V2/InitializeParticle.uasset" 3173
"../../Plugins/FX/Niagara/Content/Functions/LinearColor/HueShiftLinearColor.uasset" 3174
"../../Plugins/FX/Niagara/Content/Functions/Localspace/SimulationPosition.uasset" 3175
"../../Plugins/FX/Niagara/Content/Functions/V2/CalculateRandomBool.uasset" 3176
"../../Plugins/FX/Niagara/Content/Functions/V2/CalculateRandomRangeInteger.uasset" 3177
"../../Plugins/FX/Niagara/Content/Functions/V2/CalculateRandomRange.uasset" 3178
"../../Plugins/FX/Niagara/Content/Enums/ENiagara_ColorInitializationMode.uasset" 3179
"../../Plugins/FX/Niagara/Content/Enums/ENiagara_LifetimeMode.uasset" 3180
"../../Plugins/FX/Niagara/Content/Enums/ENiagara_MassInitializationMode.uasset" 3181
"../../Plugins/FX/Niagara/Content/Enums/ENiagara_PositionInitializationMode.uasset" 3182
"../../Plugins/FX/Niagara/Content/Enums/ENiagara_SizeScaleMode.uasset" 3183
"../../Plugins/FX/Niagara/Content/Enums/ENiagara_SpriteRotationMode.uasset" 3184
"../../Plugins/FX/Niagara/Content/Enums/ENiagara_UVFlippingMode.uasset" 3185
"../../Plugins/FX/Niagara/Content/Enums/ENiagaraChannelCorrelation.uasset" 3186
"../../Plugins/FX/Niagara/Content/Enums/Ribbons/ENiagara_UnsetDirectSet.uasset" 3187
"../../Plugins/FX/Niagara/Content/Enums/Ribbons/ENiagara_UnsetDirectSetRandom.uasset" 3188
"../../Plugins/FX/Niagara/Content/Modules/Spawn/Location/V2/ShapeLocation.uasset" 3189
"../../Plugins/FX/Niagara/Content/Functions/Math/CalculateRandomPointInConeSphereIntersection.uasset" 3190
"../../Plugins/FX/Niagara/Content/Functions/Rotation/AngleUnitConverter.uasset" 3191
"../../Plugins/FX/Niagara/Content/Enums/Angles/ENiagara_AngleInput.uasset" 3192
"../../Plugins/FX/Niagara/Content/Functions/Math/SaturateFloat.uasset" 3193
"../../Plugins/FX/Niagara/Content/Functions/NormalizedExecutionIndex.uasset" 3194
"../../Plugins/FX/Niagara/Content/Functions/ParametricTorus.uasset" 3195
"../../Plugins/FX/Niagara/Content/Functions/ParametricTorusKnot.uasset" 3196
"../../Plugins/FX/Niagara/Content/Functions/PolarToCartesianCoordinates.uasset" 3197
"../../Plugins/FX/Niagara/Content/Functions/RandomPointInBox.uasset" 3198
"../../Plugins/FX/Niagara/Content/Functions/IsolateLongestVectorComponent.uasset" 3199
"../../Plugins/FX/Niagara/Content/Functions/Rotation/RotateVector2D.uasset" 3200
"../../Plugins/FX/Niagara/Content/Functions/Rotation/TransformStack/TransformStack_Rotation.uasset" 3201
"../../Plugins/FX/Niagara/Content/Functions/Rotation/InvertQuaternion.uasset" 3202
"../../Plugins/FX/Niagara/Content/Functions/Rotation/MakeQuaternionFrom3BasisVectors.uasset" 3203
"../../Plugins/FX/Niagara/Content/Functions/Rotation/MatrixToQuaternion.uasset" 3204
"../../Plugins/FX/Niagara/Content/Functions/Rotation/XYZRotationToQuaternion.uasset" 3205
"../../Plugins/FX/Niagara/Content/Enums/Transforms/ENiagara_RotationMode.uasset" 3206
"../../Plugins/FX/Niagara/Content/Functions/SphericalToCartesianCoordinates.uasset" 3207
"../../Plugins/FX/Niagara/Content/Functions/V2/RemapRange.uasset" 3208
"../../Plugins/FX/Niagara/Content/Enums/ENiagaraExpansionMode.uasset" 3209
"../../Plugins/FX/Niagara/Content/Enums/ENiagaraShapeTorusMode.uasset" 3210
"../../Plugins/FX/Niagara/Content/Enums/ENiagaraSphereDistributionMode.uasset" 3211
"../../Plugins/FX/Niagara/Content/Enums/ENiagaraTorusDistributionMode.uasset" 3212
"../../Plugins/FX/Niagara/Content/Enums/Location/ENiagara_BoxPlaneMode.uasset" 3213
"../../Plugins/FX/Niagara/Content/Enums/Location/ENiagara_ConeMode.uasset" 3214
"../../Plugins/FX/Niagara/Content/Enums/Location/ENiagara_CylinderMode.uasset" 3215
"../../Plugins/FX/Niagara/Content/Enums/Location/ENiagara_LocationShapes.uasset" 3216
"../../Plugins/FX/Niagara/Content/Enums/Location/ENiagaraRingDiscMode.uasset" 3217
"../../Plugins/FX/Niagara/Content/Enums/Transforms/ENiagara_OffsetMode.uasset" 3218
"../../Plugins/FX/Niagara/Content/Enums/Transforms/ENiagara_ScaleMode.uasset" 3219
"../../Plugins/FX/Niagara/Content/Enums/Transforms/ENiagara_TransformOrder.uasset" 3220
"../../Plugins/FX/Niagara/Content/Enums/Transforms/ENiagara_TransformType.uasset" 3221
"../../Plugins/FX/Niagara/Content/Modules/Spawn/Velocity/AddVelocity.uasset" 3222
"../../Plugins/FX/Niagara/Content/Functions/DistanceBasedFalloff.uasset" 3223
"../../Plugins/FX/Niagara/Content/Functions/NormalizeDistanceRange.uasset" 3224
"../../Plugins/FX/Niagara/Content/Functions/V2/CalculateRandomUnitVector.uasset" 3225
"../../Plugins/FX/Niagara/Content/Enums/Utility/ENiagara_VelocityMode.uasset" 3226
"../../Plugins/FX/Niagara/Content/Modules/System/SystemState.uasset" 3227
"../../Plugins/FX/Niagara/Content/Functions/System/SystemChangeState.uasset" 3228
"../../Plugins/FX/Niagara/Content/Enums/ENiagaraSystemInactiveMode.uasset" 3229
"../../Plugins/FX/Niagara/Content/Modules/Update/Color/ScaleColor.uasset" 3230
"../../Plugins/FX/Niagara/Content/Enums/ENiagaraScaleColorMode.uasset" 3231
"../../Plugins/FX/Niagara/Content/Modules/Update/Forces/Drag.uasset" 3232
"../../Plugins/FX/Niagara/Content/Modules/Update/Forces/GravityForce.uasset" 3233
"../../Plugins/FX/Niagara/Content/Modules/Update/Forces/V2/CurlNoiseForce.uasset" 3234
"../../Plugins/FX/Niagara/Content/Functions/V2/ConeMask.uasset" 3235
"../../Plugins/FX/Niagara/Content/Functions/FindAngleBetweenVectors.uasset" 3236
"../../Plugins/FX/Niagara/Content/Enums/ENiagaraCurlNoiseQuality.uasset" 3237
"../../Plugins/FX/Niagara/Content/VectorFields/Assets/TilingCurl16.uasset" 3238
"../../Plugins/FX/Niagara/Content/VectorFields/Assets/TilingCurl64.uasset" 3239
"../../Plugins/FX/Niagara/Content/Modules/Update/Lifetime/KillParticles.uasset" 3240
"../../Plugins/FX/Niagara/Content/Modules/Update/Lifetime/ParticleState.uasset" 3241
"../../Plugins/FX/Niagara/Content/Icons/Modules/T_Icon_Particle_InfiniteLife.uasset" 3242
"../../Plugins/FX/Niagara/Content/Modules/Update/Size/ScaleSpriteSize.uasset" 3243
"../../Plugins/FX/Niagara/Content/Enums/SpriteRenderer/ENiagara_ScaleSpriteSize.uasset" 3244
"../../../Engine/Plugins/FX/Niagara/Shaders/Private/NiagaraDataInterfaceDebugDraw.ush" 3245
"C:/Users/Jacob/AppData/Local/UnrealEngine/Common/DerivedDataCache/Buckets/LegacyNiagaraScriptDerivedData/c7/ed/f0ebff61d96cce7330c1f5ab39edd49fbcf7.udd" 3246
"C:/Users/Jacob/AppData/Local/UnrealEngine/Common/DerivedDataCache/Buckets/LegacyNiagaraScriptDerivedData/12/e6/81401b965792f5ee5043e21e760abc269375.udd" 3247
"C:/Users/Jacob/AppData/Local/UnrealEngine/Common/DerivedDataCache/Buckets/LegacyNiagaraScriptDerivedData/86/b6/5cace67ade4c7038fad728d9ffba20e17b4f.udd" 3248
"C:/Users/Jacob/AppData/Local/UnrealEngine/Common/DerivedDataCache/Buckets/LegacyNiagaraScriptDerivedData/ca/87/aa6aa4a082979074355088e8656359e0f0f3.udd" 3249
"C:/Users/Jacob/AppData/Local/UnrealEngine/Common/DerivedDataCache/Buckets/LegacyNiagaraScriptDerivedData/9e/cb/395739ab507bc28b85b7e9e2971dd4cf8680.udd" 3250
"../../../Engine/Content/EngineSky/M_Sky_Panning_Clouds2.uasset" 3251
"C:/Users/Jacob/AppData/Local/UnrealEngine/Common/DerivedDataCache/Buckets/LegacyAnimSeq/bc/43/597eceeff6b31a70d9c67dc001c0773190ad.udd" 3252
"C:/Users/Jacob/AppData/Local/UnrealEngine/Common/DerivedDataCache/Buckets/LegacyAnimSeq/b5/88/8bda9721e8777bbd03ceb89bafe899ad147d.udd" 3253
"C:/Users/Jacob/AppData/Local/UnrealEngine/Common/DerivedDataCache/Buckets/LegacyAnimSeq/4a/b6/5df70b799c641be0226cf0c3e9b864e9e660.udd" 3254
"../../../Engine/Plugins/FX/NiagaraFluids/Content/Materials/Grid3D/M_WaterSDF.uasset" 3255
"../../../Engine/Content/Functions/Engine_MaterialFunctions02/WorldPositionOffset/Sprite_Ellipsoid.uasset" 3256
"../../../Engine/Content/Functions/Engine_MaterialFunctions02/Lerp_Multiple_Float3.uasset" 3257
"../../../Engine/Plugins/FX/NiagaraFluids/Content/Materials/Functions/Grid2D_DebugGizmos/ComputeIcon.uasset" 3258
"../../../Engine/Plugins/FX/NiagaraFluids/Content/Materials/Functions/Grid2D_DebugGizmos/ComputeBoxBorder.uasset" 3259
"../../../Engine/Plugins/FX/NiagaraFluids/Content/Materials/Grid2D/M_2D_SmokeFire.uasset" 3260
"../../../Engine/Plugins/FX/NiagaraFluids/Content/Materials/Grid3D/Instances/MI_DebugVolumeSlice.uasset" 3261
"../../../Engine/Content/EditorResources/FieldNodes/_Resources/M_FieldRadiusPreview.uasset" 3262
"../../../Engine/Plugins/FX/NiagaraFluids/Content/Materials/Grid3D/Instances/M_DebugSDF_Inst.uasset" 3263
"../../../Engine/Content/Functions/Engine_MaterialFunctions02/Utility/DebugScalarValues.uasset" 3264
"C:/Users/Jacob/AppData/Local/UnrealEngine/Common/DerivedDataCache/Buckets/LegacyMATSM/8e/43/63adf90233fefc9916d10e1d7e1e1f066ace.udd" 3265
"C:/Users/Jacob/AppData/Local/UnrealEngine/Common/DerivedDataCache/Buckets/LegacyMATSM/90/32/e97f01111737aabec0f9ea75de4ab86f0f16.udd" 3266
"../../../Engine/Content/Maps/Entry.umap" 3267
"../../../Engine/Content/MapTemplates/SM_Template_Map_Floor.uasset" 3268
"../../../Engine/Plugins/Animation/ControlRig/Content/Controls/ControlRig_Wedge_solid.uasset" 3269
"../../../Engine/Plugins/Animation/ControlRig/Content/Controls/ControlRig_Wedge_3mm.uasset" 3270
"../../../Engine/Plugins/Animation/ControlRig/Content/Controls/ControlRig_Wedge_1mm.uasset" 3271
"../../../Engine/Plugins/Animation/ControlRig/Content/Controls/ControlRig_Triangle_solid.uasset" 3272
"../../../Engine/Plugins/Animation/ControlRig/Content/Controls/ControlRig_Triangle_3mm.uasset" 3273
"../../../Engine/Plugins/Animation/ControlRig/Content/Controls/ControlRig_Triangle_1mm.uasset" 3274
"../../../Engine/Plugins/Animation/ControlRig/Content/Controls/ControlRig_Star4_solid.uasset" 3275
"../../../Engine/Plugins/Animation/ControlRig/Content/Controls/ControlRig_Star4_3mm.uasset" 3276
"../../../Engine/Plugins/Animation/ControlRig/Content/Controls/ControlRig_Star4_1mm.uasset" 3277
"../../../Engine/Plugins/Animation/ControlRig/Content/Controls/ControlRig_Square_solid.uasset" 3278
"../../../Engine/Plugins/Animation/ControlRig/Content/Controls/ControlRig_Square_3mm.uasset" 3279
"../../../Engine/Plugins/Animation/ControlRig/Content/Controls/ControlRig_Square_1mm.uasset" 3280
"../../Plugins/Animation/ControlRig/Content/Controls/ControlRig_Wedge_solid.uasset" 3281
"../../../Engine/Plugins/Animation/ControlRig/Content/Controls/ControlRig_Sphere_3mm.uasset" 3282
"../../../Engine/Plugins/Animation/ControlRig/Content/Controls/ControlRig_Sphere_1mm.uasset" 3283
"../../../Engine/Plugins/Animation/ControlRig/Content/Controls/ControlRig_RoundedTriangle_solid.uasset" 3284
"../../../Engine/Plugins/Animation/ControlRig/Content/Controls/ControlRig_RoundedTriangle_3mm.uasset" 3285
"../../../Engine/Plugins/Animation/ControlRig/Content/Controls/ControlRig_RoundedTriangle_1mm.uasset" 3286
"../../../Engine/Plugins/Animation/ControlRig/Content/Controls/ControlRig_RoundedSquare_solid.uasset" 3287
"../../../Engine/Plugins/Animation/ControlRig/Content/Controls/ControlRig_RoundedSquare_3mm.uasset" 3288
"../../../Engine/Plugins/Animation/ControlRig/Content/Controls/ControlRig_RoundedSquare_1mm.uasset" 3289
"../../Plugins/Animation/ControlRig/Content/Controls/ControlRig_Wedge_3mm.uasset" 3290
"../../Plugins/Animation/ControlRig/Content/Controls/ControlRig_Triangle_solid.uasset" 3291
"../../Plugins/Animation/ControlRig/Content/Controls/ControlRig_Wedge_1mm.uasset" 3292
"C:/Users/Jacob/AppData/Local/UnrealEngine/Common/DerivedDataCache/Buckets/LegacyTEXTURE/1e/02/3d90b0da121fd6b99314c961a09ced19da35.udd" 3293
"../../../Engine/Plugins/Animation/ControlRig/Content/Controls/ControlRig_QuarterCircle_solid.uasset" 3294
"../../../Engine/Plugins/Animation/ControlRig/Content/Controls/ControlRig_QuarterCircle_3mm.uasset" 3295
"../../../Engine/Plugins/Animation/ControlRig/Content/Controls/ControlRig_QuarterCircle_1mm.uasset" 3296
"../../../Engine/Plugins/Animation/ControlRig/Content/Controls/ControlRig_Pyramid_solid.uasset" 3297
"../../../Engine/Plugins/Animation/ControlRig/Content/Controls/ControlRig_Pyramid_3mm.uasset" 3298
"../../../Engine/Plugins/Animation/ControlRig/Content/Controls/ControlRig_Pyramid_1mm.uasset" 3299
"../../../Engine/Plugins/Animation/ControlRig/Content/Controls/ControlRig_Octagon_solid.uasset" 3300
"../../../Engine/Plugins/Animation/ControlRig/Content/Controls/ControlRig_Octagon_3mm.uasset" 3301
"../../../Engine/Plugins/Animation/ControlRig/Content/Controls/ControlRig_Octagon_1mm.uasset" 3302
"../../../Engine/Plugins/Animation/ControlRig/Content/Controls/ControlRig_Hexagon_solid.uasset" 3303
"../../../Engine/Plugins/Animation/ControlRig/Content/Controls/ControlRig_Hexagon_3mm.uasset" 3304
"../../../Engine/Plugins/Animation/ControlRig/Content/Controls/ControlRig_Hexagon_1mm.uasset" 3305
"../../../Engine/Plugins/Animation/ControlRig/Content/Controls/ControlRig_HalfCircle_solid.uasset" 3306
"../../../Engine/Plugins/Animation/ControlRig/Content/Controls/ControlRig_HalfCircle_3mm.uasset" 3307
"../../../Engine/Plugins/Animation/ControlRig/Content/Controls/ControlRig_HalfCircle_1mm.uasset" 3308
"../../Plugins/Animation/ControlRig/Content/Controls/ControlRig_Triangle_3mm.uasset" 3309
"../../Plugins/Animation/ControlRig/Content/Controls/ControlRig_Triangle_1mm.uasset" 3310
"../../Plugins/Animation/ControlRig/Content/Controls/ControlRig_Star4_solid.uasset" 3311
"../../Plugins/Animation/ControlRig/Content/Controls/ControlRig_Star4_3mm.uasset" 3312
"../../Plugins/Animation/ControlRig/Content/Controls/ControlRig_Star4_1mm.uasset" 3313
"../../Plugins/Animation/ControlRig/Content/Controls/ControlRig_Square_solid.uasset" 3314
"../../Plugins/Animation/ControlRig/Content/Controls/ControlRig_Square_3mm.uasset" 3315
"../../Plugins/Animation/ControlRig/Content/Controls/ControlRig_Square_1mm.uasset" 3316
"../../Plugins/Animation/ControlRig/Content/Controls/ControlRig_Sphere_3mm.uasset" 3317
"../../Plugins/Animation/ControlRig/Content/Controls/ControlRig_Sphere_1mm.uasset" 3318
"../../../Engine/Plugins/Animation/ControlRig/Content/Controls/ControlRig_Diamond_solid.uasset" 3319
"../../../Engine/Plugins/Animation/ControlRig/Content/Controls/ControlRig_Diamond_3mm.uasset" 3320
"../../../Engine/Plugins/Animation/ControlRig/Content/Controls/ControlRig_Diamond_1mm.uasset" 3321
"../../../Engine/Plugins/Animation/ControlRig/Content/Controls/ControlRig_Circle_solid.uasset" 3322
"../../../Engine/Plugins/Animation/ControlRig/Content/Controls/ControlRig_Circle_3mm.uasset" 3323
"../../../Engine/Plugins/Animation/ControlRig/Content/Controls/ControlRig_Circle_1mm.uasset" 3324
"../../../Engine/Plugins/Animation/ControlRig/Content/Controls/ControlRig_Box_solid.uasset" 3325
"../../../Engine/Plugins/Animation/ControlRig/Content/Controls/ControlRig_Box_3mm.uasset" 3326
"../../../Engine/Plugins/Animation/ControlRig/Content/Controls/ControlRig_Box_1mm.uasset" 3327
"../../../Engine/Plugins/Animation/ControlRig/Content/Controls/ControlRig_Arrow_solid.uasset" 3328
"../../../Engine/Plugins/Animation/ControlRig/Content/Controls/ControlRig_Arrow_3mm.uasset" 3329
"../../../Engine/Plugins/Animation/ControlRig/Content/Controls/ControlRig_Arrow_1mm.uasset" 3330
"../../../Engine/Plugins/Animation/ControlRig/Content/Controls/ControlRig_Arrow4_solid.uasset" 3331
"../../../Engine/Plugins/Animation/ControlRig/Content/Controls/ControlRig_Arrow4_3mm.uasset" 3332
"../../../Engine/Plugins/Animation/ControlRig/Content/Controls/ControlRig_Arrow4_1mm.uasset" 3333
"../../../Engine/Plugins/Animation/ControlRig/Content/Controls/ControlRig_Arrow2_solid.uasset" 3334
"../../Plugins/Animation/ControlRig/Content/Controls/ControlRig_RoundedTriangle_solid.uasset" 3335
"../../Plugins/Animation/ControlRig/Content/Controls/ControlRig_RoundedTriangle_3mm.uasset" 3336
"../../Plugins/Animation/ControlRig/Content/Controls/ControlRig_RoundedTriangle_1mm.uasset" 3337
"../../Plugins/Animation/ControlRig/Content/Controls/ControlRig_RoundedSquare_solid.uasset" 3338
"../../Plugins/Animation/ControlRig/Content/Controls/ControlRig_RoundedSquare_3mm.uasset" 3339
"../../Plugins/Animation/ControlRig/Content/Controls/ControlRig_RoundedSquare_1mm.uasset" 3340
"../../Plugins/Animation/ControlRig/Content/Controls/ControlRig_QuarterCircle_solid.uasset" 3341
"../../Plugins/Animation/ControlRig/Content/Controls/ControlRig_QuarterCircle_3mm.uasset" 3342
"../../Plugins/Animation/ControlRig/Content/Controls/ControlRig_QuarterCircle_1mm.uasset" 3343
"../../Plugins/Animation/ControlRig/Content/Controls/ControlRig_Pyramid_solid.uasset" 3344
"../../Plugins/Animation/ControlRig/Content/Controls/ControlRig_Pyramid_3mm.uasset" 3345
"../../Plugins/Animation/ControlRig/Content/Controls/ControlRig_Pyramid_1mm.uasset" 3346
"../../Plugins/Animation/ControlRig/Content/Controls/ControlRig_Octagon_solid.uasset" 3347
"../../Plugins/Animation/ControlRig/Content/Controls/ControlRig_Octagon_3mm.uasset" 3348
"../../Plugins/Animation/ControlRig/Content/Controls/ControlRig_Octagon_1mm.uasset" 3349
"../../Plugins/Animation/ControlRig/Content/Controls/ControlRig_Hexagon_solid.uasset" 3350
"../../Plugins/Animation/ControlRig/Content/Controls/ControlRig_Hexagon_3mm.uasset" 3351
"../../Plugins/Animation/ControlRig/Content/Controls/ControlRig_Hexagon_1mm.uasset" 3352
"../../Plugins/Animation/ControlRig/Content/Controls/ControlRig_HalfCircle_solid.uasset" 3353
"../../Plugins/Animation/ControlRig/Content/Controls/ControlRig_HalfCircle_3mm.uasset" 3354
"../../Plugins/Animation/ControlRig/Content/Controls/ControlRig_HalfCircle_1mm.uasset" 3355
"../../Plugins/Animation/ControlRig/Content/Controls/ControlRig_Diamond_solid.uasset" 3356
"../../Plugins/Animation/ControlRig/Content/Controls/ControlRig_Diamond_3mm.uasset" 3357
"../../Plugins/Animation/ControlRig/Content/Controls/ControlRig_Diamond_1mm.uasset" 3358
"../../../Engine/Plugins/Animation/ControlRig/Content/Controls/ControlRig_Arrow2_3mm.uasset" 3359
"../../../Engine/Plugins/Animation/ControlRig/Content/Controls/ControlRig_Arrow2_1mm.uasset" 3360
"../../../Engine/Plugins/Animation/ControlRig/Content/Controls/ControlRig_Sphere_solid.uasset" 3361
"C:/Users/Jacob/Documents/Unreal Projects/ConCat/Content/Construction/Tech/Levels/L_MainMenu.umap" 3362
"C:/Users/Jacob/Documents/Unreal Projects/ConCat/Content/Construction/Tech/TempMeshes/Male_1.uasset" 3363
"C:/Users/Jacob/Documents/Unreal Projects/ConCat/Content/Construction/Art/ModularBlocks/SM_Modular_Block_05b.uasset" 3364
"C:/Users/Jacob/Documents/Unreal Projects/ConCat/Content/Construction/Art/ModularBlocks/SM_Modular_Block_05a.uasset" 3365
"C:/Users/Jacob/Documents/Unreal Projects/ConCat/Content/Construction/Art/ModularBlocks/SM_Modular_Block_04d.uasset" 3366
"C:/Users/Jacob/Documents/Unreal Projects/ConCat/Content/Construction/Art/ModularBlocks/SM_Modular_Block_04c.uasset" 3367
"C:/Users/Jacob/Documents/Unreal Projects/ConCat/Content/Construction/Art/ModularBlocks/SM_Modular_Block_04b.uasset" 3368
"C:/Users/Jacob/Documents/Unreal Projects/ConCat/Content/Construction/Art/ModularBlocks/SM_Modular_Block_03c.uasset" 3369
"../../Plugins/Animation/ControlRig/Content/Controls/ControlRig_Circle_solid.uasset" 3370
"C:/Users/Jacob/Documents/Unreal Projects/ConCat/Content/Construction/Art/ModularBlocks/SM_Modular_Block_03b.uasset" 3371
"C:/Users/Jacob/Documents/Unreal Projects/ConCat/Content/Construction/Art/ModularBlocks/SM_Modular_Block_03a.uasset" 3372
"C:/Users/Jacob/Documents/Unreal Projects/ConCat/Content/Construction/Art/ModularBlocks/SM_Modular_Block_04a.uasset" 3373
"C:/Users/Jacob/Documents/Unreal Projects/ConCat/Content/Construction/Art/ModularBlocks/SM_Modular_Block_02b.uasset" 3374
"C:/Users/Jacob/Documents/Unreal Projects/ConCat/Content/Construction/Art/ModularBlocks/SM_Modular_Block_02c.uasset" 3375
"../../Plugins/Animation/ControlRig/Content/Controls/ControlRig_Circle_3mm.uasset" 3376
"../../Plugins/Animation/ControlRig/Content/Controls/ControlRig_Circle_1mm.uasset" 3377
"../../Plugins/Animation/ControlRig/Content/Controls/ControlRig_Box_solid.uasset" 3378
"../../Plugins/Animation/ControlRig/Content/Controls/ControlRig_Box_3mm.uasset" 3379
"../../Plugins/Animation/ControlRig/Content/Controls/ControlRig_Box_1mm.uasset" 3380
"../../Plugins/Animation/ControlRig/Content/Controls/ControlRig_Arrow_solid.uasset" 3381
"../../Plugins/Animation/ControlRig/Content/Controls/ControlRig_Arrow_3mm.uasset" 3382
"../../Plugins/Animation/ControlRig/Content/Controls/ControlRig_Arrow_1mm.uasset" 3383
"../../Plugins/Animation/ControlRig/Content/Controls/ControlRig_Arrow4_solid.uasset" 3384
"C:/Users/Jacob/Documents/Unreal Projects/ConCat/Content/Construction/Art/ModularBlocks/SM_Modular_Block_02a.uasset" 3385
"C:/Users/Jacob/Documents/Unreal Projects/ConCat/Content/Construction/Art/ModularBlocks/SM_Modular_Block_01.uasset" 3386
"../../Plugins/Animation/ControlRig/Content/Controls/ControlRig_Arrow4_3mm.uasset" 3387
"../../../Engine/Content/EngineMeshes/s_cube_1cm.uasset" 3388
"../../../Engine/Content/EngineMeshes/s_cube_1cm_flippednormals.uasset" 3389
"C:/Users/Jacob/Documents/Unreal Projects/ConCat/Content/LevelPrototyping/Meshes/SM_ChamferCube.uasset" 3390
"C:/Users/Jacob/Documents/Unreal Projects/ConCat/Content/Environment/crane/Crane_I.uasset" 3391
"C:/Users/Jacob/Documents/Unreal Projects/ConCat/Content/Construction/Tech/Blueprints/GridSys/Materials/Green_Int.uasset" 3392
"C:/Users/Jacob/Documents/Unreal Projects/ConCat/Content/Construction/Tech/Blueprints/GridSys/CP_Clickable.uasset" 3393
"C:/Users/Jacob/Documents/Unreal Projects/ConCat/Content/Construction/Tech/Blueprints/GridSys/Materials/Blue_Int.uasset" 3394
"C:/Users/Jacob/Documents/Unreal Projects/ConCat/Content/Construction/Tech/Blueprints/Disasters/Hurricane/Wind_3D_Model/P_Wind.uasset" 3395
"C:/Users/Jacob/Documents/Unreal Projects/ConCat/Content/Construction/Tech/Blueprints/Disasters/Hurricane/N_Cloud.uasset" 3396
"C:/Users/Jacob/Documents/Unreal Projects/ConCat/Content/Construction/Tech/Blueprints/UI/W_PlayerProfiles.uasset" 3397
"../../Plugins/Animation/ControlRig/Content/Controls/ControlRig_Arrow4_1mm.uasset" 3398
"../../Plugins/Animation/ControlRig/Content/Controls/ControlRig_Arrow2_solid.uasset" 3399
"../../Plugins/Animation/ControlRig/Content/Controls/ControlRig_Arrow2_3mm.uasset" 3400
"C:/Users/Jacob/AppData/Local/UnrealEngine/Common/DerivedDataCache/Buckets/StaticMesh/70/11/ee01db12251845a628405e986a10590dbbdc.udd" 3401
"C:/Users/Jacob/AppData/Local/UnrealEngine/Common/DerivedDataCache/Content/8c/62/48e3bcedab540e3c65f0cb8dea53ddd4fdf1.udd" 3402
"C:/Users/Jacob/AppData/Local/UnrealEngine/Common/DerivedDataCache/Buckets/StaticMesh/27/3c/c352ccc3632266723beba040d9bfb8889825.udd" 3403
"C:/Users/Jacob/AppData/Local/UnrealEngine/Common/DerivedDataCache/Buckets/LegacyDIST/6f/86/0cd39e15ae874a552b2dcebcf52b31373de5.udd" 3404
"C:/Users/Jacob/AppData/Local/UnrealEngine/Common/DerivedDataCache/Buckets/LegacyCARD/65/db/a718d037f6f0058017a8698c48d0d41e7d15.udd" 3405
"../../Plugins/Animation/ControlRig/Content/Controls/ControlRig_Arrow2_1mm.uasset" 3406
"C:/Users/Jacob/AppData/Local/UnrealEngine/Common/DerivedDataCache/Buckets/LegacyChaosGeometryData/21/a7/692a2bac81d25d1fbd666fe247cbc928d7fb.udd" 3407
"C:/Users/Jacob/AppData/Local/UnrealEngine/Common/DerivedDataCache/Buckets/LegacyNavCollision/46/89/6bf584186f214a98e1fe443a6e8f4115945c.udd" 3408
"../../Plugins/Animation/ControlRig/Content/Controls/ControlRig_Sphere_solid.uasset" 3409
"C:/Users/Jacob/AppData/Local/UnrealEngine/Common/DerivedDataCache/Buckets/StaticMesh/4f/b6/cbf600c6bdad3a6b02a06c11b279bae64c4b.udd" 3410
"C:/Users/Jacob/AppData/Local/UnrealEngine/Common/DerivedDataCache/Buckets/LegacyDIST/fa/bf/739d9578930a08d03c44f3132d01f73c3e99.udd" 3411
"C:/Users/Jacob/AppData/Local/UnrealEngine/Common/DerivedDataCache/Buckets/LegacyCARD/5f/3d/f808c26d2ca2f5dadeec483ce5f9b5ebf2cd.udd" 3412
"C:/Users/Jacob/AppData/Local/UnrealEngine/Common/DerivedDataCache/Buckets/LegacyChaosGeometryData/52/2a/3d04bc679933e3fa7ffc79c9c8ddc22f256b.udd" 3413
"C:/Users/Jacob/AppData/Local/UnrealEngine/Common/DerivedDataCache/Buckets/LegacyNavCollision/fb/8c/d03c4d5b462a0d107584b925baa1519481d6.udd" 3414
"C:/Users/Jacob/AppData/Local/UnrealEngine/Common/DerivedDataCache/Buckets/StaticMesh/46/03/645a5ee8baa3921228c16fd7c15cb3dd37d3.udd" 3415
"C:/Users/Jacob/AppData/Local/UnrealEngine/Common/DerivedDataCache/Buckets/LegacyDIST/fd/5d/4389f6d19325c0812f0330b419827dacf37e.udd" 3416
"C:/Users/Jacob/AppData/Local/UnrealEngine/Common/DerivedDataCache/Buckets/LegacyCARD/e1/0b/f1d4fd6b1099295ba833142fbd02e7467674.udd" 3417
"C:/Users/Jacob/AppData/Local/UnrealEngine/Common/DerivedDataCache/Buckets/LegacyChaosGeometryData/04/ae/a7cd0ee33e8fb800e01dc27b52803b4d890a.udd" 3418
"C:/Users/Jacob/AppData/Local/UnrealEngine/Common/DerivedDataCache/Buckets/StaticMesh/dc/83/05b4a22d13c22f01cf4d2e34252cd7029ec1.udd" 3419
"C:/Users/Jacob/AppData/Local/UnrealEngine/Common/DerivedDataCache/Buckets/StaticMesh/83/8b/679b0625df29c2945572f5e96b5c86d8f739.udd" 3420
"C:/Users/Jacob/AppData/Local/UnrealEngine/Common/DerivedDataCache/Buckets/LegacyDIST/c4/ec/43009a1c1ec5330d41ca9d0fbcc2d72e3d3b.udd" 3421
"C:/Users/Jacob/AppData/Local/UnrealEngine/Common/DerivedDataCache/Buckets/LegacyDIST/df/cd/baa6bdaf275d48459241b3119ac1a82b3bd9.udd" 3422
"C:/Users/Jacob/AppData/Local/UnrealEngine/Common/DerivedDataCache/Buckets/LegacyNavCollision/55/14/60886da923268742fd6893eb38ca71ca8b2f.udd" 3423
"C:/Users/Jacob/AppData/Local/UnrealEngine/Common/DerivedDataCache/Buckets/LegacyCARD/c0/30/95b47e5e3e0122b6cf648311576cd8bba8c5.udd" 3424
"C:/Users/Jacob/AppData/Local/UnrealEngine/Common/DerivedDataCache/Buckets/StaticMesh/d2/0f/91830a73e9a66e4a9d02423b205a1faa5ca6.udd" 3425
"C:/Users/Jacob/AppData/Local/UnrealEngine/Common/DerivedDataCache/Buckets/StaticMesh/20/3f/334409ffa78d464df0160c7881af74517f96.udd" 3426
"C:/Users/Jacob/AppData/Local/UnrealEngine/Common/DerivedDataCache/Buckets/LegacyCARD/9a/d4/1d6751cea2790fc37e13cba806229ffaad4c.udd" 3427
"C:/Users/Jacob/AppData/Local/UnrealEngine/Common/DerivedDataCache/Buckets/StaticMesh/2a/03/b4eb9c31272496aef1a19e1613ccf58f5b59.udd" 3428
"C:/Users/Jacob/AppData/Local/UnrealEngine/Common/DerivedDataCache/Buckets/LegacyDIST/fd/bb/e820a459464b86eba1c06fdec19616138cd1.udd" 3429
"C:/Users/Jacob/AppData/Local/UnrealEngine/Common/DerivedDataCache/Buckets/LegacyChaosGeometryData/d8/9d/c5eac4f0261336381619625d094efc0fed2e.udd" 3430
"C:/Users/Jacob/AppData/Local/UnrealEngine/Common/DerivedDataCache/Buckets/LegacyDIST/24/9a/376ec7d6e0155d90e3aed9a4b2dcb0db4353.udd" 3431
"C:/Users/Jacob/AppData/Local/UnrealEngine/Common/DerivedDataCache/Buckets/LegacyCARD/73/c7/23808da13ca987a21cffb9236f142ec19b4a.udd" 3432
"C:/Users/Jacob/AppData/Local/UnrealEngine/Common/DerivedDataCache/Buckets/LegacyChaosGeometryData/7f/e9/2d56d9dc993195d7a71e88a9454d77f83261.udd" 3433
"C:/Users/Jacob/AppData/Local/UnrealEngine/Common/DerivedDataCache/Buckets/LegacyCARD/1a/fe/cc3fcde06bd9e9aae0f12f96c02119268f7b.udd" 3434
"C:/Users/Jacob/AppData/Local/UnrealEngine/Common/DerivedDataCache/Buckets/LegacyNavCollision/6e/cd/adb4fb12fca72806f669475f8031f0d859e8.udd" 3435
"C:/Users/Jacob/AppData/Local/UnrealEngine/Common/DerivedDataCache/Buckets/LegacyChaosGeometryData/4a/a3/5eaf6ee8d2ae33a1d226d1c0f672b8e30cde.udd" 3436
"C:/Users/Jacob/AppData/Local/UnrealEngine/Common/DerivedDataCache/Buckets/LegacyNavCollision/74/64/87acfc95be6cfe849c6b2bd20ba6dc75ec39.udd" 3437
"C:/Users/Jacob/AppData/Local/UnrealEngine/Common/DerivedDataCache/Buckets/LegacyNavCollision/73/3c/657d467d58a3a0b340fb3a7f5cb85eedafab.udd" 3438
"C:/Users/Jacob/AppData/Local/UnrealEngine/Common/DerivedDataCache/Buckets/LegacyDIST/58/b6/e2179e7f4b7a85649c41e1756937b24a9f13.udd" 3439
"C:/Users/Jacob/AppData/Local/UnrealEngine/Common/DerivedDataCache/Buckets/LegacyCARD/70/d1/1e20c30434ddfa444cf574a1009091960f86.udd" 3440
"C:/Users/Jacob/AppData/Local/UnrealEngine/Common/DerivedDataCache/Buckets/LegacyChaosGeometryData/8f/23/18371c6551633707e1bae743c90c11086f9c.udd" 3441
"C:/Users/Jacob/AppData/Local/UnrealEngine/Common/DerivedDataCache/Buckets/LegacyNavCollision/34/8c/d789d628ac7b258b256697c90a7164b37124.udd" 3442
"C:/Users/Jacob/AppData/Local/UnrealEngine/Common/DerivedDataCache/Buckets/LegacyChaosGeometryData/17/ac/4355d1089d78fafef206ba3ca048554a0372.udd" 3443
"C:/Users/Jacob/AppData/Local/UnrealEngine/Common/DerivedDataCache/Buckets/LegacyNavCollision/f1/79/674994c0d411fe696224c370f409d5962109.udd" 3444
"C:/Users/Jacob/AppData/Local/UnrealEngine/Common/DerivedDataCache/Buckets/LegacyDIST/f4/f5/5ac22edba982b7db512d0a1041c735e26998.udd" 3445
"C:/Users/Jacob/AppData/Local/UnrealEngine/Common/DerivedDataCache/Buckets/LegacyCARD/fa/8a/4ec5622771838034189c16a4166b1384f3b8.udd" 3446
"C:/Users/Jacob/AppData/Local/UnrealEngine/Common/DerivedDataCache/Buckets/LegacyChaosGeometryData/63/e8/0a512bc2002247087f790d63676d0dd938ff.udd" 3447
"C:/Users/Jacob/AppData/Local/UnrealEngine/Common/DerivedDataCache/Content/72/20/4693486a8a6e6b2c498018f47d5b580892d2.udd" 3448
"C:/Users/Jacob/AppData/Local/UnrealEngine/Common/DerivedDataCache/Buckets/LegacyNavCollision/43/7f/098e17b383c28d554e66d28bd0951991f0b7.udd" 3449
"C:/Users/Jacob/Documents/Unreal Projects/ConCat/Content/Construction/Tech/Blueprints/NumPlayers.uasset" 3450
"C:/Users/Jacob/AppData/Local/UnrealEngine/Common/DerivedDataCache/Buckets/StaticMesh/7d/31/8b3ef48ca12fdc3ea03eb60795a19c9b6484.udd" 3451
"C:/Users/Jacob/Documents/Unreal Projects/ConCat/Content/Construction/Tech/Blockout_Meshes/SM_Wall.uasset" 3452
"C:/Users/Jacob/AppData/Local/UnrealEngine/Common/DerivedDataCache/Buckets/LegacyDIST/74/60/a8f0ad3fc704037d844a18bbb8cdedbbbde7.udd" 3453
"C:/Users/Jacob/AppData/Local/UnrealEngine/Common/DerivedDataCache/Buckets/LegacyCARD/c0/55/5ce255e80ef47c837c94d503e59ac3dbfad4.udd" 3454
"C:/Users/Jacob/Documents/Unreal Projects/ConCat/Content/Construction/Tech/Blockout_Meshes/SM_Empty.uasset" 3455
"C:/Users/Jacob/AppData/Local/UnrealEngine/Common/DerivedDataCache/Buckets/StaticMesh/c3/97/87e92f842f91fcc5eb3bacf31ed4847a755f.udd" 3456
"C:/Users/Jacob/AppData/Local/UnrealEngine/Common/DerivedDataCache/Buckets/LegacyChaosGeometryData/90/04/dc960d67452f3a7af5e0a51e528eade24744.udd" 3457
"C:/Users/Jacob/AppData/Local/UnrealEngine/Common/DerivedDataCache/Buckets/LegacyDIST/dc/99/b28911832514afd0ce60ab60eb14b29c276c.udd" 3458
"C:/Users/Jacob/AppData/Local/UnrealEngine/Common/DerivedDataCache/Buckets/LegacyNavCollision/ee/11/a75f939616a0b787c6baa03978dd395a51bd.udd" 3459
"C:/Users/Jacob/AppData/Local/UnrealEngine/Common/DerivedDataCache/Buckets/StaticMesh/42/0c/bc21eb70bf82629bf7f6d4eb3519e8026e22.udd" 3460
"C:/Users/Jacob/Documents/Unreal Projects/ConCat/Content/Construction/Tech/Blockout_Meshes/SM_DoubleWall.uasset" 3461
"C:/Users/Jacob/AppData/Local/UnrealEngine/Common/DerivedDataCache/Buckets/LegacyCARD/49/44/3ff63e232be6c8e49af62350cef35ebf8bb3.udd" 3462
"C:/Users/Jacob/AppData/Local/UnrealEngine/Common/DerivedDataCache/Buckets/LegacyChaosGeometryData/5b/43/43255cdadb84cdd8fae413f7bb4881b20839.udd" 3463
"C:/Users/Jacob/AppData/Local/UnrealEngine/Common/DerivedDataCache/Buckets/LegacyDIST/f9/13/73417ce5b165b57e84f051e7609e87c6d09f.udd" 3464
"C:/Users/Jacob/AppData/Local/UnrealEngine/Common/DerivedDataCache/Buckets/LegacyCARD/fe/1d/52a67c702600363957c2c03a98c4ddb619a6.udd" 3465
"C:/Users/Jacob/Documents/Unreal Projects/ConCat/Content/Construction/Tech/Blockout_Meshes/SM_Corner.uasset" 3466
"C:/Users/Jacob/AppData/Local/UnrealEngine/Common/DerivedDataCache/Buckets/StaticMesh/85/de/3ac90972a5816421c2a963930bec851e212a.udd" 3467
"C:/Users/Jacob/AppData/Local/UnrealEngine/Common/DerivedDataCache/Buckets/LegacyChaosGeometryData/1e/50/0a90699814cef2b2ac65a8a06d2fdb7bd13d.udd" 3468
"C:/Users/Jacob/AppData/Local/UnrealEngine/Common/DerivedDataCache/Buckets/LegacyNavCollision/d6/08/83fea2b7b1a8ddebaa6a8f9bbe46901e4ccb.udd" 3469
"C:/Users/Jacob/AppData/Local/UnrealEngine/Common/DerivedDataCache/Buckets/LegacyDIST/3a/88/812d1ee3cda17a673804d94c7d820f599bd8.udd" 3470
"C:/Users/Jacob/AppData/Local/UnrealEngine/Common/DerivedDataCache/Buckets/LegacyCARD/89/ce/7d01050abc16ba65efa42b91db23304e04bb.udd" 3471
"C:/Users/Jacob/AppData/Local/UnrealEngine/Common/DerivedDataCache/Buckets/LegacyChaosGeometryData/e5/fa/9e1b96d64c7f692e83d4bf76d8704281ae31.udd" 3472
"C:/Users/Jacob/AppData/Local/UnrealEngine/Common/DerivedDataCache/Buckets/LegacyNavCollision/30/75/0b342b29c702e170c191004b1bd52e57b36b.udd" 3473
"C:/Users/Jacob/AppData/Local/UnrealEngine/Common/DerivedDataCache/Buckets/StaticMesh/48/3a/0757f06326d971efc73d9057ecd69be33348.udd" 3474
"C:/Users/Jacob/Documents/Unreal Projects/ConCat/Content/Construction/Design/Blueprints/UI/Widgets/WBP_UIManager.uasset" 3475
"C:/Users/Jacob/AppData/Local/UnrealEngine/Common/DerivedDataCache/Buckets/LegacyNavCollision/d2/69/bfcc1229a2eeb95bc0423feceb88243d33dd.udd" 3476
"C:/Users/Jacob/AppData/Local/UnrealEngine/Common/DerivedDataCache/Buckets/LegacyDIST/2d/bf/1b3e29e33e6d7ba5280c61b201770f2491e3.udd" 3477
"C:/Users/Jacob/AppData/Local/UnrealEngine/Common/DerivedDataCache/Buckets/LegacyCARD/a7/f6/8beaba007207bf9f251d33dd19089e19a73d.udd" 3478
"C:/Users/Jacob/AppData/Local/UnrealEngine/Common/DerivedDataCache/Buckets/LegacyChaosGeometryData/24/3f/edc6cc1ebdb9cbaf9cf1ac14ac32fa6dc384.udd" 3479
"C:/Users/Jacob/Documents/Unreal Projects/ConCat/Content/Construction/Art/Meshes/Gertrude/GertrudeR.uasset" 3480
"C:/Users/Jacob/AppData/Local/UnrealEngine/Common/DerivedDataCache/Buckets/LegacyDIST/99/0c/2153aa2ae19e324ed82d9b6149d5f842149a.udd" 3481
"C:/Users/Jacob/AppData/Local/UnrealEngine/Common/DerivedDataCache/Buckets/LegacyCARD/4e/57/620efa6b05f6a1a0eaff7abc02decfd19f16.udd" 3482
"C:/Users/Jacob/AppData/Local/UnrealEngine/Common/DerivedDataCache/Buckets/LegacyNavCollision/b2/83/9c4145ebb1bddb05a25ac1a9801fe3f9a570.udd" 3483
"C:/Users/Jacob/Documents/Unreal Projects/ConCat/Content/Characters/Mannequins/Rigs/ABP_Quinn_PostProcess.uasset" 3484
"C:/Users/Jacob/AppData/Local/UnrealEngine/Common/DerivedDataCache/Buckets/LegacyDIST/87/90/8bd1fa225af7cae7f8fa7f65e482f85fc28d.udd" 3485
"C:/Users/Jacob/AppData/Local/UnrealEngine/Common/DerivedDataCache/Buckets/LegacyCARD/4a/56/25701ba1caf82f7f86779401c9ed22e38417.udd" 3486
"C:/Users/Jacob/Documents/Unreal Projects/ConCat/Content/Characters/Mannequins/Rigs/ABP_Manny_PostProcess.uasset" 3487
"C:/Users/Jacob/Documents/Unreal Projects/ConCat/Content/LevelPrototyping/Materials/MF_ProcGrid.uasset" 3488
"../../../Engine/Content/Functions/Engine_MaterialFunctions01/Texturing/WorldAlignedTexture.uasset" 3489
"../../../Engine/Content/OpenWorldTemplate/LandscapeMaterial/MF_ProcGrid.uasset" 3490
"C:/Users/Jacob/Documents/Unreal Projects/ConCat/Content/Construction/Design/Materials/MPP_WallVis.uasset" 3491
"C:/Users/Jacob/AppData/Local/UnrealEngine/Common/DerivedDataCache/Buckets/LegacyNiagaraScriptDerivedData/39/25/1142e4f970c90e07d037d1d8a3f88145d8e8.udd" 3492
"C:/Users/Jacob/AppData/Local/UnrealEngine/Common/DerivedDataCache/Buckets/LegacyNiagaraScriptDerivedData/a4/fd/e9c322bb9faafbce8e940a4a51533369e31d.udd" 3493
"C:/Users/Jacob/AppData/Local/UnrealEngine/Common/DerivedDataCache/Buckets/LegacyNiagaraScriptDerivedData/fe/9f/ed37940de9f7e4e2c2f1479fb2641ebca980.udd" 3494
"C:/Users/Jacob/AppData/Local/UnrealEngine/Common/DerivedDataCache/Buckets/LegacyNiagaraScriptDerivedData/44/43/74a5250badda285559c542fb9bd98060ae33.udd" 3495
"../../Plugins/FX/Niagara/Content/DynamicInputs/UniformRange/V2/RandomRangeVector.uasset" 3496
"../../Plugins/FX/Niagara/Content/Modules/Update/SubUV/V2/SubUVAnimation.uasset" 3497
"../../Plugins/FX/Niagara/Content/Functions/RandomRangeInteger.uasset" 3498
"../../Plugins/FX/Niagara/Content/Enums/ENiagara_SubUVLookupMode.uasset" 3499
"C:/Users/Jacob/AppData/Local/UnrealEngine/Common/DerivedDataCache/Buckets/LegacySKELETALMESH/22/b1/654895c1d391789e683f2955ee82cced5ce4.udd" 3500
"C:/Users/Jacob/Documents/Unreal Projects/ConCat/Content/Characters/Mannequin_UE4/Materials/M_MannequinUE4_Body.uasset" 3501
"../../../Engine/Content/EngineSky/SM_SkySphere.uasset" 3502
"../../../Engine/Plugins/FX/NiagaraFluids/Content/Materials/Grid3D/Instances/M_WaterSDF_Inst.uasset" 3503
"../../../Engine/Plugins/FX/NiagaraFluids/Content/Materials/Particles/Debug3DFlip.uasset" 3504
"../../../Engine/Plugins/FX/NiagaraFluids/Content/Materials/Grid2D/Instances/M_2D_SmokeFire_Inst.uasset" 3505
"../../../Engine/Content/EditorResources/FieldNodes/_Resources/MI_FieldRadiusPreview.uasset" 3506
"../../../Engine/Plugins/FX/NiagaraFluids/Content/Materials/Functions/Grid2D_DebugGizmos/ComputeDataIconInt.uasset" 3507
"C:/Users/Jacob/Documents/Unreal Projects/ConCat/Content/Construction/Tech/Blueprints/GridSys/GridCell.uasset" 3508
"C:/Users/Jacob/Documents/Unreal Projects/ConCat/Content/Environment/crane/Cranemesh.uasset" 3509
"C:/Users/Jacob/Documents/Unreal Projects/ConCat/Content/Construction/Tech/Blueprints/GridSys/BP_BuildingAsset.uasset" 3510
"C:/Users/Jacob/Documents/Unreal Projects/ConCat/Content/Construction/Tech/Blockout_Meshes/BP_MeshTest.uasset" 3511
"C:/Users/Jacob/Documents/Unreal Projects/ConCat/Content/LevelPrototyping/Materials/M_PrototypeGrid.uasset" 3512
"../../../Engine/Content/EditorMaterials/GeometryCollection/SelectedGeometryMaterial.uasset" 3513
"C:/Users/Jacob/AppData/Local/UnrealEngine/Common/DerivedDataCache/Buckets/StaticMesh/4c/15/88ae184540058602e11a0b0f8c1e6742517c.udd" 3514
"C:/Users/Jacob/AppData/Local/UnrealEngine/Common/DerivedDataCache/Buckets/StaticMesh/9e/7c/e99e066a82e0c29b17f3181502d8d7467a47.udd" 3515
"C:/Users/Jacob/AppData/Local/UnrealEngine/Common/DerivedDataCache/Buckets/LegacyDIST/b0/a8/28e713b68a3eb96a596fd884436fd782c912.udd" 3516
"C:/Users/Jacob/AppData/Local/UnrealEngine/Common/DerivedDataCache/Buckets/StaticMesh/e3/17/68b0b6e9b7a6cf5750c4eb0f8fce2ad87824.udd" 3517
"C:/Users/Jacob/AppData/Local/UnrealEngine/Common/DerivedDataCache/Buckets/LegacyDIST/0a/ad/c66c261ae4100de73c4ca10513f2bf5accac.udd" 3518
"C:/Users/Jacob/AppData/Local/UnrealEngine/Common/DerivedDataCache/Buckets/LegacyDIST/92/8c/13730cef165748a3543645bfbc1934532418.udd" 3519
"C:/Users/Jacob/AppData/Local/UnrealEngine/Common/DerivedDataCache/Buckets/LegacyCARD/bb/05/c63379f8c71f05970d273b92e52f006ba168.udd" 3520
"C:/Users/Jacob/AppData/Local/UnrealEngine/Common/DerivedDataCache/Buckets/LegacyCARD/8b/75/d51a7c5e2fe90ed8e2eeb80a54e00a46b841.udd" 3521
"C:/Users/Jacob/AppData/Local/UnrealEngine/Common/DerivedDataCache/Buckets/LegacyCARD/87/bf/07fc69988d7b3a75de4aaee57cf43af2eed7.udd" 3522
"C:/Users/Jacob/AppData/Local/UnrealEngine/Common/DerivedDataCache/Buckets/LegacyChaosGeometryData/0e/e0/bb2288305a18541dcdfe524d57f3063d78d9.udd" 3523
"C:/Users/Jacob/AppData/Local/UnrealEngine/Common/DerivedDataCache/Buckets/LegacyChaosGeometryData/26/9e/77ae98de57926064d019ac1e043996736d8a.udd" 3524
"C:/Users/Jacob/AppData/Local/UnrealEngine/Common/DerivedDataCache/Buckets/LegacyChaosGeometryData/f0/39/ef66faa6d60b47b494d057451947d18faa1b.udd" 3525
"C:/Users/Jacob/AppData/Local/UnrealEngine/Common/DerivedDataCache/Buckets/LegacyNavCollision/ac/49/daf381fd18c75ca38a00c7b56e7dae6b2999.udd" 3526
"C:/Users/Jacob/AppData/Local/UnrealEngine/Common/DerivedDataCache/Buckets/LegacyNavCollision/ba/20/50dd7acb5ebea7f120a358c1aeac9cba473c.udd" 3527
"C:/Users/Jacob/AppData/Local/UnrealEngine/Common/DerivedDataCache/Buckets/LegacyNavCollision/b2/f0/ef7fd5a842dbdb9aa03c56c3cafc7ba3d595.udd" 3528
"C:/Users/Jacob/AppData/Local/UnrealEngine/Common/DerivedDataCache/Buckets/StaticMesh/a0/e7/f5b060a3a30db79a2146104b16e7fb8cad35.udd" 3529
"C:/Users/Jacob/AppData/Local/UnrealEngine/Common/DerivedDataCache/Buckets/LegacyDIST/e4/75/e6eed2b1edabc938fc6a0a9c6194722463d4.udd" 3530
"C:/Users/Jacob/AppData/Local/UnrealEngine/Common/DerivedDataCache/Buckets/LegacyCARD/c0/f1/908245c394acc575fa93d3dca47b60273ce6.udd" 3531
"C:/Users/Jacob/AppData/Local/UnrealEngine/Common/DerivedDataCache/Buckets/LegacyChaosGeometryData/c4/ec/403693eb13c0c0c3431618c17245e9dda184.udd" 3532
"C:/Users/Jacob/AppData/Local/UnrealEngine/Common/DerivedDataCache/Buckets/LegacyNavCollision/14/d1/632ef0d01443201a249f1d149ffef152020e.udd" 3533
"C:/Users/Jacob/AppData/Local/UnrealEngine/Common/DerivedDataCache/Buckets/LegacyMATSM/3f/ac/ddd91595447d4ae9ce1f90954882b58a93fb.udd" 3534
"C:/Users/Jacob/AppData/Local/UnrealEngine/Common/DerivedDataCache/Buckets/LegacyMATSM/a1/5e/6e4011ea4aff21a2a24f31261c3943cd81e1.udd" 3535
"../../../Engine/Content/OpenWorldTemplate/LandscapeMaterial/M_ProcGrid.uasset" 3536
"C:/Users/Jacob/Documents/Unreal Projects/ConCat/Content/Characters/Mannequin_UE4/Materials/M_MannequinUE4_ChestLogo.uasset" 3537
"C:/Users/Jacob/Documents/Unreal Projects/ConCat/Content/Construction/Tech/Blueprints/Disasters/Tsunami/Tsunami.uasset" 3538
"C:/Users/Jacob/Documents/Unreal Projects/ConCat/Content/Construction/Tech/Blueprints/Disasters/Tsunami/Fill_Up.uasset" 3539
"C:/Users/Jacob/Documents/Unreal Projects/ConCat/Content/Construction/Tech/Blueprints/DestructibleGeometry/FS_SleepDisable.uasset" 3540
"../../../Engine/Plugins/FX/NiagaraFluids/Content/Materials/Utility/DebugDisplayGrid2DGizmo.uasset" 3541
"C:/Users/Jacob/Documents/Unreal Projects/ConCat/Content/Construction/Tech/Blueprints/GridSys/GridManager.uasset" 3542
"C:/Users/Jacob/Documents/Unreal Projects/ConCat/Content/Construction/Tech/Blueprints/GridSys/BaseAss.uasset" 3543
"C:/Users/Jacob/Documents/Unreal Projects/ConCat/Content/Construction/Tech/Blueprints/BP_Grid.uasset" 3544
"C:/Users/Jacob/Documents/Unreal Projects/ConCat/Content/Characters/Mannequins/Materials/Instances/Manny/MI_Manny_01.uasset" 3545
"C:/Users/Jacob/Documents/Unreal Projects/ConCat/Content/LevelPrototyping/Materials/MI_PrototypeGrid_TopDark.uasset" 3546
"C:/Users/Jacob/Documents/Unreal Projects/ConCat/Content/LevelPrototyping/Materials/MI_PrototypeGrid_Gray_02.uasset" 3547
"C:/Users/Jacob/Documents/Unreal Projects/ConCat/Content/LevelPrototyping/Materials/MI_PrototypeGrid_Gray.uasset" 3548
"C:/Users/Jacob/AppData/Local/UnrealEngine/Common/DerivedDataCache/Buckets/StaticMesh/89/e0/d0ff556ad2982db6f9bc5929db6c3530f819.udd" 3549
"C:/Users/Jacob/AppData/Local/UnrealEngine/Common/DerivedDataCache/Buckets/LegacyDIST/ce/50/dadd95952d9598445a06b99091506bfcf5dc.udd" 3550
"C:/Users/Jacob/AppData/Local/UnrealEngine/Common/DerivedDataCache/Buckets/LegacyCARD/89/5d/1a2e2b1e497fa77e1fef696fe62788fb9c99.udd" 3551
"C:/Users/Jacob/AppData/Local/UnrealEngine/Common/DerivedDataCache/Buckets/LegacyChaosGeometryData/35/a0/e30096b80a9a9432f00f9551c059446eadd4.udd" 3552
"C:/Users/Jacob/AppData/Local/UnrealEngine/Common/DerivedDataCache/Buckets/LegacyMATSM/13/dd/ecf369981ac1342ba8df392487e6002f8f60.udd" 3553
"C:/Users/Jacob/AppData/Local/UnrealEngine/Common/DerivedDataCache/Buckets/LegacyNavCollision/ad/e7/1d24c19676a5d167c662e47b00100e3279e7.udd" 3554
"C:/Users/Jacob/Documents/Unreal Projects/ConCat/Content/Construction/Tech/Blueprints/DestructibleGeometry/GeometryCollection/ModularGC/GC_ModH5b.uasset" 3555
"C:/Users/Jacob/Documents/Unreal Projects/ConCat/Content/Construction/Tech/Blueprints/DestructibleGeometry/GeometryCollection/ModularGC/GC_ModH5a.uasset" 3556
"C:/Users/Jacob/Documents/Unreal Projects/ConCat/Content/Construction/Tech/Blueprints/DestructibleGeometry/GeometryCollection/ModularGC/GC_ModH4d.uasset" 3557
"C:/Users/Jacob/Documents/Unreal Projects/ConCat/Content/Construction/Tech/Blueprints/DestructibleGeometry/GeometryCollection/ModularGC/GC_ModH4c.uasset" 3558
"C:/Users/Jacob/Documents/Unreal Projects/ConCat/Content/Construction/Tech/Blueprints/DestructibleGeometry/GeometryCollection/ModularGC/GC_ModH4b.uasset" 3559
"../../Plugins/FX/NiagaraFluids/Content/Templates/Liquid/3D/Emitters/Grid3D_FLIP_FluidControl_Emitter.uasset" 3560
"../../Plugins/FX/NiagaraFluids/Content/Templates/Liquid/3D/Emitters/Grid3D_FLIP_Emitter.uasset" 3561
"../../Plugins/FX/NiagaraFluids/Content/Functions/Grid3D/Grid3D_ModifySDF.uasset" 3562
"../../Plugins/FX/NiagaraFluids/Content/Enums/ENiagaraSDFModifyMethod.uasset" 3563
"../../Plugins/FX/NiagaraFluids/Content/Modules/Grid3D/Grid3D_ComputeBoundary.uasset" 3564
"../../Plugins/FX/Niagara/Content/Functions/Localspace/VectorToPosition.uasset" 3565
"../../Plugins/FX/Niagara/Content/Functions/ChannelMasks/SelectV4Channel.uasset" 3566
"../../Plugins/FX/Niagara/Content/Enums/ENiagaraVector4_Channels.uasset" 3567
"../../Plugins/FX/NiagaraFluids/Content/Functions/General/SceneDepthQuery_CheckOccluded.uasset" 3568
"../../Plugins/FX/NiagaraFluids/Content/Modules/Grid3D/Grid3D_ComputeDivergence.uasset" 3569
"../../Plugins/FX/NiagaraFluids/Content/Modules/Grid3D/Grid3D_ComputeGradient.uasset" 3570
"../../Plugins/FX/NiagaraFluids/Content/Modules/Grid3D/Grid3D_CreateUnitToWorldTransform.uasset" 3571
"../../Plugins/FX/Niagara/Content/Functions/Localspace/PositionToVector.uasset" 3572
"../../Plugins/FX/Niagara/Content/Functions/Rotation/AxisAngleToRotationMatrix.uasset" 3573
"../../Plugins/FX/Niagara/Content/Functions/Rotation/QuaternionToRotationMatrix.uasset" 3574
"../../Plugins/FX/NiagaraFluids/Content/Modules/Grid3D/Grid3D_DrawBoundsOverlay.uasset" 3575
"../../Plugins/FX/Niagara/Content/Functions/Math/GetMatrixScale.uasset" 3576
"../../Plugins/FX/NiagaraFluids/Content/Modules/Grid3D/Grid3D_ExtrapolateVelocity.uasset" 3577
"../../Plugins/FX/NiagaraFluids/Content/Modules/Grid3D/Grid3D_FLIP_IntegrateParticleVelocity.uasset" 3578
"../../Plugins/FX/NiagaraFluids/Content/Modules/Grid3D/Grid3D_FLIP_ParticleUpdate.uasset" 3579
"../../Plugins/FX/NiagaraFluids/Content/Modules/Grid3D/Grid3D_FLIP_RasterizeParticles.uasset" 3580
"../../Plugins/FX/NiagaraFluids/Content/Modules/Grid3D/Grid3D_GetTransientsFromGridValues.uasset" 3581
"../../Plugins/FX/NiagaraFluids/Content/Modules/Grid3D/Grid3D_InitRT.uasset" 3582
"../../Plugins/FX/NiagaraFluids/Content/Modules/Grid3D/Grid3D_PressureIteration.uasset" 3583
"../../Plugins/FX/Niagara/Content/Functions/SimulationStageIterationInfo.uasset" 3584
"../../Plugins/FX/NiagaraFluids/Content/Modules/Grid3D/Grid3D_ProjectPressure.uasset" 3585
"../../Plugins/FX/NiagaraFluids/Content/Modules/Grid3D/Grid3D_SetBoundaryGridValues.uasset" 3586
"../../Plugins/FX/NiagaraFluids/Content/Modules/Grid3D/Grid3D_SetBounds.uasset" 3587
"../../Plugins/FX/NiagaraFluids/Content/Modules/Grid3D/Grid3D_SetFloatValue.uasset" 3588
"../../Plugins/FX/NiagaraFluids/Content/Modules/Grid3D/Grid3D_SetResolution.uasset" 3589
"../../Plugins/FX/NiagaraFluids/Content/Enums/ENiagaraGrid2DResolution.uasset" 3590
"../../Plugins/FX/NiagaraFluids/Content/Modules/Grid3D/Grid3D_UpdateSimAttributes.uasset" 3591
"../../Plugins/FX/NiagaraFluids/Content/Modules/Grid3D/RasterizationGrid3D_Initialize.uasset" 3592
"../../Plugins/FX/NiagaraFluids/Content/Modules/Grid3D/RasterizationGrid3D_SDFToRT.uasset" 3593
"../../Plugins/FX/NiagaraFluids/Content/Enums/ENiagaraSDFSmoothingMethodMethod.uasset" 3594
"../../Plugins/FX/NiagaraFluids/Content/Modules/Grid3D/RasterizationGrid3D_SetResolution.uasset" 3595
"../../Plugins/FX/NiagaraFluids/Content/Modules/Grid3D/RasterizationGrid_ParticleSource.uasset" 3596
"../../Plugins/FX/NiagaraFluids/Content/Modules/Grid3D/Grid3D_FLIP_FLUID_CONTROLS.uasset" 3597
"../../Plugins/FX/NiagaraFluids/Content/Modules/Grid3D/Grid3D_Flip_GridParticles.uasset" 3598
"../../Plugins/FX/NiagaraFluids/Content/Modules/Grid3D/Grid3D_FLIP_SCALABILITY_SPAWN.uasset" 3599
"../../Plugins/FX/NiagaraFluids/Content/Modules/Grid3D/Grid3D_FLIP_Tank_Spawn.uasset" 3600
"../../Plugins/FX/NiagaraFluids/Content/Modules/Grid3D/Grid3D_Landscape_Boundary.uasset" 3601
"../../Plugins/FX/NiagaraFluids/Content/Modules/Grid3D/Grid3D_Visualize_VectorField.uasset" 3602
"../../Plugins/FX/NiagaraFluids/Content/Enums/ENiagaraGrid3DVolumePlane.uasset" 3603
"../../Plugins/FX/NiagaraFluids/Content/Templates/Liquid/3D/Emitters/Grid3D_FLIP_Secondary_Emitter.uasset" 3604
"../../Plugins/FX/Niagara/Content/DynamicInputs/Math/Frac_Float.uasset" 3605
"../../Plugins/FX/Niagara/Content/DynamicInputs/Multiply/Multiply_Float.uasset" 3606
"../../Plugins/FX/Niagara/Content/DynamicInputs/TypeConversions/MakeFloatFromInt.uasset" 3607
"../../Plugins/FX/Niagara/Content/Modules/Emitter/SpawnPerFrame.uasset" 3608
"../../Plugins/FX/Niagara/Content/Modules/Update/Material/DynamicMaterialParameters.uasset" 3609
"../../Plugins/FX/NiagaraFluids/Content/Modules/Grid2D/Grid2D_SetResolution.uasset" 3610
"../../Plugins/FX/NiagaraFluids/Content/Modules/Grid3D/Secondary/Grid3D_Secondary_EmissionPoints.uasset" 3611
"../../Plugins/FX/NiagaraFluids/Content/Modules/Grid3D/Secondary/Grid3D_Secondary_SpawnParticles.uasset" 3612
"../../Plugins/FX/Niagara/Content/Functions/RandomUnitVector.uasset" 3613
"../../Plugins/FX/NiagaraFluids/Content/Modules/Grid3D/Secondary/Grid3D_Secondary_UpdateParticles.uasset" 3614
"../../Plugins/FX/Niagara/Content/DynamicInputs/Multiply/Multiply_Vector.uasset" 3615
"C:/Users/Jacob/AppData/Local/UnrealEngine/Common/DerivedDataCache/Buckets/LegacyNiagaraScriptDerivedData/13/ed/5e64a9018ad65d2c691a5281c335c0187c9c.udd" 3616
"C:/Users/Jacob/AppData/Local/UnrealEngine/Common/DerivedDataCache/Buckets/LegacyNiagaraScriptDerivedData/19/80/52c0615db0bc8efd7725035a38f1cc514b8f.udd" 3617
"C:/Users/Jacob/AppData/Local/UnrealEngine/Common/DerivedDataCache/Buckets/LegacyNiagaraScriptDerivedData/b7/5e/1adb9d2085d51f5e86d40fc164391c4d78f2.udd" 3618
"C:/Users/Jacob/AppData/Local/UnrealEngine/Common/DerivedDataCache/Buckets/LegacyNiagaraScriptDerivedData/c2/b8/2202ecc7b94dba3c28fbcdfd704a61101d88.udd" 3619
"C:/Users/Jacob/AppData/Local/UnrealEngine/Common/DerivedDataCache/Buckets/LegacyNiagaraScriptDerivedData/ab/ba/482cb0f79e7d1405ec14d347a33a37f13b4a.udd" 3620
"C:/Users/Jacob/AppData/Local/UnrealEngine/Common/DerivedDataCache/Buckets/LegacyNiagaraScriptDerivedData/c1/5e/a9c779dfe3341bd3f1e33d506e2644944b30.udd" 3621
"C:/Users/Jacob/AppData/Local/UnrealEngine/Common/DerivedDataCache/Buckets/LegacyNiagaraScriptDerivedData/04/b9/7fb1ee4fa02e7b88851679de43335cbcf1ac.udd" 3622
"C:/Users/Jacob/AppData/Local/UnrealEngine/Common/DerivedDataCache/Buckets/LegacyNiagaraScriptDerivedData/cd/7c/6065373a5e5926ef9c196e4c52908f6f762d.udd" 3623
"C:/Users/Jacob/AppData/Local/UnrealEngine/Common/DerivedDataCache/Buckets/LegacyNiagaraScriptDerivedData/d4/88/e0f84865586113d0feaa7dffac8af2271fa1.udd" 3624
"C:/Users/Jacob/AppData/Local/UnrealEngine/Common/DerivedDataCache/Buckets/LegacyNiagaraScriptDerivedData/31/6b/98f7fc6eec0f68b2b2f29aae0604c8a5e58f.udd" 3625
"C:/Users/Jacob/AppData/Local/UnrealEngine/Common/DerivedDataCache/Buckets/LegacyNiagaraScriptDerivedData/55/d1/3a6358096f03f53e0efacd834f6d817ff091.udd" 3626
"C:/Users/Jacob/AppData/Local/UnrealEngine/Common/DerivedDataCache/Buckets/LegacyNiagaraScriptDerivedData/bf/dd/66db104a804b31103e8adc82dc17c5da1d5d.udd" 3627
"C:/Users/Jacob/AppData/Local/UnrealEngine/Common/DerivedDataCache/Buckets/LegacyNiagaraScriptDerivedData/aa/ba/7d37b74f0a8448e71e9d6dcafd2d55970102.udd" 3628
"C:/Users/Jacob/AppData/Local/UnrealEngine/Common/DerivedDataCache/Buckets/LegacyNiagaraScriptDerivedData/43/2b/b660c6a3f5d8ec00327d78bb4460cdcaa246.udd" 3629
"C:/Users/Jacob/AppData/Local/UnrealEngine/Common/DerivedDataCache/Buckets/LegacyNiagaraScriptDerivedData/0a/c6/bc97a9fb9801c18e385c90a52f585fa554bf.udd" 3630
"C:/Users/Jacob/AppData/Local/UnrealEngine/Common/DerivedDataCache/Buckets/LegacyNiagaraScriptDerivedData/fc/05/aabd7dc3bbb0ca11acef995b40c1a6582147.udd" 3631
"C:/Users/Jacob/AppData/Local/UnrealEngine/Common/DerivedDataCache/Buckets/LegacyNiagaraScriptDerivedData/01/d9/a2087e5804dc85d1111c657dc63db8226d60.udd" 3632
"C:/Users/Jacob/AppData/Local/UnrealEngine/Common/DerivedDataCache/Buckets/LegacyNiagaraScriptDerivedData/8f/b8/80e282883a1b5e6b018d8f51e33acc3369dc.udd" 3633
"C:/Users/Jacob/AppData/Local/UnrealEngine/Common/DerivedDataCache/Buckets/LegacyNiagaraScriptDerivedData/be/1d/dab89e5afcc084ab7e83d6ec8ed23bca1d44.udd" 3634
"C:/Users/Jacob/Documents/Unreal Projects/ConCat/Content/Construction/Tech/Blueprints/DestructibleGeometry/GeometryCollection/ModularGC/GC_ModH4a.uasset" 3635
"../../Plugins/FX/Niagara/Content/Modules/Spawn/Location/SphereLocation.uasset" 3636
"../../Plugins/FX/Niagara/Content/Functions/RandomPointInSphere.uasset" 3637
"C:/Users/Jacob/AppData/Local/UnrealEngine/Common/DerivedDataCache/Buckets/LegacyNiagaraScriptDerivedData/b5/bc/a9bdf8bf761629fe227aba98e0a19ce2cb5c.udd" 3638
"C:/Users/Jacob/AppData/Local/UnrealEngine/Common/DerivedDataCache/Buckets/LegacyNiagaraScriptDerivedData/b6/62/6fc77c01cf6589d1dff45ec3fa470c495d47.udd" 3639
"C:/Users/Jacob/AppData/Local/UnrealEngine/Common/DerivedDataCache/Buckets/LegacyNiagaraScriptDerivedData/cf/9b/7c74e3530c26a03e1f9a56e4a3587791c6d2.udd" 3640
"C:/Users/Jacob/AppData/Local/UnrealEngine/Common/DerivedDataCache/Buckets/LegacyNiagaraScriptDerivedData/23/99/49a303c0e99949ad123afbc07de55898a689.udd" 3641
"C:/Users/Jacob/AppData/Local/UnrealEngine/Common/DerivedDataCache/Buckets/LegacyNiagaraScriptDerivedData/6e/e2/1f08ae24ee7d4a1c3968125f4fa668488e58.udd" 3642
"C:/Users/Jacob/AppData/Local/UnrealEngine/Common/DerivedDataCache/Buckets/LegacyNiagaraScriptDerivedData/8b/0d/a27eb5eba5eaad9aa49a7aad9dc0181f8fab.udd" 3643
"C:/Users/Jacob/AppData/Local/UnrealEngine/Common/DerivedDataCache/Buckets/LegacyNiagaraScriptDerivedData/85/86/b65f023bac1da037c88fdd5807145f5fef96.udd" 3644
"C:/Users/Jacob/AppData/Local/UnrealEngine/Common/DerivedDataCache/Buckets/LegacyNiagaraScriptDerivedData/05/f9/9b377b191ff01955f03e10d47f1adaa4e728.udd" 3645
"C:/Users/Jacob/AppData/Local/UnrealEngine/Common/DerivedDataCache/Buckets/LegacyNiagaraScriptDerivedData/0c/21/88889ebc9b2313ae0469f95c0b2cfc2ba703.udd" 3646
"C:/Users/Jacob/AppData/Local/UnrealEngine/Common/DerivedDataCache/Buckets/LegacyNiagaraScriptDerivedData/05/41/a2eedcf18842af571c48ed9ee612f370d2b0.udd" 3647
"C:/Users/Jacob/AppData/Local/UnrealEngine/Common/DerivedDataCache/Buckets/LegacyNiagaraScriptDerivedData/be/ca/180556d02eb68e584ef2ccee30ad2f2a3bc8.udd" 3648
"C:/Users/Jacob/AppData/Local/UnrealEngine/Common/DerivedDataCache/Buckets/LegacyNiagaraScriptDerivedData/ca/38/2e34b3f9c166a9ad58d4e4d7951f8194f8ca.udd" 3649
"C:/Users/Jacob/AppData/Local/UnrealEngine/Common/DerivedDataCache/Buckets/LegacyNiagaraScriptDerivedData/44/9c/c901cff6afd0f2aae6cd190fe8902cbfc648.udd" 3650
"C:/Users/Jacob/AppData/Local/UnrealEngine/Common/DerivedDataCache/Buckets/LegacyNiagaraScriptDerivedData/0d/e6/29a5451af591a6e9d4fdc5c277f3b92f195e.udd" 3651
"C:/Users/Jacob/AppData/Local/UnrealEngine/Common/DerivedDataCache/Buckets/LegacyNiagaraScriptDerivedData/a8/19/bc31963be7d93198ed9cb09d1d7b604fee88.udd" 3652
"C:/Users/Jacob/AppData/Local/UnrealEngine/Common/DerivedDataCache/Buckets/LegacyNiagaraScriptDerivedData/ed/c2/9c572df87023a5b70c50c6844941d8f669e4.udd" 3653
"C:/Users/Jacob/AppData/Local/UnrealEngine/Common/DerivedDataCache/Buckets/LegacyNiagaraScriptDerivedData/39/d5/cae2273a1df890f9e6ac5aaba8af4ae13daf.udd" 3654
"C:/Users/Jacob/AppData/Local/UnrealEngine/Common/DerivedDataCache/Buckets/LegacyNiagaraScriptDerivedData/a6/b2/7c80aeb8e46da404b0f53542649441707963.udd" 3655
"C:/Users/Jacob/Documents/Unreal Projects/ConCat/Content/Construction/Tech/Blueprints/DestructibleGeometry/GeometryCollection/ModularGC/GC_ModH3c.uasset" 3656
"C:/Users/Jacob/Documents/Unreal Projects/ConCat/Content/Construction/Tech/Blueprints/DestructibleGeometry/GeometryCollection/ModularGC/GC_ModH3b.uasset" 3657
"C:/Users/Jacob/Documents/Unreal Projects/ConCat/Content/Construction/Tech/Blueprints/DestructibleGeometry/GeometryCollection/ModularGC/GC_ModH3a.uasset" 3658
"C:/Users/Jacob/Documents/Unreal Projects/ConCat/Content/Construction/Tech/Blueprints/DestructibleGeometry/GeometryCollection/ModularGC/GC_ModH2c.uasset" 3659
"C:/Users/Jacob/Documents/Unreal Projects/ConCat/Content/Construction/Tech/Blueprints/DestructibleGeometry/GeometryCollection/ModularGC/GC_ModH2b.uasset" 3660
"C:/Users/Jacob/Documents/Unreal Projects/ConCat/Content/Construction/Tech/Blueprints/DestructibleGeometry/GeometryCollection/ModularGC/GC_ModH2a.uasset" 3661
"C:/Users/Jacob/Documents/Unreal Projects/ConCat/Content/Construction/Tech/Blueprints/DestructibleGeometry/GeometryCollection/ModularGC/GC_ModH1.uasset" 3662
"C:/Users/Jacob/AppData/Local/UnrealEngine/Common/DerivedDataCache/Buckets/LegacyMATSM/75/f9/47e8e692a8068a6d0c7feeda3adc38aa66a2.udd" 3663
"C:/Users/Jacob/AppData/Local/UnrealEngine/Common/DerivedDataCache/Buckets/LegacyNIAGARASM/23/ae/19f0422e13136ae0c0bede391e22d58f7dee.udd" 3664
"C:/Users/Jacob/AppData/Local/UnrealEngine/Common/DerivedDataCache/Buckets/LegacyNIAGARASM/3a/57/60f796b392e36daffffd831299e774900ef4.udd" 3665
"C:/Users/Jacob/AppData/Local/UnrealEngine/Common/DerivedDataCache/Buckets/LegacyNIAGARASM/d5/72/0b5334a1fd45bc2f89e5827181aee6bf2b19.udd" 3666
"C:/Users/Jacob/AppData/Local/UnrealEngine/Common/DerivedDataCache/Buckets/LegacyNIAGARASM/fe/4a/82a68b617b8d2886cd33b8195e6a740eb68c.udd" 3667
"C:/Users/Jacob/AppData/Local/UnrealEngine/Common/DerivedDataCache/Buckets/LegacyNIAGARASM/36/6b/36a08b12d09bf585576eac8bf95e91bb607e.udd" 3668
"C:/Users/Jacob/AppData/Local/UnrealEngine/Common/DerivedDataCache/Buckets/LegacyNIAGARASM/ee/0c/f347dd0c16fdb4c2d634f8c6d0ad4557087e.udd" 3669
"C:/Users/Jacob/AppData/Local/UnrealEngine/Common/DerivedDataCache/Buckets/LegacyNIAGARASM/5c/6a/17e7b88cefa0eb80e684f9e45dfd5a31d017.udd" 3670
"C:/Users/Jacob/AppData/Local/UnrealEngine/Common/DerivedDataCache/Buckets/LegacyNIAGARASM/fb/02/da62320cbd0617db86e52f0d58f90a24a9ed.udd" 3671
"C:/Users/Jacob/AppData/Local/UnrealEngine/Common/DerivedDataCache/Buckets/LegacyNIAGARASM/ac/7a/bcc8fc626010aadbdcc9ee18e4f0e72e3a5b.udd" 3672
"C:/Users/Jacob/AppData/Local/UnrealEngine/Common/DerivedDataCache/Buckets/LegacyNIAGARASM/3b/6d/fdb8116f4528cf47981ca21189bfcdff4316.udd" 3673
"C:/Users/Jacob/AppData/Local/UnrealEngine/Common/DerivedDataCache/Buckets/LegacyMATSM/d2/1d/c1ccd59647e7c1ec83f29a517f8b9a4c3c85.udd" 3674
"C:/Users/Jacob/Documents/Unreal Projects/ConCat/Content/Construction/Tech/Blueprints/DestructibleGeometry/GeometryCollection/TestPillar_GeometryCollection.uasset" 3675
"C:/Users/Jacob/Documents/Unreal Projects/ConCat/Content/Construction/Tech/Blueprints/DestructibleGeometry/GeometryCollection/Sphere_GeometryCollection.uasset" 3676
"C:/Users/Jacob/Documents/Unreal Projects/ConCat/Content/Construction/Tech/Blueprints/DestructibleGeometry/GeometryCollection/GC_TempWall.uasset" 3677
"C:/Users/Jacob/AppData/Local/UnrealEngine/Common/DerivedDataCache/Buckets/LegacyGeometryCollection/66/8d/80edea24795c7c1da2be787c93f1d9e5393d.udd" 3678
"C:/Users/Jacob/Documents/Unreal Projects/ConCat/Content/Construction/Tech/Blueprints/DestructibleGeometry/GeometryCollection/GC_TempStairs.uasset" 3679
"C:/Users/Jacob/AppData/Local/UnrealEngine/Common/DerivedDataCache/Buckets/LegacyGeometryCollection/11/77/8687c3df40cb064c0fa79328c9d046ac4d9a.udd" 3680
"C:/Users/Jacob/Documents/Unreal Projects/ConCat/Content/Construction/Tech/Blueprints/DestructibleGeometry/GeometryCollection/GC_TempFrame.uasset" 3681
"C:/Users/Jacob/AppData/Local/UnrealEngine/Common/DerivedDataCache/Buckets/LegacyGeometryCollection/ce/93/16443f7e1b556400757c5e0e47aaf31db7e5.udd" 3682
"C:/Users/Jacob/Documents/Unreal Projects/ConCat/Content/Construction/Tech/Blueprints/DestructibleGeometry/GeometryCollection/GC_TempDoubleWall.uasset" 3683
"C:/Users/Jacob/AppData/Local/UnrealEngine/Common/DerivedDataCache/Buckets/LegacyGeometryCollection/e4/28/01c6a882e62c740a38ba6b270ecd01a3fafa.udd" 3684
"C:/Users/Jacob/Documents/Unreal Projects/ConCat/Content/Construction/Tech/Blueprints/DestructibleGeometry/GeometryCollection/GC_TempCorner.uasset" 3685
"C:/Users/Jacob/AppData/Local/UnrealEngine/Common/DerivedDataCache/Buckets/LegacyGeometryCollection/8b/c9/0ad78b37cb5b8b3339c0ce6f34e0fac1582f.udd" 3686
"../../../Engine/Content/OpenWorldTemplate/LandscapeMaterial/MI_ProcGrid.uasset" 3687
"C:/Users/Jacob/AppData/Local/UnrealEngine/Common/DerivedDataCache/Buckets/LegacyGeometryCollection/e3/d7/3bfffff5658e784b876109b60934c53ff361.udd" 3688
"C:/Users/Jacob/Documents/Unreal Projects/ConCat/Content/Characters/Mannequin_UE4/Meshes/SK_Mannequin.uasset" 3689
"C:/Users/Jacob/AppData/Local/UnrealEngine/Common/DerivedDataCache/Buckets/LegacyGeometryCollection/64/a1/d5965902a1e9de9806923061c928f2f2adca.udd" 3690
"C:/Users/Jacob/Documents/Unreal Projects/ConCat/Content/Construction/Tech/Blueprints/Disasters/MeteorShower/Fire_With_Smoke.uasset" 3691
"C:/Users/Jacob/AppData/Local/UnrealEngine/Common/DerivedDataCache/Buckets/LegacyGeometryCollection/ec/d1/c3ab1179e899ed31d9500290d77505574c5f.udd" 3692
"C:/Users/Jacob/Documents/Unreal Projects/ConCat/Content/Construction/Tech/Blueprints/Disasters/MeteorShower/Fire.uasset" 3693
"C:/Users/Jacob/AppData/Local/UnrealEngine/Common/DerivedDataCache/Buckets/LegacyGeometryCollection/d8/c7/0e01e6771aca55d7f8028a4c4349c3da1541.udd" 3694
"C:/Users/Jacob/Documents/Unreal Projects/ConCat/Content/Characters/Mannequins/Materials/Instances/Manny/MI_Manny_02.uasset" 3695
"C:/Users/Jacob/AppData/Local/UnrealEngine/Common/DerivedDataCache/Buckets/LegacyGeometryCollection/60/03/3befdee52a5a2897711313315824bc42aa11.udd" 3696
"C:/Users/Jacob/Documents/Unreal Projects/ConCat/Content/LevelPrototyping/Meshes/SM_Ramp.uasset" 3697
"C:/Users/Jacob/AppData/Local/UnrealEngine/Common/DerivedDataCache/Buckets/LegacyGeometryCollection/f5/10/eb3c6f4abb556ff074a44c6610096ee7fc04.udd" 3698
"C:/Users/Jacob/Documents/Unreal Projects/ConCat/Content/LevelPrototyping/Meshes/SM_QuarterCylinder.uasset" 3699
"C:/Users/Jacob/AppData/Local/UnrealEngine/Common/DerivedDataCache/Buckets/LegacyGeometryCollection/df/cb/d36ba08fb248818b848785d19d1c026d692a.udd" 3700
"C:/Users/Jacob/Documents/Unreal Projects/ConCat/Content/LevelPrototyping/Meshes/SM_Cylinder.uasset" 3701
"C:/Users/Jacob/AppData/Local/UnrealEngine/Common/DerivedDataCache/Buckets/LegacyGeometryCollection/6e/50/bf64c0f47a68059c44963c410cc284711c0e.udd" 3702
"C:/Users/Jacob/AppData/Local/UnrealEngine/Common/DerivedDataCache/Buckets/LegacyMATSM/c5/56/17f36c7b7ae0622f3bdf579078c9e2c5cefe.udd" 3703
"C:/Users/Jacob/Documents/Unreal Projects/ConCat/Content/LevelPrototyping/Meshes/SM_Cube.uasset" 3704
"C:/Users/Jacob/AppData/Local/UnrealEngine/Common/DerivedDataCache/Buckets/LegacyGeometryCollection/32/9f/0b238dd7687479d56b98fff77ee991656a5b.udd" 3705
"C:/Users/Jacob/Documents/Unreal Projects/ConCat/Content/Construction/Tech/Blueprints/DestructibleGeometry/PrototypePillar/BP_ProtoypePIllar.uasset" 3706
"C:/Users/Jacob/AppData/Local/UnrealEngine/Common/DerivedDataCache/Buckets/LegacyGeometryCollection/18/2f/6ec79ea1f2e2d14023ab62e2020f2d11607b.udd" 3707
"C:/Users/Jacob/Documents/Unreal Projects/ConCat/Content/Construction/Tech/Blueprints/Disasters/MeteorShower/BP_MeteorPrototype.uasset" 3708
"C:/Users/Jacob/AppData/Local/UnrealEngine/Common/DerivedDataCache/Buckets/LegacyGeometryCollection/08/89/319ec3886e7c41295b6ffe71f9f0fda9578b.udd" 3709
"C:/Users/Jacob/Documents/Unreal Projects/ConCat/Content/Construction/Tech/Blueprints/DestructibleGeometry/GeometryCollection/SM_Empty_GeometryCollection.uasset" 3710
"C:/Users/Jacob/AppData/Local/UnrealEngine/Common/DerivedDataCache/Buckets/LegacyGeometryCollection/2c/34/af8221e515fbd22197737012f4fd5add21f1.udd" 3711
"C:/Users/Jacob/AppData/Local/UnrealEngine/Common/DerivedDataCache/Buckets/LegacyGeometryCollection/53/fa/80406e647a68945f8e2adbbb4fedbe74e002.udd" 3712
"C:/Users/Jacob/Documents/Unreal Projects/ConCat/Content/Characters/Mannequins/Meshes/SKM_Quinn.uasset" 3713
"C:/Users/Jacob/AppData/Local/UnrealEngine/Common/DerivedDataCache/Buckets/LegacyGeometryCollection/84/9f/e2ddbff8b6c9a70da304747e8097cb93af27.udd" 3714
"C:/Users/Jacob/Documents/Unreal Projects/ConCat/Content/Characters/Mannequins/Meshes/SKM_Manny_Simple.uasset" 3715
"C:/Users/Jacob/AppData/Local/UnrealEngine/Common/DerivedDataCache/Buckets/LegacyGeometryCollection/1b/f5/438937d41c942e6f34c363351645ede0920e.udd" 3716
"C:/Users/Jacob/Documents/Unreal Projects/ConCat/Content/Characters/Mannequins/Meshes/SKM_Manny.uasset" 3717
"C:/Users/Jacob/Documents/Unreal Projects/ConCat/Content/Construction/Tech/Levels/BP_Crane.uasset" 3718
"C:/Users/Jacob/Documents/Unreal Projects/ConCat/Content/Construction/Tech/Blueprints/UI/Customisation/W_PlayerTile.uasset" 3719
"C:/Users/Jacob/AppData/Local/UnrealEngine/Common/DerivedDataCache/Buckets/LegacySKELETALMESH/59/d0/ede916b07b7a792c158f66afb79c81f940c7.udd" 3720
"C:/Users/Jacob/AppData/Local/UnrealEngine/Common/DerivedDataCache/Content/84/27/45375eed4fad6db9a5e62f1fd65747418a3d.udd" 3721
"../../Plugins/FX/NiagaraFluids/Content/Templates/Gas/2D/Emitters/Grid2D_Gas_Control_Emitter.uasset" 3722
"../../Plugins/FX/NiagaraFluids/Content/Materials/Utility/DebugDisplayGas2D.uasset" 3723
"../../Plugins/FX/NiagaraFluids/Content/Templates/Gas/2D/Emitters/Grid2D_Gas_Emitter.uasset" 3724
"../../Plugins/FX/Niagara/Content/DynamicInputs/Add/Add_Integer.uasset" 3725
"../../Plugins/FX/Niagara/Content/DynamicInputs/Transforms/ConvertVectorToPosition.uasset" 3726
"../../Plugins/FX/Niagara/Content/Enums/Transforms/ENiagara_LWCConvertVecToPos.uasset" 3727
"../../Plugins/FX/Niagara/Content/DynamicInputs/TypeConversions/MakeVector2D.uasset" 3728
"../../Plugins/FX/NiagaraFluids/Content/DynamicInput/MaskFloatByBoundary.uasset" 3729
"../../Plugins/FX/NiagaraFluids/Content/DynamicInput/MaskVector2DByBoundary.uasset" 3730
"../../Plugins/FX/NiagaraFluids/Content/Functions/General/DissipateFloat.uasset" 3731
"../../Plugins/FX/NiagaraFluids/Content/Functions/General/DissipateVector2D.uasset" 3732
"../../Plugins/FX/NiagaraFluids/Content/Modules/Grid2D/Grid2D_AdvectScalar.uasset" 3733
"../../Plugins/FX/NiagaraFluids/Content/Enums/ENiagaraAdvectionMethod.uasset" 3734
"../../Plugins/FX/NiagaraFluids/Content/Modules/Grid2D/Grid2D_ComputeBoundary.uasset" 3735
"../../Plugins/FX/NiagaraFluids/Content/Enums/ENiagaraGrid2DParticleCollisionMethod.uasset" 3736
"../../Plugins/FX/NiagaraFluids/Content/Modules/Grid2D/Grid2D_ComputeCurl.uasset" 3737
"../../Plugins/FX/NiagaraFluids/Content/Modules/Grid2D/Grid2D_ComputeDivergence.uasset" 3738
"../../Plugins/FX/NiagaraFluids/Content/Modules/Grid2D/Grid2D_ComputeGradient.uasset" 3739
"../../Plugins/FX/NiagaraFluids/Content/Modules/Grid2D/Grid2D_CreateUnitToWorldTransform.uasset" 3740
"../../Plugins/FX/NiagaraFluids/Content/Modules/Grid2D/Grid2D_Gas_Buoyancy.uasset" 3741
"../../Plugins/FX/NiagaraFluids/Content/Modules/Grid2D/Grid2D_Gas_SetRTValues.uasset" 3742
"../../Plugins/FX/NiagaraFluids/Content/Modules/Grid2D/Grid2D_InitRT.uasset" 3743
"../../Plugins/FX/NiagaraFluids/Content/Modules/Grid2D/Grid2D_IntegrateForces.uasset" 3744
"../../Plugins/FX/NiagaraFluids/Content/Modules/Grid2D/Grid2D_PressureIteration.uasset" 3745
"../../Plugins/FX/NiagaraFluids/Content/Modules/Grid2D/Grid2D_ProjectPressure.uasset" 3746
"../../Plugins/FX/NiagaraFluids/Content/Modules/Grid2D/Grid2D_SetBounds.uasset" 3747
"../../Plugins/FX/NiagaraFluids/Content/Modules/Grid2D/Grid2D_UpdateSimAttributes.uasset" 3748
"../../Plugins/FX/NiagaraFluids/Content/Modules/Grid2D/Grid2D_VorticityConfinementForce.uasset" 3749
"../../Plugins/FX/NiagaraFluids/Content/Functions/General/Fluids_Gas_Manager.uasset" 3750
"../../Plugins/FX/NiagaraFluids/Content/Functions/Grid2D/GetGridUV.uasset" 3751
"../../Plugins/FX/NiagaraFluids/Content/Functions/Grid2D/Grid2D_ComputeLighting.uasset" 3752
"../../Plugins/FX/NiagaraFluids/Content/Functions/General/WorldToTangent.uasset" 3753
"../../Plugins/FX/NiagaraFluids/Content/Modules/Grid2D/Grid2D_DownsampleScalar.uasset" 3754
"../../Plugins/FX/NiagaraFluids/Content/Modules/Grid2D/Grid2D_Gas_3DBuoyancy.uasset" 3755
"../../Plugins/FX/NiagaraFluids/Content/Modules/Grid2D/Grid2D_Gas_ParticleSource.uasset" 3756
"../../Plugins/FX/NiagaraFluids/Content/Enums/ENiagaraGrid2DRasterizationMethod.uasset" 3757
"../../Plugins/FX/NiagaraFluids/Content/Modules/Grid2D/Grid2D_TurbulenceForce.uasset" 3758
"../../Plugins/FX/NiagaraFluids/Content/Modules/Grid2D/Grid2D_WindForce.uasset" 3759
"../../Plugins/FX/NiagaraFluids/Content/Templates/Gas/2D/Emitters/SourceParticles.uasset" 3760
"../../Plugins/FX/Niagara/Content/DynamicInputs/Angles/Cosine.uasset" 3761
"../../Plugins/FX/Niagara/Content/DynamicInputs/UniformRange/V2/RandomRangeInt.uasset" 3762
"../../Plugins/FX/Niagara/Content/Modules/Emitter/SpawnBurst_Instantaneous.uasset" 3763
"../../Plugins/FX/Niagara/Content/Modules/Solvers/ApplyInitialForces.uasset" 3764
"../../Plugins/FX/Niagara/Content/Modules/Spawn/Initialization/InitializeParticle.uasset" 3765
"../../Plugins/FX/Niagara/Content/Modules/Spawn/Location/V2/SphereLocation.uasset" 3766
"../../Plugins/FX/Niagara/Content/Functions/V2/CalculateRandomPointInSphere.uasset" 3767
"../../Plugins/FX/Niagara/Content/Modules/Spawn/Velocity/AddVelocityInCone.uasset" 3768
"../../Plugins/FX/Niagara/Content/Functions/Math/RemapValueRange.uasset" 3769
"../../Plugins/FX/Niagara/Content/Functions/RandomVectorInCone.uasset" 3770
"../../Plugins/FX/Niagara/Content/Modules/Update/Forces/CurlNoiseForce.uasset" 3771
"../../Plugins/FX/Niagara/Content/Functions/Masks/ConeMask.uasset" 3772
"../../Plugins/FX/NiagaraFluids/Content/Modules/Particles/Fluids_Gas_Source.uasset" 3773
"../../Plugins/FX/Niagara/Content/DynamicInputs/Angles/Sine.uasset" 3774
"../../Plugins/FX/Niagara/Content/DynamicInputs/Lerp/Lerp_Float.uasset" 3775
"C:/Users/Jacob/AppData/Local/UnrealEngine/Common/DerivedDataCache/Buckets/LegacyNiagaraScriptDerivedData/86/c1/70e681d75c888fa3a49495a55c8031c4e4c0.udd" 3776
"C:/Users/Jacob/AppData/Local/UnrealEngine/Common/DerivedDataCache/Buckets/LegacyNiagaraScriptDerivedData/e7/e7/44d01dbb4a2842137e9ec9fc52f14bd65f62.udd" 3777
"C:/Users/Jacob/AppData/Local/UnrealEngine/Common/DerivedDataCache/Buckets/LegacyNiagaraScriptDerivedData/8e/db/fce0678524abe8f12b85d67113bdbe4b146c.udd" 3778
"C:/Users/Jacob/AppData/Local/UnrealEngine/Common/DerivedDataCache/Buckets/LegacyNiagaraScriptDerivedData/b5/72/2ab7946395a2785d24a4fcbca9f15a7130ad.udd" 3779
"C:/Users/Jacob/AppData/Local/UnrealEngine/Common/DerivedDataCache/Buckets/LegacyNiagaraScriptDerivedData/d7/38/48bfec2147d7d0cab3844ac8501282ab0cec.udd" 3780
"C:/Users/Jacob/AppData/Local/UnrealEngine/Common/DerivedDataCache/Buckets/LegacyNiagaraScriptDerivedData/32/52/f9941261fbe78d1daf7901237c99a8086897.udd" 3781
"C:/Users/Jacob/AppData/Local/UnrealEngine/Common/DerivedDataCache/Buckets/LegacyNiagaraScriptDerivedData/32/6a/74e91d5aba527fe21c0f9f7263c25568f489.udd" 3782
"C:/Users/Jacob/AppData/Local/UnrealEngine/Common/DerivedDataCache/Buckets/LegacyNiagaraScriptDerivedData/4e/de/06b2506c774fc5cd2b71d61de7d976e902ac.udd" 3783
"C:/Users/Jacob/AppData/Local/UnrealEngine/Common/DerivedDataCache/Buckets/LegacyNiagaraScriptDerivedData/06/4e/daf38a8a1c645f7944654001a2ab9f9e9698.udd" 3784
"C:/Users/Jacob/AppData/Local/UnrealEngine/Common/DerivedDataCache/Buckets/LegacyNiagaraScriptDerivedData/56/26/7fa3ca99705fd339b7ff01eb3e54d1b909af.udd" 3785
"C:/Users/Jacob/AppData/Local/UnrealEngine/Common/DerivedDataCache/Buckets/LegacyNiagaraScriptDerivedData/0b/07/187f928172bce00e579393328882acc22b17.udd" 3786
"C:/Users/Jacob/AppData/Local/UnrealEngine/Common/DerivedDataCache/Buckets/LegacyNiagaraScriptDerivedData/0a/ba/e5af719264b254708ef3b8b36ade12bce948.udd" 3787
"C:/Users/Jacob/AppData/Local/UnrealEngine/Common/DerivedDataCache/Buckets/LegacyNiagaraScriptDerivedData/dd/6c/9f82e8f23ed46772d5d884a0f88ff5171f38.udd" 3788
"C:/Users/Jacob/AppData/Local/UnrealEngine/Common/DerivedDataCache/Buckets/LegacyNiagaraScriptDerivedData/dc/17/5bcc4f2bddaabe84e7310f27e9addad59d2f.udd" 3789
"C:/Users/Jacob/AppData/Local/UnrealEngine/Common/DerivedDataCache/Buckets/LegacyNiagaraScriptDerivedData/13/ce/c79f1647f6dae0c8ee220ef2b2dac465244d.udd" 3790
"C:/Users/Jacob/AppData/Local/UnrealEngine/Common/DerivedDataCache/Buckets/LegacyNiagaraScriptDerivedData/09/f8/c72eccfcc6d8996a009bca6453c02d86c728.udd" 3791
"C:/Users/Jacob/AppData/Local/UnrealEngine/Common/DerivedDataCache/Buckets/LegacyNiagaraScriptDerivedData/2d/2d/9903061e39ff33be2fb545969339be71bd39.udd" 3792
"C:/Users/Jacob/AppData/Local/UnrealEngine/Common/DerivedDataCache/Buckets/LegacyNiagaraScriptDerivedData/39/1b/b961dbd3c80772970ef0fa28b11b532218c4.udd" 3793
"C:/Users/Jacob/Documents/Unreal Projects/ConCat/Content/Construction/Tech/Blueprints/DestructibleGeometry/PrototypePillar/BP_ProtoypePIllar_Wood.uasset" 3794
"../../Plugins/FX/Niagara/Content/DynamicInputs/Transforms/ConvertPositionToVector.uasset" 3795
"../../Plugins/FX/Niagara/Content/Enums/Transforms/ENiagara_LWCConvertPosToVec.uasset" 3796
"../../Plugins/FX/NiagaraFluids/Content/Functions/General/ComputeOwnerMotion.uasset" 3797
"../../Plugins/FX/NiagaraFluids/Content/Modules/Grid2D/Grid2D_OwnerMotionForce.uasset" 3798
"../../Plugins/FX/NiagaraFluids/Content/Modules/Grid2D/Grid2D_ResampleFromOwnerMotion.uasset" 3799
"C:/Users/Jacob/AppData/Local/UnrealEngine/Common/DerivedDataCache/Buckets/LegacyNiagaraScriptDerivedData/9f/88/030e40015bd205da3d1e973a748485ba8dff.udd" 3800
"C:/Users/Jacob/AppData/Local/UnrealEngine/Common/DerivedDataCache/Buckets/LegacyNiagaraScriptDerivedData/41/9c/9b48b95738dac549254ade02623de219e67c.udd" 3801
"C:/Users/Jacob/AppData/Local/UnrealEngine/Common/DerivedDataCache/Buckets/LegacyNiagaraScriptDerivedData/c5/f9/7492052b616283744773edb0aac0a0cb2743.udd" 3802
"C:/Users/Jacob/AppData/Local/UnrealEngine/Common/DerivedDataCache/Buckets/LegacyNiagaraScriptDerivedData/99/bc/ad422afee9aa7564c351d013c4d724062280.udd" 3803
"C:/Users/Jacob/AppData/Local/UnrealEngine/Common/DerivedDataCache/Buckets/LegacyNiagaraScriptDerivedData/44/06/f52c1329ed8fb4cd627b45464f99a9411516.udd" 3804
"C:/Users/Jacob/AppData/Local/UnrealEngine/Common/DerivedDataCache/Buckets/LegacyNiagaraScriptDerivedData/a0/15/35dfd27bdfa32fbe7514005f7b0c08a55c34.udd" 3805
"C:/Users/Jacob/AppData/Local/UnrealEngine/Common/DerivedDataCache/Buckets/LegacyNiagaraScriptDerivedData/5a/32/ca46e60802d562a179dc99ab5da1026815c5.udd" 3806
"C:/Users/Jacob/AppData/Local/UnrealEngine/Common/DerivedDataCache/Buckets/LegacyNiagaraScriptDerivedData/b5/20/9314bfc8b8502af09d7b94a87f05d8a33037.udd" 3807
"C:/Users/Jacob/AppData/Local/UnrealEngine/Common/DerivedDataCache/Buckets/LegacyNiagaraScriptDerivedData/c6/46/8ef751790d9765e8a245c21cda65c50f96bf.udd" 3808
"C:/Users/Jacob/AppData/Local/UnrealEngine/Common/DerivedDataCache/Buckets/LegacyNiagaraScriptDerivedData/aa/ee/8d1ced59641ba8cc68babae3ac743d01758c.udd" 3809
"C:/Users/Jacob/AppData/Local/UnrealEngine/Common/DerivedDataCache/Buckets/LegacyNiagaraScriptDerivedData/8a/5f/1ec9270c28e8aa81ab2127193a6034a66525.udd" 3810
"C:/Users/Jacob/AppData/Local/UnrealEngine/Common/DerivedDataCache/Buckets/LegacyNiagaraScriptDerivedData/bd/31/ba9ca7121142ec9003b2e0a44b4ace048853.udd" 3811
"C:/Users/Jacob/AppData/Local/UnrealEngine/Common/DerivedDataCache/Buckets/LegacyNiagaraScriptDerivedData/ee/ff/38f69405275326756d611d375d92995c2a4a.udd" 3812
"C:/Users/Jacob/AppData/Local/UnrealEngine/Common/DerivedDataCache/Buckets/LegacyNiagaraScriptDerivedData/d8/d7/e8382971e0687d501f1de41de7ef19d75545.udd" 3813
"C:/Users/Jacob/AppData/Local/UnrealEngine/Common/DerivedDataCache/Buckets/LegacyNiagaraScriptDerivedData/dd/83/dca0d99259c802f77b1441760be466b4c5cd.udd" 3814
"C:/Users/Jacob/AppData/Local/UnrealEngine/Common/DerivedDataCache/Buckets/LegacyNiagaraScriptDerivedData/2d/2d/4c98b01d08965a407aeb01b9eaad19e493d9.udd" 3815
"C:/Users/Jacob/AppData/Local/UnrealEngine/Common/DerivedDataCache/Buckets/LegacyNiagaraScriptDerivedData/74/2c/9e6b41ec0f2a6fa2a1d3f2667d3f81c16464.udd" 3816
"C:/Users/Jacob/Documents/Unreal Projects/ConCat/Content/Construction/Tech/Blueprints/DestructibleGeometry/PrototypePillar/BP_ProtoypePIllar_Stone.uasset" 3817
"C:/Users/Jacob/Documents/Unreal Projects/ConCat/Content/Construction/Tech/Blueprints/DestructibleGeometry/PrototypePillar/BP_ProtoypePIllar_Metal.uasset" 3818
"C:/Users/Jacob/Documents/Unreal Projects/ConCat/Content/Construction/Design/Blueprints/BP_ThirdPersonWallVis.uasset" 3819
"C:/Users/Jacob/AppData/Local/UnrealEngine/Common/DerivedDataCache/Buckets/LegacyNIAGARASM/9e/ce/f01fff1a393feb3fa278f80ebcfbe76b2b28.udd" 3820
"C:/Users/Jacob/AppData/Local/UnrealEngine/Common/DerivedDataCache/Buckets/LegacyNIAGARASM/a0/b1/f91e51c5f3d8b3908bcdbeb4d50307eff5d4.udd" 3821
"C:/Users/Jacob/AppData/Local/UnrealEngine/Common/DerivedDataCache/Buckets/LegacyNIAGARASM/f0/64/d1612ccf03817f59b9aa5493ba21cd6d0cfa.udd" 3822
"C:/Users/Jacob/AppData/Local/UnrealEngine/Common/DerivedDataCache/Buckets/LegacyNIAGARASM/47/f6/a8ed189687c4ba7cb1ff3ecbbed2e135b3cd.udd" 3823
"C:/Users/Jacob/AppData/Local/UnrealEngine/Common/DerivedDataCache/Buckets/LegacyNIAGARASM/32/99/157bd1df146b14d10ca409963fa2824078bd.udd" 3824
"C:/Users/Jacob/AppData/Local/UnrealEngine/Common/DerivedDataCache/Buckets/LegacyNIAGARASM/55/f4/6ebce84ebb7bdfcdfdbdb44b1cea82b576f2.udd" 3825
"C:/Users/Jacob/AppData/Local/UnrealEngine/Common/DerivedDataCache/Buckets/LegacyNIAGARASM/88/69/19db9be6f8889f36f522e43c345a982adff5.udd" 3826
"C:/Users/Jacob/AppData/Local/UnrealEngine/Common/DerivedDataCache/Buckets/LegacyNIAGARASM/c0/84/c66918ac03db2f7d00319d9b6196102ef625.udd" 3827
"C:/Users/Jacob/AppData/Local/UnrealEngine/Common/DerivedDataCache/Buckets/LegacyNIAGARASM/38/d1/14787df2e010abe795ca11b49884643516e6.udd" 3828
"C:/Users/Jacob/AppData/Local/UnrealEngine/Common/DerivedDataCache/Buckets/LegacyNIAGARASM/7c/34/97423090a8fa147106e0abded507d2b519c9.udd" 3829
"C:/Users/Jacob/Documents/Unreal Projects/ConCat/Content/Construction/Tech/Blueprints/UI/Customisation/WBP_CustomisationPlayer.uasset" 3830
"C:/Users/Jacob/Documents/Unreal Projects/ConCat/Content/Characters/Mannequin_UE4/Rigs/RTG_UE5Manny_UE4Manny.uasset" 3831
"C:/Users/Jacob/Documents/Unreal Projects/ConCat/Content/Characters/Mannequin_UE4/Rigs/RTG_UE4Manny_UE5Manny.uasset" 3832
"C:/Users/Jacob/Documents/Unreal Projects/ConCat/Content/Characters/Mannequins/Rigs/RTG_Mannequin.uasset" 3833
"../../../Engine/Content/EngineSounds/Submixes/MasterEQSubmixDefault.uasset" 3834
"../../../Engine/Content/EngineSounds/Submixes/MasterReverbSubmixDefault.uasset" 3835
"../../../Engine/Content/EngineSounds/Submixes/MasterSubmixDefault.uasset" 3836
"C:/Users/Jacob/Documents/Unreal Projects/ConCat/Content/Construction/Tech/Blueprints/UI/MenuPlayerController.uasset" 3837
"C:/Users/Jacob/Documents/Unreal Projects/ConCat/Content/Construction/Tech/Blueprints/UI/Customisation/OLDWBP_Customisation.uasset" 3838
"C:/Users/Jacob/Documents/Unreal Projects/ConCat/Content/Construction/Tech/Blueprints/UI/Customisation/WBP_Customisation.uasset" 3839
"C:/Users/Jacob/Documents/Unreal Projects/ConCat/Content/Construction/Tech/Blueprints/UI/Customisation/W_CharacterSelect.uasset" 3840
"C:/Users/Jacob/Documents/Unreal Projects/ConCat/Content/Construction/Tech/Blueprints/UI/Customisation/WBP_GameSettings.uasset" 3841
"C:/Users/Jacob/Documents/Unreal Projects/ConCat/Content/Construction/Tech/Blueprints/UI/W_MainMenu.uasset" 3842
"C:/Users/Jacob/Documents/Unreal Projects/ConCat/Content/Construction/Tech/Blueprints/Gamemodes/GM_MainMenu.uasset" 3843
"C:/Users/Jacob/AppData/Local/UnrealEngine/Common/DerivedDataCache/Buckets/LegacySKELETALMESH/67/2a/1cb29443011caaadf335cb10e822e1f79333.udd" 3844
"C:/Users/Jacob/AppData/Local/UnrealEngine/Common/DerivedDataCache/Content/45/73/ba686e145bf22473a22c597e12c77468a225.udd" 3845
"C:/Users/Jacob/AppData/Local/UnrealEngine/Common/DerivedDataCache/Buckets/LegacySKELETALMESH/09/a9/9b7797ba5bd5b29fefdd1f60b050a9ff13ea.udd" 3846
"C:/Users/Jacob/AppData/Local/UnrealEngine/Common/DerivedDataCache/Content/22/f9/14875756f487da43496ce4a4b830e8903821.udd" 3847
"C:/Users/Jacob/AppData/Local/UnrealEngine/Common/DerivedDataCache/Buckets/LegacyTEXTURE/5a/56/251d589d34a410c4415c3bb9a4118a444c53.udd" 3848
"C:/Users/Jacob/AppData/Local/UnrealEngine/Common/DerivedDataCache/Buckets/LegacyTEXTURE/e1/cb/56ac4143ecd69943bbb8d42b2ab1594371fe.udd" 3849
"C:/Users/Jacob/Documents/Unreal Projects/ConCat/Content/Construction/Tech/Blueprints/WeaponSystem/WeaponBlueprints/BP_FireExtinguisher.uasset" 3850
"C:/Users/Jacob/Documents/Unreal Projects/ConCat/Content/Construction/Tech/Blueprints/WeaponSystem/WeaponBlueprints/BP_FlexTape.uasset" 3851
"C:/Users/Jacob/Documents/Unreal Projects/ConCat/Content/Construction/Tech/Blueprints/WeaponSystem/WeaponBlueprints/BP_Sledgehammer.uasset" 3852
"C:/Users/Jacob/Documents/Unreal Projects/ConCat/Content/Construction/Tech/Blueprints/WeaponSystem/WeaponBlueprints/BP_SmallHammer.uasset" 3853
"C:/Users/Jacob/Documents/Unreal Projects/ConCat/Content/Construction/Tech/Blueprints/WeaponSystem/WeaponValues/ToolValues.uasset" 3854
"C:/Users/Jacob/Documents/Unreal Projects/ConCat/Content/Construction/Tech/Blueprints/Characters/ActionPhase-Characters/CameraCharacter.uasset" 3855
"C:/Users/Jacob/Documents/Unreal Projects/ConCat/Content/Construction/Tech/Blueprints/Characters/CameraCharacter.uasset" 3856
"C:/Users/Jacob/Documents/Unreal Projects/ConCat/Content/Construction/Tech/Blueprints/Characters/ActionPhase-Characters/CustomCharacter.uasset" 3857
"C:/Users/Jacob/Documents/Unreal Projects/ConCat/Content/Construction/Tech/Blueprints/SpawnSys/BP_SpawnPoint.uasset" 3858
"C:/Users/Jacob/Documents/Unreal Projects/ConCat/Content/Construction/Tech/Blueprints/Interfaces/BPI_Damage.uasset" 3859
"C:/Users/Jacob/Documents/Unreal Projects/ConCat/Content/Construction/Tech/Blueprints/Interfaces/BPI_Interact.uasset" 3860
"C:/Users/Jacob/Documents/Unreal Projects/ConCat/Content/Construction/Tech/Blueprints/WeaponSystem/WeaponBlueprints/BP_Weapon_Master.uasset" 3861
"C:/Users/Jacob/Documents/Unreal Projects/ConCat/Content/Construction/Tech/Blueprints/Characters/CustomCharacter.uasset" 3862
"C:/Users/Jacob/Documents/Unreal Projects/ConCat/Content/Construction/Tech/Blueprints/Interactable/BP_BaseInteract.uasset" 3863
"C:/Users/Jacob/Documents/Unreal Projects/ConCat/Content/__ExternalActors__/ThirdPerson/Maps/ThirdPersonMap/0/FG/C9C8NKPQ680JETAE5ROTT1.uasset" 3864
"C:/Users/Jacob/Documents/Unreal Projects/ConCat/Content/__ExternalActors__/ThirdPerson/Maps/ThirdPersonMap/1/AZ/A7GPT109Y6ZTTJD4A7TXER.uasset" 3865
"C:/Users/Jacob/Documents/Unreal Projects/ConCat/Content/__ExternalActors__/ThirdPerson/Maps/ThirdPersonMap/1/HL/XWFFRCIJ8QK4NRO30ALA6J.uasset" 3866
"C:/Users/Jacob/Documents/Unreal Projects/ConCat/Content/__ExternalActors__/ThirdPerson/Maps/ThirdPersonMap/1/WU/NB37RT5Q32Z8MJWD8BD2SO.uasset" 3867
"C:/Users/Jacob/Documents/Unreal Projects/ConCat/Content/__ExternalActors__/ThirdPerson/Maps/ThirdPersonMap/3/EY/87SHEJN5UBEAN2K5OV1G6R.uasset" 3868
"C:/Users/Jacob/Documents/Unreal Projects/ConCat/Content/__ExternalActors__/ThirdPerson/Maps/ThirdPersonMap/3/M3/7JQC72ZY37QM4IT43WD5CW.uasset" 3869
"C:/Users/Jacob/Documents/Unreal Projects/ConCat/Content/__ExternalActors__/ThirdPerson/Maps/ThirdPersonMap/3/P3/O43ETCZTFMLWWH1CJ941H2.uasset" 3870
"C:/Users/Jacob/Documents/Unreal Projects/ConCat/Content/__ExternalActors__/ThirdPerson/Maps/ThirdPersonMap/4/60/5PI42YRDC8HSSG6BVV2GRR.uasset" 3871
"C:/Users/Jacob/Documents/Unreal Projects/ConCat/Content/__ExternalActors__/ThirdPerson/Maps/ThirdPersonMap/4/LN/30UBDLYFFA5ZR7U4W4L4GG.uasset" 3872
"C:/Users/Jacob/Documents/Unreal Projects/ConCat/Content/__ExternalActors__/ThirdPerson/Maps/ThirdPersonMap/4/PN/2QISIGK5DJNQ05US8O8FXW.uasset" 3873
"C:/Users/Jacob/Documents/Unreal Projects/ConCat/Content/__ExternalActors__/ThirdPerson/Maps/ThirdPersonMap/5/11/IM858T68EBXCBX1T2FNR96.uasset" 3874
"C:/Users/Jacob/Documents/Unreal Projects/ConCat/Content/__ExternalActors__/ThirdPerson/Maps/ThirdPersonMap/5/7E/BEYC27T14FHBU6LF2F60RR.uasset" 3875
"C:/Users/Jacob/Documents/Unreal Projects/ConCat/Content/__ExternalActors__/ThirdPerson/Maps/ThirdPersonMap/5/9Q/U98KGKQ41NJYFOGFQM8ZDY.uasset" 3876
"C:/Users/Jacob/Documents/Unreal Projects/ConCat/Content/__ExternalActors__/ThirdPerson/Maps/ThirdPersonMap/5/QO/CO9MG7REJF8N8AQFYRCI06.uasset" 3877
"C:/Users/Jacob/Documents/Unreal Projects/ConCat/Content/__ExternalActors__/ThirdPerson/Maps/ThirdPersonMap/5/R1/TS5OQ5CRUWFZYL1ZQ7I416.uasset" 3878
"C:/Users/Jacob/Documents/Unreal Projects/ConCat/Content/__ExternalActors__/ThirdPerson/Maps/ThirdPersonMap/6/CZ/K2YM0JIRZ78IHGM8W2QBAF.uasset" 3879
"C:/Users/Jacob/Documents/Unreal Projects/ConCat/Content/__ExternalActors__/ThirdPerson/Maps/ThirdPersonMap/6/HF/9H7TKAXH9DD8KI3TIXGI2I.uasset" 3880
"C:/Users/Jacob/Documents/Unreal Projects/ConCat/Content/__ExternalActors__/ThirdPerson/Maps/ThirdPersonMap/6/IR/OTJMGDDXDV5TI7982YKZ5P.uasset" 3881
"C:/Users/Jacob/Documents/Unreal Projects/ConCat/Content/__ExternalActors__/ThirdPerson/Maps/ThirdPersonMap/6/J7/N10XDC9G27EMLS5AGZ6AVV.uasset" 3882
"C:/Users/Jacob/Documents/Unreal Projects/ConCat/Content/__ExternalActors__/ThirdPerson/Maps/ThirdPersonMap/6/NC/UUYHDUFQAXTRRN4RVOPIUF.uasset" 3883
"C:/Users/Jacob/Documents/Unreal Projects/ConCat/Content/__ExternalActors__/ThirdPerson/Maps/ThirdPersonMap/6/XB/9VVR39MG0K7W5GQIEFE7SO.uasset" 3884
"C:/Users/Jacob/Documents/Unreal Projects/ConCat/Content/__ExternalActors__/ThirdPerson/Maps/ThirdPersonMap/6/YO/NG2R9BPZVA7ZDN0Z4VSTG6.uasset" 3885
"C:/Users/Jacob/Documents/Unreal Projects/ConCat/Content/__ExternalActors__/ThirdPerson/Maps/ThirdPersonMap/8/3J/6B9RJI3FDPCETRKXUXCQ4C.uasset" 3886
"C:/Users/Jacob/Documents/Unreal Projects/ConCat/Content/__ExternalActors__/ThirdPerson/Maps/ThirdPersonMap/8/S1/DXUWD12MD3HRWVVXX076BY.uasset" 3887
"C:/Users/Jacob/Documents/Unreal Projects/ConCat/Content/__ExternalActors__/ThirdPerson/Maps/ThirdPersonMap/9/U7/H8YL2PPHZPBTI74SUD0RNL.uasset" 3888
"C:/Users/Jacob/Documents/Unreal Projects/ConCat/Content/__ExternalActors__/ThirdPerson/Maps/ThirdPersonMap/A/16/Q7Y1URWWFS0TXGWUTO3S61.uasset" 3889
"C:/Users/Jacob/Documents/Unreal Projects/ConCat/Content/__ExternalActors__/ThirdPerson/Maps/ThirdPersonMap/A/17/6LXV4Y6DE3LUT705XNU4DZ.uasset" 3890
"C:/Users/Jacob/Documents/Unreal Projects/ConCat/Content/__ExternalActors__/ThirdPerson/Maps/ThirdPersonMap/A/MS/MRHJREJ6H7USQYWF1KO8F6.uasset" 3891
"C:/Users/Jacob/Documents/Unreal Projects/ConCat/Content/__ExternalActors__/ThirdPerson/Maps/ThirdPersonMap/B/4D/BBOCKSZY1GVHTFRX0PR0O8.uasset" 3892
"C:/Users/Jacob/Documents/Unreal Projects/ConCat/Content/__ExternalActors__/ThirdPerson/Maps/ThirdPersonMap/B/8K/1IKKDYS7RULH8FRYRPPF04.uasset" 3893
"C:/Users/Jacob/Documents/Unreal Projects/ConCat/Content/__ExternalActors__/ThirdPerson/Maps/ThirdPersonMap/B/EA/9BWDWCNL7OZT2HTML9LK1Y.uasset" 3894
"C:/Users/Jacob/Documents/Unreal Projects/ConCat/Content/__ExternalActors__/ThirdPerson/Maps/ThirdPersonMap/B/FB/8RB55FM1HBEUVO4IOQC4YN.uasset" 3895
"C:/Users/Jacob/Documents/Unreal Projects/ConCat/Content/__ExternalActors__/ThirdPerson/Maps/ThirdPersonMap/C/QF/BY1DA5CRGQSAMOTK8RA8KR.uasset" 3896
"C:/Users/Jacob/Documents/Unreal Projects/ConCat/Content/__ExternalActors__/ThirdPerson/Maps/ThirdPersonMap/C/YT/CQR16QFDKKEYP53M51TV4F.uasset" 3897
"C:/Users/Jacob/Documents/Unreal Projects/ConCat/Content/__ExternalActors__/ThirdPerson/Maps/ThirdPersonMap/D/0G/JNKFA4X9LRMSF343ESPF6Q.uasset" 3898
"C:/Users/Jacob/Documents/Unreal Projects/ConCat/Content/__ExternalActors__/ThirdPerson/Maps/ThirdPersonMap/D/3V/NMHOKL5LGQDOAAG00FUMZR.uasset" 3899
"C:/Users/Jacob/Documents/Unreal Projects/ConCat/Content/__ExternalActors__/ThirdPerson/Maps/ThirdPersonMap/D/DE/SWSI13675DVYIZ0N4NF7Y3.uasset" 3900
"C:/Users/Jacob/Documents/Unreal Projects/ConCat/Content/__ExternalActors__/ThirdPerson/Maps/ThirdPersonMap/E/8O/GK06JAEJ82TQ0GA2QB0DJG.uasset" 3901
"../../../Engine/Content/EditorResources/EmptyActor.uasset" 3902
"C:/Users/Jacob/Documents/Unreal Projects/ConCat/Content/Construction/Tech/Blueprints/WeaponSystem/WeaponBlueprints/Pickups/BP_ToolShelfMaster.uasset" 3903
"C:/Users/Jacob/Documents/Unreal Projects/ConCat/Content/Construction/Tech/Blueprints/WeaponSystem/WeaponBlueprints/BP_FireExtinguisherProj.uasset" 3904
"C:/Users/Jacob/Documents/Unreal Projects/ConCat/Content/Construction/Tech/Blueprints/Characters/BuildPhase-Characters/Custom_Controller.uasset" 3905
"C:/Users/Jacob/Documents/Unreal Projects/ConCat/Content/Construction/Tech/Blueprints/DestructibleGeometry/DestructibleActors/BP_MasterDestructible.uasset" 3906
"C:/Users/Jacob/Documents/Unreal Projects/ConCat/Content/Construction/Tech/Blueprints/Gamemodes/GM_ConCat.uasset" 3907
"C:/Users/Jacob/Documents/Unreal Projects/ConCat/Content/Construction/Tech/Blueprints/Disasters/Earthquake/BP_Earthquake.uasset" 3908
"C:/Users/Jacob/Documents/Unreal Projects/ConCat/Content/Construction/Tech/Blueprints/Disasters/Hurricane/BP_Hurricane_Spawn.uasset" 3909
"C:/Users/Jacob/Documents/Unreal Projects/ConCat/Content/Construction/Tech/Blueprints/Disasters/Hurricane/BP_Cloud.uasset" 3910
"C:/Users/Jacob/Documents/Unreal Projects/ConCat/Content/Construction/Tech/Blueprints/Disasters/Hurricane/BP_Cow_Hurricane.uasset" 3911
"C:/Users/Jacob/Documents/Unreal Projects/ConCat/Content/Construction/Tech/Blueprints/Disasters/Hurricane/BP_Wind.uasset" 3912
"C:/Users/Jacob/Documents/Unreal Projects/ConCat/Content/Construction/Tech/Blueprints/Gamemodes/BP_BuildManager.uasset" 3913
"C:/Users/Jacob/Documents/Unreal Projects/ConCat/Content/Construction/Tech/Blueprints/UI/HUD_Main_BuildPhase.uasset" 3914
"C:/Users/Jacob/Documents/Unreal Projects/ConCat/Content/Construction/Tech/Blueprints/UI/W_BuildTimer.uasset" 3915
"C:/Users/Jacob/Documents/Unreal Projects/ConCat/Content/Construction/Tech/Blueprints/UI/W_BuildTypes.uasset" 3916
"C:/Users/Jacob/Documents/Unreal Projects/ConCat/Content/Construction/Tech/Blueprints/GridSys/BP_Corner.uasset" 3917
"C:/Users/Jacob/Documents/Unreal Projects/ConCat/Content/Construction/Tech/Blueprints/GridSys/BP_PlaceableBaseAsset.uasset" 3918
"C:/Users/Jacob/Documents/Unreal Projects/ConCat/Content/Construction/Tech/Blueprints/GridSys/BP_DoubleWall.uasset" 3919
"C:/Users/Jacob/Documents/Unreal Projects/ConCat/Content/Construction/Tech/Blueprints/GridSys/BP_Empty.uasset" 3920
"C:/Users/Jacob/Documents/Unreal Projects/ConCat/Content/Construction/Tech/Blueprints/GridSys/BP_SingleWall.uasset" 3921
"C:/Users/Jacob/Documents/Unreal Projects/ConCat/Content/Construction/Tech/Blueprints/GridSys/BP_Stairs.uasset" 3922
"C:/Users/Jacob/Documents/Unreal Projects/ConCat/Content/Construction/Tech/Blueprints/GridSys/CP_PloppableComponent.uasset" 3923
"C:/Users/Jacob/Documents/Unreal Projects/ConCat/Content/Construction/Tech/Blueprints/UI/W_BuildTutorial.uasset" 3924
"C:/Users/Jacob/Documents/Unreal Projects/ConCat/Content/Construction/Tech/Blueprints/Disasters/MeteorShower/MeteorShowerPrototype.uasset" 3925
"C:/Users/Jacob/Documents/Unreal Projects/ConCat/Content/Construction/Tech/Blueprints/Disasters/MeteorShower/BP_GertrudeMeteor.uasset" 3926
"C:/Users/Jacob/Documents/Unreal Projects/ConCat/Content/Construction/Tech/Blueprints/Disasters/MeteorShower/BP_MeteorV3.uasset" 3927
"C:/Users/Jacob/Documents/Unreal Projects/ConCat/Content/Construction/Tech/Blueprints/Disasters/MeteorShower/BP_MeteorV2.uasset" 3928
"C:/Users/Jacob/Documents/Unreal Projects/ConCat/Content/Construction/Tech/Blueprints/Disasters/Tsunami/Tsunami_Spawner_USE_THIS.uasset" 3929
"C:/Users/Jacob/Documents/Unreal Projects/ConCat/Content/Construction/Tech/Blueprints/Disasters/Tsunami/BP_Fill_Up.uasset" 3930
"C:/Users/Jacob/Documents/Unreal Projects/ConCat/Content/Construction/Tech/Blueprints/Disasters/Tsunami/Tsunami_Large_Left.uasset" 3931
"C:/Users/Jacob/Documents/Unreal Projects/ConCat/Content/Construction/Tech/Blueprints/UI/HUD_Main_ActionPhase.uasset" 3932
"C:/Users/Jacob/Documents/Unreal Projects/ConCat/Content/Construction/Tech/Blueprints/Characters/ActionPhase-Characters/OLD-ActionCustomController.uasset" 3933
"C:/Users/Jacob/Documents/Unreal Projects/ConCat/Content/Construction/Tech/Blueprints/UI/MyHUD.uasset" 3934
"C:/Users/Jacob/Documents/Unreal Projects/ConCat/Content/Construction/Tech/Blueprints/Disasters/Tsunami/Tsunami_Small_NOT_USED.uasset" 3935
"C:/Users/Jacob/Documents/Unreal Projects/ConCat/Content/Construction/Tech/Blueprints/Disasters/Earthquake/GertrudeRun.uasset" 3936
"C:/Users/Jacob/Documents/Unreal Projects/ConCat/Content/Construction/Tech/Blueprints/WeaponSystem/WeaponBlueprints/Pickups/BP_SledgehammerBench.uasset" 3937
"C:/Users/Jacob/Documents/Unreal Projects/ConCat/Content/Construction/Tech/Blueprints/WeaponSystem/WeaponBlueprints/Pickups/BP_SmallHammerBench.uasset" 3938
"C:/Users/Jacob/Documents/Unreal Projects/ConCat/Content/Construction/Tech/Blueprints/Disasters/Tsunami/Tsnami.uasset" 3939
"C:/Users/Jacob/Documents/Unreal Projects/ConCat/Content/Construction/Tech/Blueprints/WeaponSystem/WeaponBlueprints/Pickups/BP_TapeBench.uasset" 3940
"C:/Users/Jacob/Documents/Unreal Projects/ConCat/Content/Construction/Tech/Blueprints/DestructibleGeometry/DestructibleActors/Temp/BP_TempStairs.uasset" 3941
"C:/Users/Jacob/Documents/Unreal Projects/ConCat/Content/Construction/Tech/Blueprints/DestructibleGeometry/DestructibleActors/Temp/BP_TempCorner.uasset" 3942
"C:/Users/Jacob/Documents/Unreal Projects/ConCat/Content/Construction/Tech/Blueprints/WeaponSystem/WeaponBlueprints/BP_ToolShelfMaster.uasset" 3943
"C:/Users/Jacob/Documents/Unreal Projects/ConCat/Content/Construction/Tech/Blueprints/Disasters/BP_TestLauncher.uasset" 3944
"C:/Users/Jacob/Documents/Unreal Projects/ConCat/Content/Construction/Tech/Blueprints/DestructibleGeometry/DestructibleActors/Temp/BP_TempWall.uasset" 3945
"C:/Users/Jacob/Documents/Unreal Projects/ConCat/Content/Construction/Tech/Blueprints/DestructibleGeometry/DestructibleActors/Temp/BP_TempDoubleWall.uasset" 3946
"C:/Users/Jacob/Documents/Unreal Projects/ConCat/Content/Construction/Tech/Blueprints/DestructibleGeometry/DestructibleActors/ModularH/BP_ModH4d.uasset" 3947
"C:/Users/Jacob/Documents/Unreal Projects/ConCat/Content/Construction/Tech/Blueprints/DestructibleGeometry/DestructibleActors/ModularH/BP_ModH4c.uasset" 3948
"C:/Users/Jacob/Documents/Unreal Projects/ConCat/Content/Construction/Tech/Blueprints/DestructibleGeometry/DestructibleActors/ModularH/BP_ModH4b.uasset" 3949
"C:/Users/Jacob/Documents/Unreal Projects/ConCat/Content/Construction/Tech/Blueprints/DestructibleGeometry/DestructibleActors/ModularH/BP_ModH4a.uasset" 3950
"C:/Users/Jacob/Documents/Unreal Projects/ConCat/Content/Construction/Tech/Blueprints/DestructibleGeometry/DestructibleActors/ModularH/BP_ModH3c.uasset" 3951
"C:/Users/Jacob/Documents/Unreal Projects/ConCat/Content/Construction/Tech/Blueprints/DestructibleGeometry/DestructibleActors/ModularH/BP_ModH3b.uasset" 3952
"C:/Users/Jacob/Documents/Unreal Projects/ConCat/Content/Construction/Tech/Blueprints/DestructibleGeometry/DestructibleActors/ModularH/BP_ModH3a.uasset" 3953
"C:/Users/Jacob/Documents/Unreal Projects/ConCat/Content/Construction/Tech/Blueprints/DestructibleGeometry/DestructibleActors/ModularH/BP_ModH2c.uasset" 3954
"C:/Users/Jacob/Documents/Unreal Projects/ConCat/Content/Construction/Tech/Blueprints/DestructibleGeometry/DestructibleActors/ModularH/BP_ModH2a.uasset" 3955
"C:/Users/Jacob/Documents/Unreal Projects/ConCat/Content/Construction/Tech/Blueprints/DestructibleGeometry/DestructibleActors/ModularH/BP_ModH1.uasset" 3956
"C:/Users/Jacob/Documents/Unreal Projects/ConCat/Content/Construction/Tech/Blueprints/DestructibleGeometry/DestructibleActors/ModularH/BP_ModH2b.uasset" 3957
"C:/Users/Jacob/Documents/Unreal Projects/ConCat/Content/Construction/Tech/Blueprints/DestructibleGeometry/DestructibleActors/BP_ModH5b.uasset" 3958
"C:/Users/Jacob/Documents/Unreal Projects/ConCat/Content/Construction/Tech/Blueprints/DestructibleGeometry/DestructibleActors/BP_ModH5a.uasset" 3959
"C:/Users/Jacob/Documents/Unreal Projects/ConCat/Content/Construction/Tech/Blueprints/DestructibleGeometry/DestructibleActors/BP_CORN.uasset" 3960
"C:/Users/Jacob/Documents/Unreal Projects/ConCat/Content/Construction/Tech/Blueprints/DestructibleGeometry/BP_TestStructure.uasset" 3961
"C:/Users/Jacob/Documents/Unreal Projects/ConCat/Content/Construction/Tech/Blueprints/Disasters/Tsunami/Tsunami_Spawner.uasset" 3962
"C:/Users/Jacob/Documents/Unreal Projects/ConCat/Content/Construction/Tech/Blueprints/GridSys/PC_BuildPhase.uasset" 3963
"C:/Users/Jacob/Documents/Unreal Projects/ConCat/Content/Construction/Tech/Blueprints/DestructibleGeometry/DestructibleActors/BP_ModH1.uasset" 3964
"C:/Users/Jacob/Documents/Unreal Projects/ConCat/Content/Construction/Tech/Blueprints/Disasters/Hurricane/BP_Test_Hurricane.uasset" 3965
"C:/Users/Jacob/Documents/Unreal Projects/ConCat/Content/Construction/Tech/Blueprints/Disasters/Hurricane/BP_Cow_Test_Hurricane.uasset" 3966
"C:/Users/Jacob/Documents/Unreal Projects/ConCat/Content/Construction/Tech/Blueprints/Disasters/BP_Cow_Test_Hurricane.uasset" 3967
"C:/Users/Jacob/Documents/Unreal Projects/ConCat/Content/Construction/Tech/Blueprints/Characters/BuildPhase-Characters/Build_Custom_Controller.uasset" 3968
"C:/Users/Jacob/Documents/Unreal Projects/ConCat/Content/Construction/Tech/Blueprints/GridSys/GM_TestBuild.uasset" 3969
"C:/Users/Jacob/Documents/Unreal Projects/ConCat/Content/Construction/Tech/Levels/GridSys.umap" 3970
"C:/Users/Jacob/Documents/Unreal Projects/ConCat/Content/Construction/Tech/Levels/DisasterTester.umap" 3971
"C:/Users/Jacob/Documents/Unreal Projects/ConCat/Content/Construction/Tech/Blueprints/Characters/ActionPhase-Characters/ActionCustomController.uasset" 3972
"C:/Users/Jacob/Documents/Unreal Projects/ConCat/Content/Construction/Tech/Blueprints/UI/HUD_Main.uasset" 3973
"C:/Users/Jacob/Documents/Unreal Projects/ConCat/Content/Construction/Tech/Blueprints/Gamemodes/GM_BuildPhase2.uasset" 3974
"C:/Users/Jacob/Documents/Unreal Projects/ConCat/Content/Construction/Tech/Levels/L_Main.umap" 3975
"C:/Users/Jacob/Documents/Unreal Projects/ConCat/Content/Construction/Tech/Levels/Jake-GridSystem.umap" 3976
"C:/Users/Jacob/Documents/Unreal Projects/ConCat/Content/Construction/Tech/Blueprints/UI/W_ActionTimer.uasset" 3977
"C:/Users/Jacob/Documents/Unreal Projects/ConCat/Content/Construction/Tech/Blueprints/Gamemodes/GM_ActionPhase.uasset" 3978
"C:/Users/Jacob/AppData/Local/UnrealEngine/Common/DerivedDataCache/Buckets/LegacyChaosGeometryData/f4/e1/99dcc80b7006607c80ae18df06f56bd42871.udd" 3979
"C:/Users/Jacob/AppData/Local/UnrealEngine/Common/DerivedDataCache/Buckets/LegacyChaosGeometryData/7d/9e/139287aab118e7e348fba271ec2a835b2e8b.udd" 3980
"C:/Users/Jacob/AppData/Local/UnrealEngine/Common/DerivedDataCache/Buckets/LegacyChaosGeometryData/5b/21/4de59b1a628b2d7018b758149e785d22f9cf.udd" 3981
"C:/Users/Jacob/AppData/Local/UnrealEngine/Common/DerivedDataCache/Buckets/LegacyChaosGeometryData/62/8e/79e23a5527a6c89240bd3f4331f65c1a88c1.udd" 3982
"C:/Users/Jacob/AppData/Local/UnrealEngine/Common/DerivedDataCache/Buckets/LegacyChaosGeometryData/43/b8/62d828018e3c16a1b9d433babc128a79fa95.udd" 3983
"C:/Users/Jacob/AppData/Local/UnrealEngine/Common/DerivedDataCache/Buckets/LegacyMATSM/b2/c3/c1eada95ff9bebbc8fed527904c2970cbdb1.udd" 3984
"C:/Users/Jacob/AppData/Local/UnrealEngine/Common/DerivedDataCache/Buckets/LegacyTEXTURE/af/3d/bb0167ae9dd5b0c87c8fd107107f934c8b2a.udd" 3985
"C:/Users/Jacob/AppData/Local/UnrealEngine/Common/DerivedDataCache/Buckets/LegacyTEXTURE/78/63/13c44479a63774a7060e07488758124f9230.udd" 3986
